row,col,R,G,B,R_norm,G_norm,B_norm,brightness
0,0,255,255,255,1.0,1.0,1.0,light
0,1,255,255,255,1.0,1.0,1.0,light
0,2,255,255,255,1.0,1.0,1.0,light
0,3,255,255,255,1.0,1.0,1.0,light
0,4,255,255,255,1.0,1.0,1.0,light
0,5,255,255,255,1.0,1.0,1.0,light
0,6,255,255,255,1.0,1.0,1.0,light
0,7,255,255,255,1.0,1.0,1.0,light
0,8,255,255,255,1.0,1.0,1.0,light
0,9,255,255,255,1.0,1.0,1.0,light
0,10,255,255,255,1.0,1.0,1.0,light
0,11,255,255,255,1.0,1.0,1.0,light
0,12,255,255,255,1.0,1.0,1.0,light
0,13,255,255,255,1.0,1.0,1.0,light
0,14,255,255,255,1.0,1.0,1.0,light
0,15,255,255,255,1.0,1.0,1.0,light
0,16,255,255,255,1.0,1.0,1.0,light
0,17,255,255,255,1.0,1.0,1.0,light
0,18,255,255,255,1.0,1.0,1.0,light
0,19,255,255,255,1.0,1.0,1.0,light
0,20,255,255,255,1.0,1.0,1.0,light
0,21,255,255,255,1.0,1.0,1.0,light
0,22,255,255,255,1.0,1.0,1.0,light
0,23,255,255,255,1.0,1.0,1.0,light
0,24,255,255,255,1.0,1.0,1.0,light
0,25,255,255,255,1.0,1.0,1.0,light
0,26,255,255,255,1.0,1.0,1.0,light
0,27,255,255,255,1.0,1.0,1.0,light
0,28,255,255,255,1.0,1.0,1.0,light
0,29,255,255,255,1.0,1.0,1.0,light
0,30,255,255,255,1.0,1.0,1.0,light
0,31,255,255,255,1.0,1.0,1.0,light
0,32,255,255,255,1.0,1.0,1.0,light
0,33,255,255,255,1.0,1.0,1.0,light
0,34,255,255,255,1.0,1.0,1.0,light
0,35,255,255,255,1.0,1.0,1.0,light
0,36,255,255,255,1.0,1.0,1.0,light
0,37,255,255,255,1.0,1.0,1.0,light
0,38,255,255,255,1.0,1.0,1.0,light
0,39,255,255,255,1.0,1.0,1.0,light
0,40,255,255,255,1.0,1.0,1.0,light
0,41,255,255,255,1.0,1.0,1.0,light
0,42,255,255,255,1.0,1.0,1.0,light
0,43,255,255,255,1.0,1.0,1.0,light
0,44,255,255,255,1.0,1.0,1.0,light
0,45,255,255,255,1.0,1.0,1.0,light
0,46,255,255,255,1.0,1.0,1.0,light
0,47,255,255,255,1.0,1.0,1.0,light
0,48,255,255,255,1.0,1.0,1.0,light
0,49,255,255,255,1.0,1.0,1.0,light
0,50,255,255,255,1.0,1.0,1.0,light
0,51,255,255,255,1.0,1.0,1.0,light
0,52,255,255,255,1.0,1.0,1.0,light
0,53,255,255,255,1.0,1.0,1.0,light
0,54,255,255,255,1.0,1.0,1.0,light
0,55,255,255,255,1.0,1.0,1.0,light
0,56,255,255,255,1.0,1.0,1.0,light
0,57,255,255,255,1.0,1.0,1.0,light
0,58,255,255,255,1.0,1.0,1.0,light
0,59,255,255,255,1.0,1.0,1.0,light
0,60,255,255,255,1.0,1.0,1.0,light
0,61,255,255,255,1.0,1.0,1.0,light
0,62,255,255,255,1.0,1.0,1.0,light
0,63,255,255,255,1.0,1.0,1.0,light
0,64,255,255,255,1.0,1.0,1.0,light
0,65,255,255,255,1.0,1.0,1.0,light
0,66,255,255,255,1.0,1.0,1.0,light
0,67,255,255,255,1.0,1.0,1.0,light
0,68,255,255,255,1.0,1.0,1.0,light
0,69,255,255,255,1.0,1.0,1.0,light
0,70,255,255,255,1.0,1.0,1.0,light
0,71,255,255,255,1.0,1.0,1.0,light
0,72,255,255,255,1.0,1.0,1.0,light
0,73,255,255,255,1.0,1.0,1.0,light
0,74,255,255,255,1.0,1.0,1.0,light
0,75,255,255,255,1.0,1.0,1.0,light
0,76,255,255,255,1.0,1.0,1.0,light
0,77,255,255,255,1.0,1.0,1.0,light
0,78,255,255,255,1.0,1.0,1.0,light
0,79,255,255,255,1.0,1.0,1.0,light
0,80,255,255,255,1.0,1.0,1.0,light
0,81,255,255,255,1.0,1.0,1.0,light
0,82,255,255,255,1.0,1.0,1.0,light
0,83,255,255,255,1.0,1.0,1.0,light
0,84,255,255,255,1.0,1.0,1.0,light
0,85,255,255,255,1.0,1.0,1.0,light
0,86,255,255,255,1.0,1.0,1.0,light
0,87,255,255,255,1.0,1.0,1.0,light
0,88,255,255,255,1.0,1.0,1.0,light
0,89,255,255,255,1.0,1.0,1.0,light
0,90,255,255,255,1.0,1.0,1.0,light
0,91,255,255,255,1.0,1.0,1.0,light
0,92,255,255,255,1.0,1.0,1.0,light
0,93,255,255,255,1.0,1.0,1.0,light
0,94,255,255,255,1.0,1.0,1.0,light
0,95,255,255,255,1.0,1.0,1.0,light
0,96,255,255,255,1.0,1.0,1.0,light
0,97,255,255,255,1.0,1.0,1.0,light
0,98,255,255,255,1.0,1.0,1.0,light
0,99,255,255,255,1.0,1.0,1.0,light
0,100,255,255,255,1.0,1.0,1.0,light
0,101,255,255,255,1.0,1.0,1.0,light
0,102,255,255,255,1.0,1.0,1.0,light
0,103,255,255,255,1.0,1.0,1.0,light
0,104,255,255,255,1.0,1.0,1.0,light
0,105,255,255,255,1.0,1.0,1.0,light
0,106,255,255,255,1.0,1.0,1.0,light
0,107,255,255,255,1.0,1.0,1.0,light
0,108,255,255,255,1.0,1.0,1.0,light
0,109,255,255,255,1.0,1.0,1.0,light
0,110,255,255,255,1.0,1.0,1.0,light
0,111,255,255,255,1.0,1.0,1.0,light
0,112,255,255,255,1.0,1.0,1.0,light
0,113,255,255,255,1.0,1.0,1.0,light
0,114,255,255,255,1.0,1.0,1.0,light
0,115,255,255,255,1.0,1.0,1.0,light
0,116,255,255,255,1.0,1.0,1.0,light
0,117,255,255,255,1.0,1.0,1.0,light
0,118,255,255,255,1.0,1.0,1.0,light
0,119,255,255,255,1.0,1.0,1.0,light
0,120,255,255,255,1.0,1.0,1.0,light
0,121,255,255,255,1.0,1.0,1.0,light
0,122,255,255,255,1.0,1.0,1.0,light
0,123,255,255,255,1.0,1.0,1.0,light
0,124,255,255,255,1.0,1.0,1.0,light
0,125,255,255,255,1.0,1.0,1.0,light
0,126,255,255,255,1.0,1.0,1.0,light
0,127,255,255,255,1.0,1.0,1.0,light
1,0,255,255,255,1.0,1.0,1.0,light
1,1,255,255,255,1.0,1.0,1.0,light
1,2,255,255,255,1.0,1.0,1.0,light
1,3,255,255,255,1.0,1.0,1.0,light
1,4,255,255,255,1.0,1.0,1.0,light
1,5,255,255,255,1.0,1.0,1.0,light
1,6,255,255,255,1.0,1.0,1.0,light
1,7,255,255,255,1.0,1.0,1.0,light
1,8,255,255,255,1.0,1.0,1.0,light
1,9,255,255,255,1.0,1.0,1.0,light
1,10,255,255,255,1.0,1.0,1.0,light
1,11,255,255,255,1.0,1.0,1.0,light
1,12,255,255,255,1.0,1.0,1.0,light
1,13,255,255,255,1.0,1.0,1.0,light
1,14,255,255,255,1.0,1.0,1.0,light
1,15,255,255,255,1.0,1.0,1.0,light
1,16,255,255,255,1.0,1.0,1.0,light
1,17,255,255,255,1.0,1.0,1.0,light
1,18,255,255,255,1.0,1.0,1.0,light
1,19,255,255,255,1.0,1.0,1.0,light
1,20,255,255,255,1.0,1.0,1.0,light
1,21,255,255,255,1.0,1.0,1.0,light
1,22,255,255,255,1.0,1.0,1.0,light
1,23,255,255,255,1.0,1.0,1.0,light
1,24,255,255,255,1.0,1.0,1.0,light
1,25,255,255,255,1.0,1.0,1.0,light
1,26,255,255,255,1.0,1.0,1.0,light
1,27,255,255,255,1.0,1.0,1.0,light
1,28,255,255,255,1.0,1.0,1.0,light
1,29,255,255,255,1.0,1.0,1.0,light
1,30,255,255,255,1.0,1.0,1.0,light
1,31,255,255,255,1.0,1.0,1.0,light
1,32,255,255,255,1.0,1.0,1.0,light
1,33,255,255,255,1.0,1.0,1.0,light
1,34,255,255,255,1.0,1.0,1.0,light
1,35,255,255,255,1.0,1.0,1.0,light
1,36,255,255,255,1.0,1.0,1.0,light
1,37,255,255,255,1.0,1.0,1.0,light
1,38,255,255,255,1.0,1.0,1.0,light
1,39,255,255,255,1.0,1.0,1.0,light
1,40,255,255,255,1.0,1.0,1.0,light
1,41,255,255,255,1.0,1.0,1.0,light
1,42,255,255,255,1.0,1.0,1.0,light
1,43,255,255,255,1.0,1.0,1.0,light
1,44,255,255,255,1.0,1.0,1.0,light
1,45,255,255,255,1.0,1.0,1.0,light
1,46,255,255,255,1.0,1.0,1.0,light
1,47,255,255,255,1.0,1.0,1.0,light
1,48,255,255,255,1.0,1.0,1.0,light
1,49,255,255,255,1.0,1.0,1.0,light
1,50,255,255,255,1.0,1.0,1.0,light
1,51,255,255,255,1.0,1.0,1.0,light
1,52,255,255,255,1.0,1.0,1.0,light
1,53,255,255,255,1.0,1.0,1.0,light
1,54,255,255,255,1.0,1.0,1.0,light
1,55,255,255,255,1.0,1.0,1.0,light
1,56,255,255,255,1.0,1.0,1.0,light
1,57,255,255,255,1.0,1.0,1.0,light
1,58,255,255,255,1.0,1.0,1.0,light
1,59,255,255,255,1.0,1.0,1.0,light
1,60,255,255,255,1.0,1.0,1.0,light
1,61,255,255,255,1.0,1.0,1.0,light
1,62,255,255,255,1.0,1.0,1.0,light
1,63,255,255,255,1.0,1.0,1.0,light
1,64,255,255,255,1.0,1.0,1.0,light
1,65,255,255,255,1.0,1.0,1.0,light
1,66,255,255,255,1.0,1.0,1.0,light
1,67,255,255,255,1.0,1.0,1.0,light
1,68,255,255,255,1.0,1.0,1.0,light
1,69,255,255,255,1.0,1.0,1.0,light
1,70,255,255,255,1.0,1.0,1.0,light
1,71,255,255,255,1.0,1.0,1.0,light
1,72,255,255,255,1.0,1.0,1.0,light
1,73,255,255,255,1.0,1.0,1.0,light
1,74,255,255,255,1.0,1.0,1.0,light
1,75,255,255,255,1.0,1.0,1.0,light
1,76,255,255,255,1.0,1.0,1.0,light
1,77,255,255,255,1.0,1.0,1.0,light
1,78,255,255,255,1.0,1.0,1.0,light
1,79,255,255,255,1.0,1.0,1.0,light
1,80,255,255,255,1.0,1.0,1.0,light
1,81,255,255,255,1.0,1.0,1.0,light
1,82,255,255,255,1.0,1.0,1.0,light
1,83,255,255,255,1.0,1.0,1.0,light
1,84,255,255,255,1.0,1.0,1.0,light
1,85,255,255,255,1.0,1.0,1.0,light
1,86,255,255,255,1.0,1.0,1.0,light
1,87,255,255,255,1.0,1.0,1.0,light
1,88,255,255,255,1.0,1.0,1.0,light
1,89,255,255,255,1.0,1.0,1.0,light
1,90,255,255,255,1.0,1.0,1.0,light
1,91,255,255,255,1.0,1.0,1.0,light
1,92,255,255,255,1.0,1.0,1.0,light
1,93,255,255,255,1.0,1.0,1.0,light
1,94,255,255,255,1.0,1.0,1.0,light
1,95,255,255,255,1.0,1.0,1.0,light
1,96,255,255,255,1.0,1.0,1.0,light
1,97,255,255,255,1.0,1.0,1.0,light
1,98,255,255,255,1.0,1.0,1.0,light
1,99,255,255,255,1.0,1.0,1.0,light
1,100,255,255,255,1.0,1.0,1.0,light
1,101,255,255,255,1.0,1.0,1.0,light
1,102,255,255,255,1.0,1.0,1.0,light
1,103,255,255,255,1.0,1.0,1.0,light
1,104,255,255,255,1.0,1.0,1.0,light
1,105,255,255,255,1.0,1.0,1.0,light
1,106,255,255,255,1.0,1.0,1.0,light
1,107,255,255,255,1.0,1.0,1.0,light
1,108,255,255,255,1.0,1.0,1.0,light
1,109,255,255,255,1.0,1.0,1.0,light
1,110,255,255,255,1.0,1.0,1.0,light
1,111,255,255,255,1.0,1.0,1.0,light
1,112,255,255,255,1.0,1.0,1.0,light
1,113,255,255,255,1.0,1.0,1.0,light
1,114,255,255,255,1.0,1.0,1.0,light
1,115,255,255,255,1.0,1.0,1.0,light
1,116,255,255,255,1.0,1.0,1.0,light
1,117,255,255,255,1.0,1.0,1.0,light
1,118,255,255,255,1.0,1.0,1.0,light
1,119,255,255,255,1.0,1.0,1.0,light
1,120,255,255,255,1.0,1.0,1.0,light
1,121,255,255,255,1.0,1.0,1.0,light
1,122,255,255,255,1.0,1.0,1.0,light
1,123,255,255,255,1.0,1.0,1.0,light
1,124,255,255,255,1.0,1.0,1.0,light
1,125,255,255,255,1.0,1.0,1.0,light
1,126,255,255,255,1.0,1.0,1.0,light
1,127,255,255,255,1.0,1.0,1.0,light
2,0,255,255,255,1.0,1.0,1.0,light
2,1,255,255,255,1.0,1.0,1.0,light
2,2,255,255,255,1.0,1.0,1.0,light
2,3,255,255,255,1.0,1.0,1.0,light
2,4,255,255,255,1.0,1.0,1.0,light
2,5,255,255,255,1.0,1.0,1.0,light
2,6,255,255,255,1.0,1.0,1.0,light
2,7,255,255,255,1.0,1.0,1.0,light
2,8,255,255,255,1.0,1.0,1.0,light
2,9,255,255,255,1.0,1.0,1.0,light
2,10,255,255,255,1.0,1.0,1.0,light
2,11,255,255,255,1.0,1.0,1.0,light
2,12,255,255,255,1.0,1.0,1.0,light
2,13,255,255,255,1.0,1.0,1.0,light
2,14,255,255,255,1.0,1.0,1.0,light
2,15,255,255,255,1.0,1.0,1.0,light
2,16,255,255,255,1.0,1.0,1.0,light
2,17,255,255,255,1.0,1.0,1.0,light
2,18,255,255,255,1.0,1.0,1.0,light
2,19,255,255,255,1.0,1.0,1.0,light
2,20,255,255,255,1.0,1.0,1.0,light
2,21,255,255,255,1.0,1.0,1.0,light
2,22,255,255,255,1.0,1.0,1.0,light
2,23,255,255,255,1.0,1.0,1.0,light
2,24,255,255,255,1.0,1.0,1.0,light
2,25,255,255,255,1.0,1.0,1.0,light
2,26,255,255,255,1.0,1.0,1.0,light
2,27,255,255,255,1.0,1.0,1.0,light
2,28,255,255,255,1.0,1.0,1.0,light
2,29,255,255,255,1.0,1.0,1.0,light
2,30,255,255,255,1.0,1.0,1.0,light
2,31,255,255,255,1.0,1.0,1.0,light
2,32,255,255,255,1.0,1.0,1.0,light
2,33,255,255,255,1.0,1.0,1.0,light
2,34,255,255,255,1.0,1.0,1.0,light
2,35,255,255,255,1.0,1.0,1.0,light
2,36,255,255,255,1.0,1.0,1.0,light
2,37,255,255,255,1.0,1.0,1.0,light
2,38,255,255,255,1.0,1.0,1.0,light
2,39,255,255,255,1.0,1.0,1.0,light
2,40,255,255,255,1.0,1.0,1.0,light
2,41,255,255,255,1.0,1.0,1.0,light
2,42,255,255,255,1.0,1.0,1.0,light
2,43,255,255,255,1.0,1.0,1.0,light
2,44,255,255,255,1.0,1.0,1.0,light
2,45,255,255,255,1.0,1.0,1.0,light
2,46,255,255,255,1.0,1.0,1.0,light
2,47,255,255,255,1.0,1.0,1.0,light
2,48,255,255,255,1.0,1.0,1.0,light
2,49,255,255,255,1.0,1.0,1.0,light
2,50,255,255,255,1.0,1.0,1.0,light
2,51,255,255,255,1.0,1.0,1.0,light
2,52,255,255,255,1.0,1.0,1.0,light
2,53,255,255,255,1.0,1.0,1.0,light
2,54,255,255,255,1.0,1.0,1.0,light
2,55,255,255,255,1.0,1.0,1.0,light
2,56,255,255,255,1.0,1.0,1.0,light
2,57,255,255,255,1.0,1.0,1.0,light
2,58,255,255,255,1.0,1.0,1.0,light
2,59,255,255,255,1.0,1.0,1.0,light
2,60,255,255,255,1.0,1.0,1.0,light
2,61,255,255,255,1.0,1.0,1.0,light
2,62,255,255,255,1.0,1.0,1.0,light
2,63,255,255,255,1.0,1.0,1.0,light
2,64,255,255,255,1.0,1.0,1.0,light
2,65,255,255,255,1.0,1.0,1.0,light
2,66,255,255,255,1.0,1.0,1.0,light
2,67,255,255,255,1.0,1.0,1.0,light
2,68,255,255,255,1.0,1.0,1.0,light
2,69,255,255,255,1.0,1.0,1.0,light
2,70,255,255,255,1.0,1.0,1.0,light
2,71,255,255,255,1.0,1.0,1.0,light
2,72,255,255,255,1.0,1.0,1.0,light
2,73,255,255,255,1.0,1.0,1.0,light
2,74,255,255,255,1.0,1.0,1.0,light
2,75,255,255,255,1.0,1.0,1.0,light
2,76,255,255,255,1.0,1.0,1.0,light
2,77,255,255,255,1.0,1.0,1.0,light
2,78,255,255,255,1.0,1.0,1.0,light
2,79,255,255,255,1.0,1.0,1.0,light
2,80,255,255,255,1.0,1.0,1.0,light
2,81,255,255,255,1.0,1.0,1.0,light
2,82,255,255,255,1.0,1.0,1.0,light
2,83,255,255,255,1.0,1.0,1.0,light
2,84,255,255,255,1.0,1.0,1.0,light
2,85,255,255,255,1.0,1.0,1.0,light
2,86,255,255,255,1.0,1.0,1.0,light
2,87,255,255,255,1.0,1.0,1.0,light
2,88,255,255,255,1.0,1.0,1.0,light
2,89,255,255,255,1.0,1.0,1.0,light
2,90,255,255,255,1.0,1.0,1.0,light
2,91,255,255,255,1.0,1.0,1.0,light
2,92,255,255,255,1.0,1.0,1.0,light
2,93,255,255,255,1.0,1.0,1.0,light
2,94,255,255,255,1.0,1.0,1.0,light
2,95,255,255,255,1.0,1.0,1.0,light
2,96,255,255,255,1.0,1.0,1.0,light
2,97,255,255,255,1.0,1.0,1.0,light
2,98,255,255,255,1.0,1.0,1.0,light
2,99,255,255,255,1.0,1.0,1.0,light
2,100,255,255,255,1.0,1.0,1.0,light
2,101,255,255,255,1.0,1.0,1.0,light
2,102,255,255,255,1.0,1.0,1.0,light
2,103,255,255,255,1.0,1.0,1.0,light
2,104,255,255,255,1.0,1.0,1.0,light
2,105,255,255,255,1.0,1.0,1.0,light
2,106,255,255,255,1.0,1.0,1.0,light
2,107,255,255,255,1.0,1.0,1.0,light
2,108,255,255,255,1.0,1.0,1.0,light
2,109,255,255,255,1.0,1.0,1.0,light
2,110,255,255,255,1.0,1.0,1.0,light
2,111,255,255,255,1.0,1.0,1.0,light
2,112,255,255,255,1.0,1.0,1.0,light
2,113,255,255,255,1.0,1.0,1.0,light
2,114,255,255,255,1.0,1.0,1.0,light
2,115,255,255,255,1.0,1.0,1.0,light
2,116,255,255,255,1.0,1.0,1.0,light
2,117,255,255,255,1.0,1.0,1.0,light
2,118,255,255,255,1.0,1.0,1.0,light
2,119,255,255,255,1.0,1.0,1.0,light
2,120,255,255,255,1.0,1.0,1.0,light
2,121,255,255,255,1.0,1.0,1.0,light
2,122,255,255,255,1.0,1.0,1.0,light
2,123,255,255,255,1.0,1.0,1.0,light
2,124,255,255,255,1.0,1.0,1.0,light
2,125,255,255,255,1.0,1.0,1.0,light
2,126,255,255,255,1.0,1.0,1.0,light
2,127,255,255,255,1.0,1.0,1.0,light
3,0,255,255,255,1.0,1.0,1.0,light
3,1,255,255,255,1.0,1.0,1.0,light
3,2,255,255,255,1.0,1.0,1.0,light
3,3,255,255,255,1.0,1.0,1.0,light
3,4,255,255,255,1.0,1.0,1.0,light
3,5,255,255,255,1.0,1.0,1.0,light
3,6,255,255,255,1.0,1.0,1.0,light
3,7,255,255,255,1.0,1.0,1.0,light
3,8,255,255,255,1.0,1.0,1.0,light
3,9,255,255,255,1.0,1.0,1.0,light
3,10,255,255,255,1.0,1.0,1.0,light
3,11,255,255,255,1.0,1.0,1.0,light
3,12,255,255,255,1.0,1.0,1.0,light
3,13,255,255,255,1.0,1.0,1.0,light
3,14,255,255,255,1.0,1.0,1.0,light
3,15,255,255,255,1.0,1.0,1.0,light
3,16,255,255,255,1.0,1.0,1.0,light
3,17,255,255,255,1.0,1.0,1.0,light
3,18,255,255,255,1.0,1.0,1.0,light
3,19,255,255,255,1.0,1.0,1.0,light
3,20,255,255,255,1.0,1.0,1.0,light
3,21,255,255,255,1.0,1.0,1.0,light
3,22,255,255,255,1.0,1.0,1.0,light
3,23,255,255,255,1.0,1.0,1.0,light
3,24,255,255,255,1.0,1.0,1.0,light
3,25,255,255,255,1.0,1.0,1.0,light
3,26,255,255,255,1.0,1.0,1.0,light
3,27,255,255,255,1.0,1.0,1.0,light
3,28,255,255,255,1.0,1.0,1.0,light
3,29,255,255,255,1.0,1.0,1.0,light
3,30,255,255,255,1.0,1.0,1.0,light
3,31,255,255,255,1.0,1.0,1.0,light
3,32,255,255,255,1.0,1.0,1.0,light
3,33,255,255,255,1.0,1.0,1.0,light
3,34,255,255,255,1.0,1.0,1.0,light
3,35,255,255,255,1.0,1.0,1.0,light
3,36,255,255,255,1.0,1.0,1.0,light
3,37,255,255,255,1.0,1.0,1.0,light
3,38,255,255,255,1.0,1.0,1.0,light
3,39,255,255,255,1.0,1.0,1.0,light
3,40,255,255,255,1.0,1.0,1.0,light
3,41,255,255,255,1.0,1.0,1.0,light
3,42,255,255,255,1.0,1.0,1.0,light
3,43,255,255,255,1.0,1.0,1.0,light
3,44,255,255,255,1.0,1.0,1.0,light
3,45,255,255,255,1.0,1.0,1.0,light
3,46,255,255,255,1.0,1.0,1.0,light
3,47,255,255,255,1.0,1.0,1.0,light
3,48,255,255,255,1.0,1.0,1.0,light
3,49,255,255,255,1.0,1.0,1.0,light
3,50,255,255,255,1.0,1.0,1.0,light
3,51,255,255,255,1.0,1.0,1.0,light
3,52,255,255,255,1.0,1.0,1.0,light
3,53,255,255,255,1.0,1.0,1.0,light
3,54,255,255,255,1.0,1.0,1.0,light
3,55,255,255,255,1.0,1.0,1.0,light
3,56,255,255,255,1.0,1.0,1.0,light
3,57,255,255,255,1.0,1.0,1.0,light
3,58,255,255,255,1.0,1.0,1.0,light
3,59,255,255,255,1.0,1.0,1.0,light
3,60,255,255,255,1.0,1.0,1.0,light
3,61,255,255,255,1.0,1.0,1.0,light
3,62,255,255,255,1.0,1.0,1.0,light
3,63,255,255,255,1.0,1.0,1.0,light
3,64,255,255,255,1.0,1.0,1.0,light
3,65,255,255,255,1.0,1.0,1.0,light
3,66,255,255,255,1.0,1.0,1.0,light
3,67,255,255,255,1.0,1.0,1.0,light
3,68,255,255,255,1.0,1.0,1.0,light
3,69,255,255,255,1.0,1.0,1.0,light
3,70,255,255,255,1.0,1.0,1.0,light
3,71,255,255,255,1.0,1.0,1.0,light
3,72,255,255,255,1.0,1.0,1.0,light
3,73,255,255,255,1.0,1.0,1.0,light
3,74,255,255,255,1.0,1.0,1.0,light
3,75,255,255,255,1.0,1.0,1.0,light
3,76,255,255,255,1.0,1.0,1.0,light
3,77,255,255,255,1.0,1.0,1.0,light
3,78,255,255,255,1.0,1.0,1.0,light
3,79,255,255,255,1.0,1.0,1.0,light
3,80,255,255,255,1.0,1.0,1.0,light
3,81,255,255,255,1.0,1.0,1.0,light
3,82,255,255,255,1.0,1.0,1.0,light
3,83,255,255,255,1.0,1.0,1.0,light
3,84,255,255,255,1.0,1.0,1.0,light
3,85,255,255,255,1.0,1.0,1.0,light
3,86,255,255,255,1.0,1.0,1.0,light
3,87,255,255,255,1.0,1.0,1.0,light
3,88,255,255,255,1.0,1.0,1.0,light
3,89,255,255,255,1.0,1.0,1.0,light
3,90,255,255,255,1.0,1.0,1.0,light
3,91,255,255,255,1.0,1.0,1.0,light
3,92,255,255,255,1.0,1.0,1.0,light
3,93,255,255,255,1.0,1.0,1.0,light
3,94,255,255,255,1.0,1.0,1.0,light
3,95,255,255,255,1.0,1.0,1.0,light
3,96,255,255,255,1.0,1.0,1.0,light
3,97,255,255,255,1.0,1.0,1.0,light
3,98,255,255,255,1.0,1.0,1.0,light
3,99,255,255,255,1.0,1.0,1.0,light
3,100,255,255,255,1.0,1.0,1.0,light
3,101,255,255,255,1.0,1.0,1.0,light
3,102,255,255,255,1.0,1.0,1.0,light
3,103,255,255,255,1.0,1.0,1.0,light
3,104,255,255,255,1.0,1.0,1.0,light
3,105,255,255,255,1.0,1.0,1.0,light
3,106,255,255,255,1.0,1.0,1.0,light
3,107,255,255,255,1.0,1.0,1.0,light
3,108,255,255,255,1.0,1.0,1.0,light
3,109,255,255,255,1.0,1.0,1.0,light
3,110,255,255,255,1.0,1.0,1.0,light
3,111,255,255,255,1.0,1.0,1.0,light
3,112,255,255,255,1.0,1.0,1.0,light
3,113,255,255,255,1.0,1.0,1.0,light
3,114,255,255,255,1.0,1.0,1.0,light
3,115,255,255,255,1.0,1.0,1.0,light
3,116,255,255,255,1.0,1.0,1.0,light
3,117,255,255,255,1.0,1.0,1.0,light
3,118,255,255,255,1.0,1.0,1.0,light
3,119,255,255,255,1.0,1.0,1.0,light
3,120,255,255,255,1.0,1.0,1.0,light
3,121,255,255,255,1.0,1.0,1.0,light
3,122,255,255,255,1.0,1.0,1.0,light
3,123,255,255,255,1.0,1.0,1.0,light
3,124,255,255,255,1.0,1.0,1.0,light
3,125,255,255,255,1.0,1.0,1.0,light
3,126,255,255,255,1.0,1.0,1.0,light
3,127,255,255,255,1.0,1.0,1.0,light
4,0,255,255,255,1.0,1.0,1.0,light
4,1,255,255,255,1.0,1.0,1.0,light
4,2,255,255,255,1.0,1.0,1.0,light
4,3,255,255,255,1.0,1.0,1.0,light
4,4,255,255,255,1.0,1.0,1.0,light
4,5,255,255,255,1.0,1.0,1.0,light
4,6,255,255,255,1.0,1.0,1.0,light
4,7,255,255,255,1.0,1.0,1.0,light
4,8,255,255,255,1.0,1.0,1.0,light
4,9,255,255,255,1.0,1.0,1.0,light
4,10,255,255,255,1.0,1.0,1.0,light
4,11,255,255,255,1.0,1.0,1.0,light
4,12,255,255,255,1.0,1.0,1.0,light
4,13,255,255,255,1.0,1.0,1.0,light
4,14,255,255,255,1.0,1.0,1.0,light
4,15,255,255,255,1.0,1.0,1.0,light
4,16,255,255,255,1.0,1.0,1.0,light
4,17,255,255,255,1.0,1.0,1.0,light
4,18,255,255,255,1.0,1.0,1.0,light
4,19,255,255,255,1.0,1.0,1.0,light
4,20,255,255,255,1.0,1.0,1.0,light
4,21,255,255,255,1.0,1.0,1.0,light
4,22,255,255,255,1.0,1.0,1.0,light
4,23,255,255,255,1.0,1.0,1.0,light
4,24,255,255,255,1.0,1.0,1.0,light
4,25,255,255,255,1.0,1.0,1.0,light
4,26,255,255,255,1.0,1.0,1.0,light
4,27,255,255,255,1.0,1.0,1.0,light
4,28,255,255,255,1.0,1.0,1.0,light
4,29,255,255,255,1.0,1.0,1.0,light
4,30,255,255,255,1.0,1.0,1.0,light
4,31,255,255,255,1.0,1.0,1.0,light
4,32,255,255,255,1.0,1.0,1.0,light
4,33,255,255,255,1.0,1.0,1.0,light
4,34,255,255,255,1.0,1.0,1.0,light
4,35,255,255,255,1.0,1.0,1.0,light
4,36,255,255,255,1.0,1.0,1.0,light
4,37,255,255,255,1.0,1.0,1.0,light
4,38,255,255,255,1.0,1.0,1.0,light
4,39,255,255,255,1.0,1.0,1.0,light
4,40,255,255,255,1.0,1.0,1.0,light
4,41,255,255,255,1.0,1.0,1.0,light
4,42,255,255,255,1.0,1.0,1.0,light
4,43,255,255,255,1.0,1.0,1.0,light
4,44,255,255,255,1.0,1.0,1.0,light
4,45,255,255,255,1.0,1.0,1.0,light
4,46,255,255,255,1.0,1.0,1.0,light
4,47,255,255,255,1.0,1.0,1.0,light
4,48,255,255,255,1.0,1.0,1.0,light
4,49,255,255,255,1.0,1.0,1.0,light
4,50,255,255,255,1.0,1.0,1.0,light
4,51,255,255,255,1.0,1.0,1.0,light
4,52,255,255,255,1.0,1.0,1.0,light
4,53,255,255,255,1.0,1.0,1.0,light
4,54,255,255,255,1.0,1.0,1.0,light
4,55,255,255,255,1.0,1.0,1.0,light
4,56,255,255,255,1.0,1.0,1.0,light
4,57,255,255,255,1.0,1.0,1.0,light
4,58,255,255,255,1.0,1.0,1.0,light
4,59,255,255,255,1.0,1.0,1.0,light
4,60,255,255,255,1.0,1.0,1.0,light
4,61,255,255,255,1.0,1.0,1.0,light
4,62,255,255,255,1.0,1.0,1.0,light
4,63,255,255,255,1.0,1.0,1.0,light
4,64,255,255,255,1.0,1.0,1.0,light
4,65,255,255,255,1.0,1.0,1.0,light
4,66,255,255,255,1.0,1.0,1.0,light
4,67,255,255,255,1.0,1.0,1.0,light
4,68,255,255,255,1.0,1.0,1.0,light
4,69,255,255,255,1.0,1.0,1.0,light
4,70,255,255,255,1.0,1.0,1.0,light
4,71,255,255,255,1.0,1.0,1.0,light
4,72,255,255,255,1.0,1.0,1.0,light
4,73,255,255,255,1.0,1.0,1.0,light
4,74,255,255,255,1.0,1.0,1.0,light
4,75,255,255,255,1.0,1.0,1.0,light
4,76,255,255,255,1.0,1.0,1.0,light
4,77,255,255,255,1.0,1.0,1.0,light
4,78,255,255,255,1.0,1.0,1.0,light
4,79,255,255,255,1.0,1.0,1.0,light
4,80,255,255,255,1.0,1.0,1.0,light
4,81,255,255,255,1.0,1.0,1.0,light
4,82,255,255,255,1.0,1.0,1.0,light
4,83,255,255,255,1.0,1.0,1.0,light
4,84,255,255,255,1.0,1.0,1.0,light
4,85,255,255,255,1.0,1.0,1.0,light
4,86,255,255,255,1.0,1.0,1.0,light
4,87,255,255,255,1.0,1.0,1.0,light
4,88,255,255,255,1.0,1.0,1.0,light
4,89,255,255,255,1.0,1.0,1.0,light
4,90,255,255,255,1.0,1.0,1.0,light
4,91,255,255,255,1.0,1.0,1.0,light
4,92,255,255,255,1.0,1.0,1.0,light
4,93,255,255,255,1.0,1.0,1.0,light
4,94,255,255,255,1.0,1.0,1.0,light
4,95,255,255,255,1.0,1.0,1.0,light
4,96,255,255,255,1.0,1.0,1.0,light
4,97,255,255,255,1.0,1.0,1.0,light
4,98,255,255,255,1.0,1.0,1.0,light
4,99,255,255,255,1.0,1.0,1.0,light
4,100,255,255,255,1.0,1.0,1.0,light
4,101,255,255,255,1.0,1.0,1.0,light
4,102,255,255,255,1.0,1.0,1.0,light
4,103,255,255,255,1.0,1.0,1.0,light
4,104,255,255,255,1.0,1.0,1.0,light
4,105,255,255,255,1.0,1.0,1.0,light
4,106,255,255,255,1.0,1.0,1.0,light
4,107,255,255,255,1.0,1.0,1.0,light
4,108,255,255,255,1.0,1.0,1.0,light
4,109,255,255,255,1.0,1.0,1.0,light
4,110,255,255,255,1.0,1.0,1.0,light
4,111,255,255,255,1.0,1.0,1.0,light
4,112,255,255,255,1.0,1.0,1.0,light
4,113,255,255,255,1.0,1.0,1.0,light
4,114,255,255,255,1.0,1.0,1.0,light
4,115,255,255,255,1.0,1.0,1.0,light
4,116,255,255,255,1.0,1.0,1.0,light
4,117,255,255,255,1.0,1.0,1.0,light
4,118,255,255,255,1.0,1.0,1.0,light
4,119,255,255,255,1.0,1.0,1.0,light
4,120,255,255,255,1.0,1.0,1.0,light
4,121,255,255,255,1.0,1.0,1.0,light
4,122,255,255,255,1.0,1.0,1.0,light
4,123,255,255,255,1.0,1.0,1.0,light
4,124,255,255,255,1.0,1.0,1.0,light
4,125,255,255,255,1.0,1.0,1.0,light
4,126,255,255,255,1.0,1.0,1.0,light
4,127,255,255,255,1.0,1.0,1.0,light
5,0,255,255,255,1.0,1.0,1.0,light
5,1,255,255,255,1.0,1.0,1.0,light
5,2,255,255,255,1.0,1.0,1.0,light
5,3,255,255,255,1.0,1.0,1.0,light
5,4,255,255,255,1.0,1.0,1.0,light
5,5,255,255,255,1.0,1.0,1.0,light
5,6,255,255,255,1.0,1.0,1.0,light
5,7,255,255,255,1.0,1.0,1.0,light
5,8,255,255,255,1.0,1.0,1.0,light
5,9,255,255,255,1.0,1.0,1.0,light
5,10,255,255,255,1.0,1.0,1.0,light
5,11,255,255,255,1.0,1.0,1.0,light
5,12,255,255,255,1.0,1.0,1.0,light
5,13,255,255,255,1.0,1.0,1.0,light
5,14,255,255,255,1.0,1.0,1.0,light
5,15,255,255,255,1.0,1.0,1.0,light
5,16,255,255,255,1.0,1.0,1.0,light
5,17,255,255,255,1.0,1.0,1.0,light
5,18,255,255,255,1.0,1.0,1.0,light
5,19,255,255,255,1.0,1.0,1.0,light
5,20,255,255,255,1.0,1.0,1.0,light
5,21,255,255,255,1.0,1.0,1.0,light
5,22,255,255,255,1.0,1.0,1.0,light
5,23,255,255,255,1.0,1.0,1.0,light
5,24,255,255,255,1.0,1.0,1.0,light
5,25,255,255,255,1.0,1.0,1.0,light
5,26,255,255,255,1.0,1.0,1.0,light
5,27,255,255,255,1.0,1.0,1.0,light
5,28,255,255,255,1.0,1.0,1.0,light
5,29,255,255,255,1.0,1.0,1.0,light
5,30,255,255,255,1.0,1.0,1.0,light
5,31,255,255,255,1.0,1.0,1.0,light
5,32,255,255,255,1.0,1.0,1.0,light
5,33,255,255,255,1.0,1.0,1.0,light
5,34,255,255,255,1.0,1.0,1.0,light
5,35,255,255,255,1.0,1.0,1.0,light
5,36,255,255,255,1.0,1.0,1.0,light
5,37,255,255,255,1.0,1.0,1.0,light
5,38,255,255,255,1.0,1.0,1.0,light
5,39,255,255,255,1.0,1.0,1.0,light
5,40,255,255,255,1.0,1.0,1.0,light
5,41,255,255,255,1.0,1.0,1.0,light
5,42,255,255,255,1.0,1.0,1.0,light
5,43,255,255,255,1.0,1.0,1.0,light
5,44,255,255,255,1.0,1.0,1.0,light
5,45,255,255,255,1.0,1.0,1.0,light
5,46,255,255,255,1.0,1.0,1.0,light
5,47,255,255,255,1.0,1.0,1.0,light
5,48,255,255,255,1.0,1.0,1.0,light
5,49,255,255,255,1.0,1.0,1.0,light
5,50,255,255,255,1.0,1.0,1.0,light
5,51,255,255,255,1.0,1.0,1.0,light
5,52,255,255,255,1.0,1.0,1.0,light
5,53,255,255,255,1.0,1.0,1.0,light
5,54,255,255,255,1.0,1.0,1.0,light
5,55,255,255,255,1.0,1.0,1.0,light
5,56,255,255,255,1.0,1.0,1.0,light
5,57,255,255,255,1.0,1.0,1.0,light
5,58,255,255,255,1.0,1.0,1.0,light
5,59,255,255,255,1.0,1.0,1.0,light
5,60,255,255,255,1.0,1.0,1.0,light
5,61,255,255,255,1.0,1.0,1.0,light
5,62,255,255,255,1.0,1.0,1.0,light
5,63,255,255,255,1.0,1.0,1.0,light
5,64,255,255,255,1.0,1.0,1.0,light
5,65,255,255,255,1.0,1.0,1.0,light
5,66,255,255,255,1.0,1.0,1.0,light
5,67,255,255,255,1.0,1.0,1.0,light
5,68,255,255,255,1.0,1.0,1.0,light
5,69,255,255,255,1.0,1.0,1.0,light
5,70,255,255,255,1.0,1.0,1.0,light
5,71,255,255,255,1.0,1.0,1.0,light
5,72,255,255,255,1.0,1.0,1.0,light
5,73,255,255,255,1.0,1.0,1.0,light
5,74,255,255,255,1.0,1.0,1.0,light
5,75,255,255,255,1.0,1.0,1.0,light
5,76,255,255,255,1.0,1.0,1.0,light
5,77,255,255,255,1.0,1.0,1.0,light
5,78,255,255,255,1.0,1.0,1.0,light
5,79,255,255,255,1.0,1.0,1.0,light
5,80,255,255,255,1.0,1.0,1.0,light
5,81,255,255,255,1.0,1.0,1.0,light
5,82,255,255,255,1.0,1.0,1.0,light
5,83,255,255,255,1.0,1.0,1.0,light
5,84,255,255,255,1.0,1.0,1.0,light
5,85,255,255,255,1.0,1.0,1.0,light
5,86,255,255,255,1.0,1.0,1.0,light
5,87,255,255,255,1.0,1.0,1.0,light
5,88,255,255,255,1.0,1.0,1.0,light
5,89,255,255,255,1.0,1.0,1.0,light
5,90,255,255,255,1.0,1.0,1.0,light
5,91,255,255,255,1.0,1.0,1.0,light
5,92,255,255,255,1.0,1.0,1.0,light
5,93,255,255,255,1.0,1.0,1.0,light
5,94,255,255,255,1.0,1.0,1.0,light
5,95,255,255,255,1.0,1.0,1.0,light
5,96,255,255,255,1.0,1.0,1.0,light
5,97,255,255,255,1.0,1.0,1.0,light
5,98,255,255,255,1.0,1.0,1.0,light
5,99,255,255,255,1.0,1.0,1.0,light
5,100,255,255,255,1.0,1.0,1.0,light
5,101,255,255,255,1.0,1.0,1.0,light
5,102,255,255,255,1.0,1.0,1.0,light
5,103,255,255,255,1.0,1.0,1.0,light
5,104,255,255,255,1.0,1.0,1.0,light
5,105,255,255,255,1.0,1.0,1.0,light
5,106,255,255,255,1.0,1.0,1.0,light
5,107,255,255,255,1.0,1.0,1.0,light
5,108,255,255,255,1.0,1.0,1.0,light
5,109,255,255,255,1.0,1.0,1.0,light
5,110,255,255,255,1.0,1.0,1.0,light
5,111,255,255,255,1.0,1.0,1.0,light
5,112,255,255,255,1.0,1.0,1.0,light
5,113,255,255,255,1.0,1.0,1.0,light
5,114,255,255,255,1.0,1.0,1.0,light
5,115,255,255,255,1.0,1.0,1.0,light
5,116,255,255,255,1.0,1.0,1.0,light
5,117,255,255,255,1.0,1.0,1.0,light
5,118,255,255,255,1.0,1.0,1.0,light
5,119,255,255,255,1.0,1.0,1.0,light
5,120,255,255,255,1.0,1.0,1.0,light
5,121,255,255,255,1.0,1.0,1.0,light
5,122,255,255,255,1.0,1.0,1.0,light
5,123,255,255,255,1.0,1.0,1.0,light
5,124,255,255,255,1.0,1.0,1.0,light
5,125,255,255,255,1.0,1.0,1.0,light
5,126,255,255,255,1.0,1.0,1.0,light
5,127,255,255,255,1.0,1.0,1.0,light
6,0,255,255,255,1.0,1.0,1.0,light
6,1,255,255,255,1.0,1.0,1.0,light
6,2,255,255,255,1.0,1.0,1.0,light
6,3,255,255,255,1.0,1.0,1.0,light
6,4,255,255,255,1.0,1.0,1.0,light
6,5,255,255,255,1.0,1.0,1.0,light
6,6,255,255,255,1.0,1.0,1.0,light
6,7,255,255,255,1.0,1.0,1.0,light
6,8,255,255,255,1.0,1.0,1.0,light
6,9,255,255,255,1.0,1.0,1.0,light
6,10,255,255,255,1.0,1.0,1.0,light
6,11,255,255,255,1.0,1.0,1.0,light
6,12,255,255,255,1.0,1.0,1.0,light
6,13,255,255,255,1.0,1.0,1.0,light
6,14,255,255,255,1.0,1.0,1.0,light
6,15,255,255,255,1.0,1.0,1.0,light
6,16,255,255,255,1.0,1.0,1.0,light
6,17,255,255,255,1.0,1.0,1.0,light
6,18,255,255,255,1.0,1.0,1.0,light
6,19,255,255,255,1.0,1.0,1.0,light
6,20,255,255,255,1.0,1.0,1.0,light
6,21,255,255,255,1.0,1.0,1.0,light
6,22,255,255,255,1.0,1.0,1.0,light
6,23,255,255,255,1.0,1.0,1.0,light
6,24,255,255,255,1.0,1.0,1.0,light
6,25,255,255,255,1.0,1.0,1.0,light
6,26,255,255,255,1.0,1.0,1.0,light
6,27,255,255,255,1.0,1.0,1.0,light
6,28,255,255,255,1.0,1.0,1.0,light
6,29,255,255,255,1.0,1.0,1.0,light
6,30,255,255,255,1.0,1.0,1.0,light
6,31,255,255,255,1.0,1.0,1.0,light
6,32,255,255,255,1.0,1.0,1.0,light
6,33,255,255,255,1.0,1.0,1.0,light
6,34,255,255,255,1.0,1.0,1.0,light
6,35,255,255,255,1.0,1.0,1.0,light
6,36,255,255,255,1.0,1.0,1.0,light
6,37,255,255,255,1.0,1.0,1.0,light
6,38,255,255,255,1.0,1.0,1.0,light
6,39,255,255,255,1.0,1.0,1.0,light
6,40,255,255,255,1.0,1.0,1.0,light
6,41,255,255,255,1.0,1.0,1.0,light
6,42,255,255,255,1.0,1.0,1.0,light
6,43,255,255,255,1.0,1.0,1.0,light
6,44,255,255,255,1.0,1.0,1.0,light
6,45,255,255,255,1.0,1.0,1.0,light
6,46,255,255,255,1.0,1.0,1.0,light
6,47,255,255,255,1.0,1.0,1.0,light
6,48,255,255,255,1.0,1.0,1.0,light
6,49,255,255,255,1.0,1.0,1.0,light
6,50,255,255,255,1.0,1.0,1.0,light
6,51,255,255,255,1.0,1.0,1.0,light
6,52,255,255,255,1.0,1.0,1.0,light
6,53,255,255,255,1.0,1.0,1.0,light
6,54,255,255,255,1.0,1.0,1.0,light
6,55,255,255,255,1.0,1.0,1.0,light
6,56,255,255,255,1.0,1.0,1.0,light
6,57,255,255,255,1.0,1.0,1.0,light
6,58,255,255,255,1.0,1.0,1.0,light
6,59,255,255,255,1.0,1.0,1.0,light
6,60,255,255,255,1.0,1.0,1.0,light
6,61,255,255,255,1.0,1.0,1.0,light
6,62,255,255,255,1.0,1.0,1.0,light
6,63,255,255,255,1.0,1.0,1.0,light
6,64,255,255,255,1.0,1.0,1.0,light
6,65,255,255,255,1.0,1.0,1.0,light
6,66,255,255,255,1.0,1.0,1.0,light
6,67,255,255,255,1.0,1.0,1.0,light
6,68,255,255,255,1.0,1.0,1.0,light
6,69,255,255,255,1.0,1.0,1.0,light
6,70,255,255,255,1.0,1.0,1.0,light
6,71,255,255,255,1.0,1.0,1.0,light
6,72,255,255,255,1.0,1.0,1.0,light
6,73,255,255,255,1.0,1.0,1.0,light
6,74,255,255,255,1.0,1.0,1.0,light
6,75,255,255,255,1.0,1.0,1.0,light
6,76,255,255,255,1.0,1.0,1.0,light
6,77,255,255,255,1.0,1.0,1.0,light
6,78,255,255,255,1.0,1.0,1.0,light
6,79,255,255,255,1.0,1.0,1.0,light
6,80,255,255,255,1.0,1.0,1.0,light
6,81,255,255,255,1.0,1.0,1.0,light
6,82,255,255,255,1.0,1.0,1.0,light
6,83,255,255,255,1.0,1.0,1.0,light
6,84,255,255,255,1.0,1.0,1.0,light
6,85,255,255,255,1.0,1.0,1.0,light
6,86,255,255,255,1.0,1.0,1.0,light
6,87,255,255,255,1.0,1.0,1.0,light
6,88,255,255,255,1.0,1.0,1.0,light
6,89,255,255,255,1.0,1.0,1.0,light
6,90,255,255,255,1.0,1.0,1.0,light
6,91,255,255,255,1.0,1.0,1.0,light
6,92,255,255,255,1.0,1.0,1.0,light
6,93,255,255,255,1.0,1.0,1.0,light
6,94,255,255,255,1.0,1.0,1.0,light
6,95,255,255,255,1.0,1.0,1.0,light
6,96,255,255,255,1.0,1.0,1.0,light
6,97,255,255,255,1.0,1.0,1.0,light
6,98,255,255,255,1.0,1.0,1.0,light
6,99,255,255,255,1.0,1.0,1.0,light
6,100,255,255,255,1.0,1.0,1.0,light
6,101,255,255,255,1.0,1.0,1.0,light
6,102,255,255,255,1.0,1.0,1.0,light
6,103,255,255,255,1.0,1.0,1.0,light
6,104,255,255,255,1.0,1.0,1.0,light
6,105,255,255,255,1.0,1.0,1.0,light
6,106,255,255,255,1.0,1.0,1.0,light
6,107,255,255,255,1.0,1.0,1.0,light
6,108,255,255,255,1.0,1.0,1.0,light
6,109,255,255,255,1.0,1.0,1.0,light
6,110,255,255,255,1.0,1.0,1.0,light
6,111,255,255,255,1.0,1.0,1.0,light
6,112,255,255,255,1.0,1.0,1.0,light
6,113,255,255,255,1.0,1.0,1.0,light
6,114,255,255,255,1.0,1.0,1.0,light
6,115,255,255,255,1.0,1.0,1.0,light
6,116,255,255,255,1.0,1.0,1.0,light
6,117,255,255,255,1.0,1.0,1.0,light
6,118,255,255,255,1.0,1.0,1.0,light
6,119,255,255,255,1.0,1.0,1.0,light
6,120,255,255,255,1.0,1.0,1.0,light
6,121,255,255,255,1.0,1.0,1.0,light
6,122,255,255,255,1.0,1.0,1.0,light
6,123,255,255,255,1.0,1.0,1.0,light
6,124,255,255,255,1.0,1.0,1.0,light
6,125,255,255,255,1.0,1.0,1.0,light
6,126,255,255,255,1.0,1.0,1.0,light
6,127,255,255,255,1.0,1.0,1.0,light
7,0,255,255,255,1.0,1.0,1.0,light
7,1,255,255,255,1.0,1.0,1.0,light
7,2,255,255,255,1.0,1.0,1.0,light
7,3,255,255,255,1.0,1.0,1.0,light
7,4,255,255,255,1.0,1.0,1.0,light
7,5,255,255,255,1.0,1.0,1.0,light
7,6,255,255,255,1.0,1.0,1.0,light
7,7,255,255,255,1.0,1.0,1.0,light
7,8,255,255,255,1.0,1.0,1.0,light
7,9,255,255,255,1.0,1.0,1.0,light
7,10,255,255,255,1.0,1.0,1.0,light
7,11,255,255,255,1.0,1.0,1.0,light
7,12,255,255,255,1.0,1.0,1.0,light
7,13,255,255,255,1.0,1.0,1.0,light
7,14,255,255,255,1.0,1.0,1.0,light
7,15,255,255,255,1.0,1.0,1.0,light
7,16,255,255,255,1.0,1.0,1.0,light
7,17,255,255,255,1.0,1.0,1.0,light
7,18,255,255,255,1.0,1.0,1.0,light
7,19,255,255,255,1.0,1.0,1.0,light
7,20,255,255,255,1.0,1.0,1.0,light
7,21,255,255,255,1.0,1.0,1.0,light
7,22,255,255,255,1.0,1.0,1.0,light
7,23,255,255,255,1.0,1.0,1.0,light
7,24,255,255,255,1.0,1.0,1.0,light
7,25,255,255,255,1.0,1.0,1.0,light
7,26,255,255,255,1.0,1.0,1.0,light
7,27,255,255,255,1.0,1.0,1.0,light
7,28,255,255,255,1.0,1.0,1.0,light
7,29,255,255,255,1.0,1.0,1.0,light
7,30,255,255,255,1.0,1.0,1.0,light
7,31,255,255,255,1.0,1.0,1.0,light
7,32,255,255,255,1.0,1.0,1.0,light
7,33,255,255,255,1.0,1.0,1.0,light
7,34,255,255,255,1.0,1.0,1.0,light
7,35,255,255,255,1.0,1.0,1.0,light
7,36,255,255,255,1.0,1.0,1.0,light
7,37,255,255,255,1.0,1.0,1.0,light
7,38,255,255,255,1.0,1.0,1.0,light
7,39,255,255,255,1.0,1.0,1.0,light
7,40,255,255,255,1.0,1.0,1.0,light
7,41,255,255,255,1.0,1.0,1.0,light
7,42,255,255,255,1.0,1.0,1.0,light
7,43,255,255,255,1.0,1.0,1.0,light
7,44,255,255,255,1.0,1.0,1.0,light
7,45,255,255,255,1.0,1.0,1.0,light
7,46,255,255,255,1.0,1.0,1.0,light
7,47,255,255,255,1.0,1.0,1.0,light
7,48,255,255,255,1.0,1.0,1.0,light
7,49,255,255,255,1.0,1.0,1.0,light
7,50,255,255,255,1.0,1.0,1.0,light
7,51,255,255,255,1.0,1.0,1.0,light
7,52,255,255,255,1.0,1.0,1.0,light
7,53,255,255,255,1.0,1.0,1.0,light
7,54,255,255,255,1.0,1.0,1.0,light
7,55,255,255,255,1.0,1.0,1.0,light
7,56,255,255,255,1.0,1.0,1.0,light
7,57,255,255,255,1.0,1.0,1.0,light
7,58,255,255,255,1.0,1.0,1.0,light
7,59,255,255,255,1.0,1.0,1.0,light
7,60,255,255,255,1.0,1.0,1.0,light
7,61,255,255,255,1.0,1.0,1.0,light
7,62,255,255,255,1.0,1.0,1.0,light
7,63,255,255,255,1.0,1.0,1.0,light
7,64,255,255,255,1.0,1.0,1.0,light
7,65,255,255,255,1.0,1.0,1.0,light
7,66,255,255,255,1.0,1.0,1.0,light
7,67,255,255,255,1.0,1.0,1.0,light
7,68,255,255,255,1.0,1.0,1.0,light
7,69,255,255,255,1.0,1.0,1.0,light
7,70,255,255,255,1.0,1.0,1.0,light
7,71,255,255,255,1.0,1.0,1.0,light
7,72,255,255,255,1.0,1.0,1.0,light
7,73,255,255,255,1.0,1.0,1.0,light
7,74,255,255,255,1.0,1.0,1.0,light
7,75,255,255,255,1.0,1.0,1.0,light
7,76,255,255,255,1.0,1.0,1.0,light
7,77,255,255,255,1.0,1.0,1.0,light
7,78,255,255,255,1.0,1.0,1.0,light
7,79,255,255,255,1.0,1.0,1.0,light
7,80,255,255,255,1.0,1.0,1.0,light
7,81,255,255,255,1.0,1.0,1.0,light
7,82,255,255,255,1.0,1.0,1.0,light
7,83,255,255,255,1.0,1.0,1.0,light
7,84,255,255,255,1.0,1.0,1.0,light
7,85,255,255,255,1.0,1.0,1.0,light
7,86,255,255,255,1.0,1.0,1.0,light
7,87,255,255,255,1.0,1.0,1.0,light
7,88,255,255,255,1.0,1.0,1.0,light
7,89,255,255,255,1.0,1.0,1.0,light
7,90,255,255,255,1.0,1.0,1.0,light
7,91,255,255,255,1.0,1.0,1.0,light
7,92,255,255,255,1.0,1.0,1.0,light
7,93,255,255,255,1.0,1.0,1.0,light
7,94,255,255,255,1.0,1.0,1.0,light
7,95,255,255,255,1.0,1.0,1.0,light
7,96,255,255,255,1.0,1.0,1.0,light
7,97,255,255,255,1.0,1.0,1.0,light
7,98,255,255,255,1.0,1.0,1.0,light
7,99,255,255,255,1.0,1.0,1.0,light
7,100,255,255,255,1.0,1.0,1.0,light
7,101,255,255,255,1.0,1.0,1.0,light
7,102,255,255,255,1.0,1.0,1.0,light
7,103,255,255,255,1.0,1.0,1.0,light
7,104,255,255,255,1.0,1.0,1.0,light
7,105,255,255,255,1.0,1.0,1.0,light
7,106,255,255,255,1.0,1.0,1.0,light
7,107,255,255,255,1.0,1.0,1.0,light
7,108,255,255,255,1.0,1.0,1.0,light
7,109,255,255,255,1.0,1.0,1.0,light
7,110,255,255,255,1.0,1.0,1.0,light
7,111,255,255,255,1.0,1.0,1.0,light
7,112,255,255,255,1.0,1.0,1.0,light
7,113,255,255,255,1.0,1.0,1.0,light
7,114,255,255,255,1.0,1.0,1.0,light
7,115,255,255,255,1.0,1.0,1.0,light
7,116,255,255,255,1.0,1.0,1.0,light
7,117,255,255,255,1.0,1.0,1.0,light
7,118,255,255,255,1.0,1.0,1.0,light
7,119,255,255,255,1.0,1.0,1.0,light
7,120,255,255,255,1.0,1.0,1.0,light
7,121,255,255,255,1.0,1.0,1.0,light
7,122,255,255,255,1.0,1.0,1.0,light
7,123,255,255,255,1.0,1.0,1.0,light
7,124,255,255,255,1.0,1.0,1.0,light
7,125,255,255,255,1.0,1.0,1.0,light
7,126,255,255,255,1.0,1.0,1.0,light
7,127,255,255,255,1.0,1.0,1.0,light
8,0,255,255,255,1.0,1.0,1.0,light
8,1,255,255,255,1.0,1.0,1.0,light
8,2,255,255,255,1.0,1.0,1.0,light
8,3,255,255,255,1.0,1.0,1.0,light
8,4,255,255,255,1.0,1.0,1.0,light
8,5,255,255,255,1.0,1.0,1.0,light
8,6,255,255,255,1.0,1.0,1.0,light
8,7,255,255,255,1.0,1.0,1.0,light
8,8,255,255,255,1.0,1.0,1.0,light
8,9,255,255,255,1.0,1.0,1.0,light
8,10,255,255,255,1.0,1.0,1.0,light
8,11,255,255,255,1.0,1.0,1.0,light
8,12,255,255,255,1.0,1.0,1.0,light
8,13,255,255,255,1.0,1.0,1.0,light
8,14,255,255,255,1.0,1.0,1.0,light
8,15,255,255,255,1.0,1.0,1.0,light
8,16,255,255,255,1.0,1.0,1.0,light
8,17,255,255,255,1.0,1.0,1.0,light
8,18,255,255,255,1.0,1.0,1.0,light
8,19,255,255,255,1.0,1.0,1.0,light
8,20,255,255,255,1.0,1.0,1.0,light
8,21,255,255,255,1.0,1.0,1.0,light
8,22,255,255,255,1.0,1.0,1.0,light
8,23,255,255,255,1.0,1.0,1.0,light
8,24,255,255,255,1.0,1.0,1.0,light
8,25,255,255,255,1.0,1.0,1.0,light
8,26,255,255,255,1.0,1.0,1.0,light
8,27,255,255,255,1.0,1.0,1.0,light
8,28,255,255,255,1.0,1.0,1.0,light
8,29,255,255,255,1.0,1.0,1.0,light
8,30,255,255,255,1.0,1.0,1.0,light
8,31,255,255,255,1.0,1.0,1.0,light
8,32,255,255,255,1.0,1.0,1.0,light
8,33,255,255,255,1.0,1.0,1.0,light
8,34,255,255,255,1.0,1.0,1.0,light
8,35,255,255,255,1.0,1.0,1.0,light
8,36,255,255,255,1.0,1.0,1.0,light
8,37,255,255,255,1.0,1.0,1.0,light
8,38,255,255,255,1.0,1.0,1.0,light
8,39,255,255,255,1.0,1.0,1.0,light
8,40,255,255,255,1.0,1.0,1.0,light
8,41,255,255,255,1.0,1.0,1.0,light
8,42,255,255,255,1.0,1.0,1.0,light
8,43,255,255,255,1.0,1.0,1.0,light
8,44,255,255,255,1.0,1.0,1.0,light
8,45,255,255,255,1.0,1.0,1.0,light
8,46,255,255,255,1.0,1.0,1.0,light
8,47,255,255,255,1.0,1.0,1.0,light
8,48,255,255,255,1.0,1.0,1.0,light
8,49,255,255,255,1.0,1.0,1.0,light
8,50,255,255,255,1.0,1.0,1.0,light
8,51,255,255,255,1.0,1.0,1.0,light
8,52,255,255,255,1.0,1.0,1.0,light
8,53,255,255,255,1.0,1.0,1.0,light
8,54,255,255,255,1.0,1.0,1.0,light
8,55,255,255,255,1.0,1.0,1.0,light
8,56,255,255,255,1.0,1.0,1.0,light
8,57,255,255,255,1.0,1.0,1.0,light
8,58,255,255,255,1.0,1.0,1.0,light
8,59,255,255,255,1.0,1.0,1.0,light
8,60,255,255,255,1.0,1.0,1.0,light
8,61,255,255,255,1.0,1.0,1.0,light
8,62,255,255,255,1.0,1.0,1.0,light
8,63,255,255,255,1.0,1.0,1.0,light
8,64,255,255,255,1.0,1.0,1.0,light
8,65,255,255,255,1.0,1.0,1.0,light
8,66,255,255,255,1.0,1.0,1.0,light
8,67,255,255,255,1.0,1.0,1.0,light
8,68,255,255,255,1.0,1.0,1.0,light
8,69,255,255,255,1.0,1.0,1.0,light
8,70,255,255,255,1.0,1.0,1.0,light
8,71,255,255,255,1.0,1.0,1.0,light
8,72,255,255,255,1.0,1.0,1.0,light
8,73,255,255,255,1.0,1.0,1.0,light
8,74,255,255,255,1.0,1.0,1.0,light
8,75,255,255,255,1.0,1.0,1.0,light
8,76,255,255,255,1.0,1.0,1.0,light
8,77,255,255,255,1.0,1.0,1.0,light
8,78,255,255,255,1.0,1.0,1.0,light
8,79,255,255,255,1.0,1.0,1.0,light
8,80,255,255,255,1.0,1.0,1.0,light
8,81,255,255,255,1.0,1.0,1.0,light
8,82,255,255,255,1.0,1.0,1.0,light
8,83,255,255,255,1.0,1.0,1.0,light
8,84,255,255,255,1.0,1.0,1.0,light
8,85,255,255,255,1.0,1.0,1.0,light
8,86,255,255,255,1.0,1.0,1.0,light
8,87,255,255,255,1.0,1.0,1.0,light
8,88,255,255,255,1.0,1.0,1.0,light
8,89,255,255,255,1.0,1.0,1.0,light
8,90,255,255,255,1.0,1.0,1.0,light
8,91,255,255,255,1.0,1.0,1.0,light
8,92,255,255,255,1.0,1.0,1.0,light
8,93,255,255,255,1.0,1.0,1.0,light
8,94,255,255,255,1.0,1.0,1.0,light
8,95,255,255,255,1.0,1.0,1.0,light
8,96,255,255,255,1.0,1.0,1.0,light
8,97,255,255,255,1.0,1.0,1.0,light
8,98,255,255,255,1.0,1.0,1.0,light
8,99,255,255,255,1.0,1.0,1.0,light
8,100,255,255,255,1.0,1.0,1.0,light
8,101,255,255,255,1.0,1.0,1.0,light
8,102,255,255,255,1.0,1.0,1.0,light
8,103,255,255,255,1.0,1.0,1.0,light
8,104,255,255,255,1.0,1.0,1.0,light
8,105,255,255,255,1.0,1.0,1.0,light
8,106,255,255,255,1.0,1.0,1.0,light
8,107,255,255,255,1.0,1.0,1.0,light
8,108,255,255,255,1.0,1.0,1.0,light
8,109,255,255,255,1.0,1.0,1.0,light
8,110,255,255,255,1.0,1.0,1.0,light
8,111,255,255,255,1.0,1.0,1.0,light
8,112,255,255,255,1.0,1.0,1.0,light
8,113,255,255,255,1.0,1.0,1.0,light
8,114,255,255,255,1.0,1.0,1.0,light
8,115,255,255,255,1.0,1.0,1.0,light
8,116,255,255,255,1.0,1.0,1.0,light
8,117,255,255,255,1.0,1.0,1.0,light
8,118,255,255,255,1.0,1.0,1.0,light
8,119,255,255,255,1.0,1.0,1.0,light
8,120,255,255,255,1.0,1.0,1.0,light
8,121,255,255,255,1.0,1.0,1.0,light
8,122,255,255,255,1.0,1.0,1.0,light
8,123,255,255,255,1.0,1.0,1.0,light
8,124,255,255,255,1.0,1.0,1.0,light
8,125,255,255,255,1.0,1.0,1.0,light
8,126,255,255,255,1.0,1.0,1.0,light
8,127,255,255,255,1.0,1.0,1.0,light
9,0,255,255,255,1.0,1.0,1.0,light
9,1,255,255,255,1.0,1.0,1.0,light
9,2,255,255,255,1.0,1.0,1.0,light
9,3,255,255,255,1.0,1.0,1.0,light
9,4,255,255,255,1.0,1.0,1.0,light
9,5,255,255,255,1.0,1.0,1.0,light
9,6,255,255,255,1.0,1.0,1.0,light
9,7,255,255,255,1.0,1.0,1.0,light
9,8,255,255,255,1.0,1.0,1.0,light
9,9,255,255,255,1.0,1.0,1.0,light
9,10,255,255,255,1.0,1.0,1.0,light
9,11,255,255,255,1.0,1.0,1.0,light
9,12,255,255,255,1.0,1.0,1.0,light
9,13,255,255,255,1.0,1.0,1.0,light
9,14,255,255,255,1.0,1.0,1.0,light
9,15,255,255,255,1.0,1.0,1.0,light
9,16,255,255,255,1.0,1.0,1.0,light
9,17,255,255,255,1.0,1.0,1.0,light
9,18,255,255,255,1.0,1.0,1.0,light
9,19,255,255,255,1.0,1.0,1.0,light
9,20,255,255,255,1.0,1.0,1.0,light
9,21,255,255,255,1.0,1.0,1.0,light
9,22,255,255,255,1.0,1.0,1.0,light
9,23,255,255,255,1.0,1.0,1.0,light
9,24,255,255,255,1.0,1.0,1.0,light
9,25,255,255,255,1.0,1.0,1.0,light
9,26,255,255,255,1.0,1.0,1.0,light
9,27,255,255,255,1.0,1.0,1.0,light
9,28,255,255,255,1.0,1.0,1.0,light
9,29,255,255,255,1.0,1.0,1.0,light
9,30,255,255,255,1.0,1.0,1.0,light
9,31,255,255,255,1.0,1.0,1.0,light
9,32,255,255,255,1.0,1.0,1.0,light
9,33,255,255,255,1.0,1.0,1.0,light
9,34,255,255,255,1.0,1.0,1.0,light
9,35,255,255,255,1.0,1.0,1.0,light
9,36,255,255,255,1.0,1.0,1.0,light
9,37,255,255,255,1.0,1.0,1.0,light
9,38,255,255,255,1.0,1.0,1.0,light
9,39,255,255,255,1.0,1.0,1.0,light
9,40,255,255,255,1.0,1.0,1.0,light
9,41,255,255,255,1.0,1.0,1.0,light
9,42,255,255,255,1.0,1.0,1.0,light
9,43,255,255,255,1.0,1.0,1.0,light
9,44,255,255,255,1.0,1.0,1.0,light
9,45,255,255,255,1.0,1.0,1.0,light
9,46,255,255,255,1.0,1.0,1.0,light
9,47,255,255,255,1.0,1.0,1.0,light
9,48,255,255,255,1.0,1.0,1.0,light
9,49,255,255,255,1.0,1.0,1.0,light
9,50,255,255,255,1.0,1.0,1.0,light
9,51,255,255,255,1.0,1.0,1.0,light
9,52,255,255,255,1.0,1.0,1.0,light
9,53,255,255,255,1.0,1.0,1.0,light
9,54,255,255,255,1.0,1.0,1.0,light
9,55,255,255,255,1.0,1.0,1.0,light
9,56,255,255,255,1.0,1.0,1.0,light
9,57,255,255,255,1.0,1.0,1.0,light
9,58,255,255,255,1.0,1.0,1.0,light
9,59,255,255,255,1.0,1.0,1.0,light
9,60,255,255,255,1.0,1.0,1.0,light
9,61,255,255,255,1.0,1.0,1.0,light
9,62,255,255,255,1.0,1.0,1.0,light
9,63,255,255,255,1.0,1.0,1.0,light
9,64,255,255,255,1.0,1.0,1.0,light
9,65,255,255,255,1.0,1.0,1.0,light
9,66,255,255,255,1.0,1.0,1.0,light
9,67,255,255,255,1.0,1.0,1.0,light
9,68,255,255,255,1.0,1.0,1.0,light
9,69,255,255,255,1.0,1.0,1.0,light
9,70,255,255,255,1.0,1.0,1.0,light
9,71,255,255,255,1.0,1.0,1.0,light
9,72,255,255,255,1.0,1.0,1.0,light
9,73,255,255,255,1.0,1.0,1.0,light
9,74,255,255,255,1.0,1.0,1.0,light
9,75,255,255,255,1.0,1.0,1.0,light
9,76,255,255,255,1.0,1.0,1.0,light
9,77,255,255,255,1.0,1.0,1.0,light
9,78,255,255,255,1.0,1.0,1.0,light
9,79,255,255,255,1.0,1.0,1.0,light
9,80,255,255,255,1.0,1.0,1.0,light
9,81,255,255,255,1.0,1.0,1.0,light
9,82,255,255,255,1.0,1.0,1.0,light
9,83,255,255,255,1.0,1.0,1.0,light
9,84,255,255,255,1.0,1.0,1.0,light
9,85,255,255,255,1.0,1.0,1.0,light
9,86,255,255,255,1.0,1.0,1.0,light
9,87,255,255,255,1.0,1.0,1.0,light
9,88,255,255,255,1.0,1.0,1.0,light
9,89,255,255,255,1.0,1.0,1.0,light
9,90,255,255,255,1.0,1.0,1.0,light
9,91,255,255,255,1.0,1.0,1.0,light
9,92,255,255,255,1.0,1.0,1.0,light
9,93,255,255,255,1.0,1.0,1.0,light
9,94,255,255,255,1.0,1.0,1.0,light
9,95,255,255,255,1.0,1.0,1.0,light
9,96,255,255,255,1.0,1.0,1.0,light
9,97,255,255,255,1.0,1.0,1.0,light
9,98,255,255,255,1.0,1.0,1.0,light
9,99,255,255,255,1.0,1.0,1.0,light
9,100,255,255,255,1.0,1.0,1.0,light
9,101,255,255,255,1.0,1.0,1.0,light
9,102,255,255,255,1.0,1.0,1.0,light
9,103,255,255,255,1.0,1.0,1.0,light
9,104,255,255,255,1.0,1.0,1.0,light
9,105,255,255,255,1.0,1.0,1.0,light
9,106,255,255,255,1.0,1.0,1.0,light
9,107,255,255,255,1.0,1.0,1.0,light
9,108,255,255,255,1.0,1.0,1.0,light
9,109,255,255,255,1.0,1.0,1.0,light
9,110,255,255,255,1.0,1.0,1.0,light
9,111,255,255,255,1.0,1.0,1.0,light
9,112,255,255,255,1.0,1.0,1.0,light
9,113,255,255,255,1.0,1.0,1.0,light
9,114,255,255,255,1.0,1.0,1.0,light
9,115,255,255,255,1.0,1.0,1.0,light
9,116,255,255,255,1.0,1.0,1.0,light
9,117,255,255,255,1.0,1.0,1.0,light
9,118,255,255,255,1.0,1.0,1.0,light
9,119,255,255,255,1.0,1.0,1.0,light
9,120,255,255,255,1.0,1.0,1.0,light
9,121,255,255,255,1.0,1.0,1.0,light
9,122,255,255,255,1.0,1.0,1.0,light
9,123,255,255,255,1.0,1.0,1.0,light
9,124,255,255,255,1.0,1.0,1.0,light
9,125,255,255,255,1.0,1.0,1.0,light
9,126,255,255,255,1.0,1.0,1.0,light
9,127,255,255,255,1.0,1.0,1.0,light
10,0,255,255,255,1.0,1.0,1.0,light
10,1,255,255,255,1.0,1.0,1.0,light
10,2,255,255,255,1.0,1.0,1.0,light
10,3,255,255,255,1.0,1.0,1.0,light
10,4,255,255,255,1.0,1.0,1.0,light
10,5,255,255,255,1.0,1.0,1.0,light
10,6,255,255,255,1.0,1.0,1.0,light
10,7,255,255,255,1.0,1.0,1.0,light
10,8,255,255,255,1.0,1.0,1.0,light
10,9,255,255,255,1.0,1.0,1.0,light
10,10,255,255,255,1.0,1.0,1.0,light
10,11,255,255,255,1.0,1.0,1.0,light
10,12,255,255,255,1.0,1.0,1.0,light
10,13,255,255,255,1.0,1.0,1.0,light
10,14,255,255,255,1.0,1.0,1.0,light
10,15,255,255,255,1.0,1.0,1.0,light
10,16,255,255,255,1.0,1.0,1.0,light
10,17,255,255,255,1.0,1.0,1.0,light
10,18,255,255,255,1.0,1.0,1.0,light
10,19,255,255,255,1.0,1.0,1.0,light
10,20,255,255,255,1.0,1.0,1.0,light
10,21,255,255,255,1.0,1.0,1.0,light
10,22,255,255,255,1.0,1.0,1.0,light
10,23,255,255,255,1.0,1.0,1.0,light
10,24,255,255,255,1.0,1.0,1.0,light
10,25,255,255,255,1.0,1.0,1.0,light
10,26,255,255,255,1.0,1.0,1.0,light
10,27,255,255,255,1.0,1.0,1.0,light
10,28,255,255,255,1.0,1.0,1.0,light
10,29,255,255,255,1.0,1.0,1.0,light
10,30,255,255,255,1.0,1.0,1.0,light
10,31,255,255,255,1.0,1.0,1.0,light
10,32,255,255,255,1.0,1.0,1.0,light
10,33,255,255,255,1.0,1.0,1.0,light
10,34,255,255,255,1.0,1.0,1.0,light
10,35,255,255,255,1.0,1.0,1.0,light
10,36,255,255,255,1.0,1.0,1.0,light
10,37,255,255,255,1.0,1.0,1.0,light
10,38,255,255,255,1.0,1.0,1.0,light
10,39,255,255,255,1.0,1.0,1.0,light
10,40,255,255,255,1.0,1.0,1.0,light
10,41,255,255,255,1.0,1.0,1.0,light
10,42,255,255,255,1.0,1.0,1.0,light
10,43,255,255,255,1.0,1.0,1.0,light
10,44,255,255,255,1.0,1.0,1.0,light
10,45,255,255,255,1.0,1.0,1.0,light
10,46,255,255,255,1.0,1.0,1.0,light
10,47,255,255,255,1.0,1.0,1.0,light
10,48,255,255,255,1.0,1.0,1.0,light
10,49,255,255,255,1.0,1.0,1.0,light
10,50,255,255,255,1.0,1.0,1.0,light
10,51,255,255,255,1.0,1.0,1.0,light
10,52,255,255,255,1.0,1.0,1.0,light
10,53,255,255,255,1.0,1.0,1.0,light
10,54,255,255,255,1.0,1.0,1.0,light
10,55,255,255,255,1.0,1.0,1.0,light
10,56,255,255,255,1.0,1.0,1.0,light
10,57,255,255,255,1.0,1.0,1.0,light
10,58,255,255,255,1.0,1.0,1.0,light
10,59,255,255,255,1.0,1.0,1.0,light
10,60,255,255,255,1.0,1.0,1.0,light
10,61,255,255,255,1.0,1.0,1.0,light
10,62,255,255,255,1.0,1.0,1.0,light
10,63,255,255,255,1.0,1.0,1.0,light
10,64,255,255,255,1.0,1.0,1.0,light
10,65,255,255,255,1.0,1.0,1.0,light
10,66,255,255,255,1.0,1.0,1.0,light
10,67,255,255,255,1.0,1.0,1.0,light
10,68,255,255,255,1.0,1.0,1.0,light
10,69,255,255,255,1.0,1.0,1.0,light
10,70,255,255,255,1.0,1.0,1.0,light
10,71,255,255,255,1.0,1.0,1.0,light
10,72,255,255,255,1.0,1.0,1.0,light
10,73,255,255,255,1.0,1.0,1.0,light
10,74,255,255,255,1.0,1.0,1.0,light
10,75,255,255,255,1.0,1.0,1.0,light
10,76,255,255,255,1.0,1.0,1.0,light
10,77,255,255,255,1.0,1.0,1.0,light
10,78,255,255,255,1.0,1.0,1.0,light
10,79,255,255,255,1.0,1.0,1.0,light
10,80,255,255,255,1.0,1.0,1.0,light
10,81,255,255,255,1.0,1.0,1.0,light
10,82,255,255,255,1.0,1.0,1.0,light
10,83,255,255,255,1.0,1.0,1.0,light
10,84,255,255,255,1.0,1.0,1.0,light
10,85,255,255,255,1.0,1.0,1.0,light
10,86,255,255,255,1.0,1.0,1.0,light
10,87,255,255,255,1.0,1.0,1.0,light
10,88,255,255,255,1.0,1.0,1.0,light
10,89,255,255,255,1.0,1.0,1.0,light
10,90,255,255,255,1.0,1.0,1.0,light
10,91,255,255,255,1.0,1.0,1.0,light
10,92,255,255,255,1.0,1.0,1.0,light
10,93,255,255,255,1.0,1.0,1.0,light
10,94,255,255,255,1.0,1.0,1.0,light
10,95,255,255,255,1.0,1.0,1.0,light
10,96,255,255,255,1.0,1.0,1.0,light
10,97,255,255,255,1.0,1.0,1.0,light
10,98,255,255,255,1.0,1.0,1.0,light
10,99,255,255,255,1.0,1.0,1.0,light
10,100,255,255,255,1.0,1.0,1.0,light
10,101,255,255,255,1.0,1.0,1.0,light
10,102,255,255,255,1.0,1.0,1.0,light
10,103,255,255,255,1.0,1.0,1.0,light
10,104,255,255,255,1.0,1.0,1.0,light
10,105,255,255,255,1.0,1.0,1.0,light
10,106,255,255,255,1.0,1.0,1.0,light
10,107,255,255,255,1.0,1.0,1.0,light
10,108,255,255,255,1.0,1.0,1.0,light
10,109,255,255,255,1.0,1.0,1.0,light
10,110,255,255,255,1.0,1.0,1.0,light
10,111,255,255,255,1.0,1.0,1.0,light
10,112,255,255,255,1.0,1.0,1.0,light
10,113,255,255,255,1.0,1.0,1.0,light
10,114,255,255,255,1.0,1.0,1.0,light
10,115,255,255,255,1.0,1.0,1.0,light
10,116,255,255,255,1.0,1.0,1.0,light
10,117,255,255,255,1.0,1.0,1.0,light
10,118,255,255,255,1.0,1.0,1.0,light
10,119,255,255,255,1.0,1.0,1.0,light
10,120,255,255,255,1.0,1.0,1.0,light
10,121,255,255,255,1.0,1.0,1.0,light
10,122,255,255,255,1.0,1.0,1.0,light
10,123,255,255,255,1.0,1.0,1.0,light
10,124,255,255,255,1.0,1.0,1.0,light
10,125,255,255,255,1.0,1.0,1.0,light
10,126,255,255,255,1.0,1.0,1.0,light
10,127,255,255,255,1.0,1.0,1.0,light
11,0,255,255,255,1.0,1.0,1.0,light
11,1,255,255,255,1.0,1.0,1.0,light
11,2,255,255,255,1.0,1.0,1.0,light
11,3,255,255,255,1.0,1.0,1.0,light
11,4,255,255,255,1.0,1.0,1.0,light
11,5,255,255,255,1.0,1.0,1.0,light
11,6,255,255,255,1.0,1.0,1.0,light
11,7,255,255,255,1.0,1.0,1.0,light
11,8,255,255,255,1.0,1.0,1.0,light
11,9,255,255,255,1.0,1.0,1.0,light
11,10,255,255,255,1.0,1.0,1.0,light
11,11,255,255,255,1.0,1.0,1.0,light
11,12,255,255,255,1.0,1.0,1.0,light
11,13,255,255,255,1.0,1.0,1.0,light
11,14,255,255,255,1.0,1.0,1.0,light
11,15,255,255,255,1.0,1.0,1.0,light
11,16,255,255,255,1.0,1.0,1.0,light
11,17,255,255,255,1.0,1.0,1.0,light
11,18,255,255,255,1.0,1.0,1.0,light
11,19,255,255,255,1.0,1.0,1.0,light
11,20,255,255,255,1.0,1.0,1.0,light
11,21,255,255,255,1.0,1.0,1.0,light
11,22,255,255,255,1.0,1.0,1.0,light
11,23,255,255,255,1.0,1.0,1.0,light
11,24,255,255,255,1.0,1.0,1.0,light
11,25,255,255,255,1.0,1.0,1.0,light
11,26,255,255,255,1.0,1.0,1.0,light
11,27,255,255,255,1.0,1.0,1.0,light
11,28,255,255,255,1.0,1.0,1.0,light
11,29,255,255,255,1.0,1.0,1.0,light
11,30,255,255,255,1.0,1.0,1.0,light
11,31,255,255,255,1.0,1.0,1.0,light
11,32,255,255,255,1.0,1.0,1.0,light
11,33,255,255,255,1.0,1.0,1.0,light
11,34,255,255,255,1.0,1.0,1.0,light
11,35,255,255,255,1.0,1.0,1.0,light
11,36,255,255,255,1.0,1.0,1.0,light
11,37,255,255,255,1.0,1.0,1.0,light
11,38,255,255,255,1.0,1.0,1.0,light
11,39,255,255,255,1.0,1.0,1.0,light
11,40,255,255,255,1.0,1.0,1.0,light
11,41,255,255,255,1.0,1.0,1.0,light
11,42,255,255,255,1.0,1.0,1.0,light
11,43,255,255,255,1.0,1.0,1.0,light
11,44,255,255,255,1.0,1.0,1.0,light
11,45,255,255,255,1.0,1.0,1.0,light
11,46,255,255,255,1.0,1.0,1.0,light
11,47,255,255,255,1.0,1.0,1.0,light
11,48,255,255,255,1.0,1.0,1.0,light
11,49,255,255,255,1.0,1.0,1.0,light
11,50,255,255,255,1.0,1.0,1.0,light
11,51,255,255,255,1.0,1.0,1.0,light
11,52,255,255,255,1.0,1.0,1.0,light
11,53,255,255,255,1.0,1.0,1.0,light
11,54,255,255,255,1.0,1.0,1.0,light
11,55,255,255,255,1.0,1.0,1.0,light
11,56,255,255,255,1.0,1.0,1.0,light
11,57,255,255,255,1.0,1.0,1.0,light
11,58,255,255,255,1.0,1.0,1.0,light
11,59,255,255,255,1.0,1.0,1.0,light
11,60,255,255,255,1.0,1.0,1.0,light
11,61,255,255,255,1.0,1.0,1.0,light
11,62,255,255,255,1.0,1.0,1.0,light
11,63,255,255,255,1.0,1.0,1.0,light
11,64,255,255,255,1.0,1.0,1.0,light
11,65,255,255,255,1.0,1.0,1.0,light
11,66,255,255,255,1.0,1.0,1.0,light
11,67,255,255,255,1.0,1.0,1.0,light
11,68,255,255,255,1.0,1.0,1.0,light
11,69,255,255,255,1.0,1.0,1.0,light
11,70,255,255,255,1.0,1.0,1.0,light
11,71,255,255,255,1.0,1.0,1.0,light
11,72,255,255,255,1.0,1.0,1.0,light
11,73,255,255,255,1.0,1.0,1.0,light
11,74,255,255,255,1.0,1.0,1.0,light
11,75,255,255,255,1.0,1.0,1.0,light
11,76,255,255,255,1.0,1.0,1.0,light
11,77,255,255,255,1.0,1.0,1.0,light
11,78,255,255,255,1.0,1.0,1.0,light
11,79,255,255,255,1.0,1.0,1.0,light
11,80,255,255,255,1.0,1.0,1.0,light
11,81,255,255,255,1.0,1.0,1.0,light
11,82,255,255,255,1.0,1.0,1.0,light
11,83,255,255,255,1.0,1.0,1.0,light
11,84,255,255,255,1.0,1.0,1.0,light
11,85,255,255,255,1.0,1.0,1.0,light
11,86,255,255,255,1.0,1.0,1.0,light
11,87,255,255,255,1.0,1.0,1.0,light
11,88,255,255,255,1.0,1.0,1.0,light
11,89,255,255,255,1.0,1.0,1.0,light
11,90,255,255,255,1.0,1.0,1.0,light
11,91,255,255,255,1.0,1.0,1.0,light
11,92,255,255,255,1.0,1.0,1.0,light
11,93,255,255,255,1.0,1.0,1.0,light
11,94,255,255,255,1.0,1.0,1.0,light
11,95,255,255,255,1.0,1.0,1.0,light
11,96,255,255,255,1.0,1.0,1.0,light
11,97,255,255,255,1.0,1.0,1.0,light
11,98,255,255,255,1.0,1.0,1.0,light
11,99,255,255,255,1.0,1.0,1.0,light
11,100,255,255,255,1.0,1.0,1.0,light
11,101,255,255,255,1.0,1.0,1.0,light
11,102,255,255,255,1.0,1.0,1.0,light
11,103,255,255,255,1.0,1.0,1.0,light
11,104,255,255,255,1.0,1.0,1.0,light
11,105,255,255,255,1.0,1.0,1.0,light
11,106,255,255,255,1.0,1.0,1.0,light
11,107,255,255,255,1.0,1.0,1.0,light
11,108,255,255,255,1.0,1.0,1.0,light
11,109,255,255,255,1.0,1.0,1.0,light
11,110,255,255,255,1.0,1.0,1.0,light
11,111,255,255,255,1.0,1.0,1.0,light
11,112,255,255,255,1.0,1.0,1.0,light
11,113,255,255,255,1.0,1.0,1.0,light
11,114,255,255,255,1.0,1.0,1.0,light
11,115,255,255,255,1.0,1.0,1.0,light
11,116,255,255,255,1.0,1.0,1.0,light
11,117,255,255,255,1.0,1.0,1.0,light
11,118,255,255,255,1.0,1.0,1.0,light
11,119,255,255,255,1.0,1.0,1.0,light
11,120,255,255,255,1.0,1.0,1.0,light
11,121,255,255,255,1.0,1.0,1.0,light
11,122,255,255,255,1.0,1.0,1.0,light
11,123,255,255,255,1.0,1.0,1.0,light
11,124,255,255,255,1.0,1.0,1.0,light
11,125,255,255,255,1.0,1.0,1.0,light
11,126,255,255,255,1.0,1.0,1.0,light
11,127,255,255,255,1.0,1.0,1.0,light
12,0,255,255,255,1.0,1.0,1.0,light
12,1,255,255,255,1.0,1.0,1.0,light
12,2,255,255,255,1.0,1.0,1.0,light
12,3,255,255,255,1.0,1.0,1.0,light
12,4,255,255,255,1.0,1.0,1.0,light
12,5,255,255,255,1.0,1.0,1.0,light
12,6,255,255,255,1.0,1.0,1.0,light
12,7,255,255,255,1.0,1.0,1.0,light
12,8,255,255,255,1.0,1.0,1.0,light
12,9,255,255,255,1.0,1.0,1.0,light
12,10,255,255,255,1.0,1.0,1.0,light
12,11,255,255,255,1.0,1.0,1.0,light
12,12,255,255,255,1.0,1.0,1.0,light
12,13,255,255,255,1.0,1.0,1.0,light
12,14,255,255,255,1.0,1.0,1.0,light
12,15,255,255,255,1.0,1.0,1.0,light
12,16,255,255,255,1.0,1.0,1.0,light
12,17,255,255,255,1.0,1.0,1.0,light
12,18,255,255,255,1.0,1.0,1.0,light
12,19,255,255,255,1.0,1.0,1.0,light
12,20,255,255,255,1.0,1.0,1.0,light
12,21,255,255,255,1.0,1.0,1.0,light
12,22,255,255,255,1.0,1.0,1.0,light
12,23,255,255,255,1.0,1.0,1.0,light
12,24,255,255,255,1.0,1.0,1.0,light
12,25,255,255,255,1.0,1.0,1.0,light
12,26,255,255,255,1.0,1.0,1.0,light
12,27,255,255,255,1.0,1.0,1.0,light
12,28,255,255,255,1.0,1.0,1.0,light
12,29,255,255,255,1.0,1.0,1.0,light
12,30,255,255,255,1.0,1.0,1.0,light
12,31,255,255,255,1.0,1.0,1.0,light
12,32,255,255,255,1.0,1.0,1.0,light
12,33,255,255,255,1.0,1.0,1.0,light
12,34,255,255,255,1.0,1.0,1.0,light
12,35,255,255,255,1.0,1.0,1.0,light
12,36,255,255,255,1.0,1.0,1.0,light
12,37,255,255,255,1.0,1.0,1.0,light
12,38,255,255,255,1.0,1.0,1.0,light
12,39,255,255,255,1.0,1.0,1.0,light
12,40,255,255,255,1.0,1.0,1.0,light
12,41,255,255,255,1.0,1.0,1.0,light
12,42,255,255,255,1.0,1.0,1.0,light
12,43,255,255,255,1.0,1.0,1.0,light
12,44,255,255,255,1.0,1.0,1.0,light
12,45,255,255,255,1.0,1.0,1.0,light
12,46,255,255,255,1.0,1.0,1.0,light
12,47,255,255,255,1.0,1.0,1.0,light
12,48,255,255,255,1.0,1.0,1.0,light
12,49,255,255,255,1.0,1.0,1.0,light
12,50,255,255,255,1.0,1.0,1.0,light
12,51,255,255,255,1.0,1.0,1.0,light
12,52,255,255,255,1.0,1.0,1.0,light
12,53,255,255,255,1.0,1.0,1.0,light
12,54,255,255,255,1.0,1.0,1.0,light
12,55,255,255,255,1.0,1.0,1.0,light
12,56,255,255,255,1.0,1.0,1.0,light
12,57,255,255,255,1.0,1.0,1.0,light
12,58,255,255,255,1.0,1.0,1.0,light
12,59,255,255,255,1.0,1.0,1.0,light
12,60,255,255,255,1.0,1.0,1.0,light
12,61,255,255,255,1.0,1.0,1.0,light
12,62,255,255,255,1.0,1.0,1.0,light
12,63,255,255,255,1.0,1.0,1.0,light
12,64,255,255,255,1.0,1.0,1.0,light
12,65,255,255,255,1.0,1.0,1.0,light
12,66,255,255,255,1.0,1.0,1.0,light
12,67,255,255,255,1.0,1.0,1.0,light
12,68,255,255,255,1.0,1.0,1.0,light
12,69,255,255,255,1.0,1.0,1.0,light
12,70,255,255,255,1.0,1.0,1.0,light
12,71,255,255,255,1.0,1.0,1.0,light
12,72,255,255,255,1.0,1.0,1.0,light
12,73,255,255,255,1.0,1.0,1.0,light
12,74,255,255,255,1.0,1.0,1.0,light
12,75,255,255,255,1.0,1.0,1.0,light
12,76,255,255,255,1.0,1.0,1.0,light
12,77,255,255,255,1.0,1.0,1.0,light
12,78,255,255,255,1.0,1.0,1.0,light
12,79,255,255,255,1.0,1.0,1.0,light
12,80,255,255,255,1.0,1.0,1.0,light
12,81,255,255,255,1.0,1.0,1.0,light
12,82,255,255,255,1.0,1.0,1.0,light
12,83,255,255,255,1.0,1.0,1.0,light
12,84,255,255,255,1.0,1.0,1.0,light
12,85,255,255,255,1.0,1.0,1.0,light
12,86,255,255,255,1.0,1.0,1.0,light
12,87,255,255,255,1.0,1.0,1.0,light
12,88,255,255,255,1.0,1.0,1.0,light
12,89,255,255,255,1.0,1.0,1.0,light
12,90,255,255,255,1.0,1.0,1.0,light
12,91,255,255,255,1.0,1.0,1.0,light
12,92,255,255,255,1.0,1.0,1.0,light
12,93,255,255,255,1.0,1.0,1.0,light
12,94,255,255,255,1.0,1.0,1.0,light
12,95,255,255,255,1.0,1.0,1.0,light
12,96,255,255,255,1.0,1.0,1.0,light
12,97,255,255,255,1.0,1.0,1.0,light
12,98,255,255,255,1.0,1.0,1.0,light
12,99,255,255,255,1.0,1.0,1.0,light
12,100,255,255,255,1.0,1.0,1.0,light
12,101,255,255,255,1.0,1.0,1.0,light
12,102,255,255,255,1.0,1.0,1.0,light
12,103,255,255,255,1.0,1.0,1.0,light
12,104,255,255,255,1.0,1.0,1.0,light
12,105,255,255,255,1.0,1.0,1.0,light
12,106,255,255,255,1.0,1.0,1.0,light
12,107,255,255,255,1.0,1.0,1.0,light
12,108,255,255,255,1.0,1.0,1.0,light
12,109,255,255,255,1.0,1.0,1.0,light
12,110,255,255,255,1.0,1.0,1.0,light
12,111,255,255,255,1.0,1.0,1.0,light
12,112,255,255,255,1.0,1.0,1.0,light
12,113,255,255,255,1.0,1.0,1.0,light
12,114,255,255,255,1.0,1.0,1.0,light
12,115,255,255,255,1.0,1.0,1.0,light
12,116,255,255,255,1.0,1.0,1.0,light
12,117,255,255,255,1.0,1.0,1.0,light
12,118,255,255,255,1.0,1.0,1.0,light
12,119,255,255,255,1.0,1.0,1.0,light
12,120,255,255,255,1.0,1.0,1.0,light
12,121,255,255,255,1.0,1.0,1.0,light
12,122,255,255,255,1.0,1.0,1.0,light
12,123,255,255,255,1.0,1.0,1.0,light
12,124,255,255,255,1.0,1.0,1.0,light
12,125,255,255,255,1.0,1.0,1.0,light
12,126,255,255,255,1.0,1.0,1.0,light
12,127,255,255,255,1.0,1.0,1.0,light
13,0,255,255,255,1.0,1.0,1.0,light
13,1,255,255,255,1.0,1.0,1.0,light
13,2,255,255,255,1.0,1.0,1.0,light
13,3,255,255,255,1.0,1.0,1.0,light
13,4,255,255,255,1.0,1.0,1.0,light
13,5,255,255,255,1.0,1.0,1.0,light
13,6,255,255,255,1.0,1.0,1.0,light
13,7,255,255,255,1.0,1.0,1.0,light
13,8,255,255,255,1.0,1.0,1.0,light
13,9,255,255,255,1.0,1.0,1.0,light
13,10,255,255,255,1.0,1.0,1.0,light
13,11,255,255,255,1.0,1.0,1.0,light
13,12,255,255,255,1.0,1.0,1.0,light
13,13,255,255,255,1.0,1.0,1.0,light
13,14,255,255,255,1.0,1.0,1.0,light
13,15,255,255,255,1.0,1.0,1.0,light
13,16,255,255,255,1.0,1.0,1.0,light
13,17,255,255,255,1.0,1.0,1.0,light
13,18,255,255,255,1.0,1.0,1.0,light
13,19,255,255,255,1.0,1.0,1.0,light
13,20,255,255,255,1.0,1.0,1.0,light
13,21,255,255,255,1.0,1.0,1.0,light
13,22,255,255,255,1.0,1.0,1.0,light
13,23,255,255,255,1.0,1.0,1.0,light
13,24,255,255,255,1.0,1.0,1.0,light
13,25,255,255,255,1.0,1.0,1.0,light
13,26,255,255,255,1.0,1.0,1.0,light
13,27,255,255,255,1.0,1.0,1.0,light
13,28,255,255,255,1.0,1.0,1.0,light
13,29,255,255,255,1.0,1.0,1.0,light
13,30,255,255,255,1.0,1.0,1.0,light
13,31,255,255,255,1.0,1.0,1.0,light
13,32,255,255,255,1.0,1.0,1.0,light
13,33,255,255,255,1.0,1.0,1.0,light
13,34,255,255,255,1.0,1.0,1.0,light
13,35,255,255,255,1.0,1.0,1.0,light
13,36,255,255,255,1.0,1.0,1.0,light
13,37,255,255,255,1.0,1.0,1.0,light
13,38,255,255,255,1.0,1.0,1.0,light
13,39,255,255,255,1.0,1.0,1.0,light
13,40,255,255,255,1.0,1.0,1.0,light
13,41,255,255,255,1.0,1.0,1.0,light
13,42,255,255,255,1.0,1.0,1.0,light
13,43,255,255,255,1.0,1.0,1.0,light
13,44,255,255,255,1.0,1.0,1.0,light
13,45,255,255,255,1.0,1.0,1.0,light
13,46,255,255,255,1.0,1.0,1.0,light
13,47,255,255,255,1.0,1.0,1.0,light
13,48,255,255,255,1.0,1.0,1.0,light
13,49,255,255,255,1.0,1.0,1.0,light
13,50,255,255,255,1.0,1.0,1.0,light
13,51,255,255,255,1.0,1.0,1.0,light
13,52,255,255,255,1.0,1.0,1.0,light
13,53,255,255,255,1.0,1.0,1.0,light
13,54,255,255,255,1.0,1.0,1.0,light
13,55,255,255,255,1.0,1.0,1.0,light
13,56,255,255,255,1.0,1.0,1.0,light
13,57,255,255,255,1.0,1.0,1.0,light
13,58,255,255,255,1.0,1.0,1.0,light
13,59,255,255,255,1.0,1.0,1.0,light
13,60,255,255,255,1.0,1.0,1.0,light
13,61,255,255,255,1.0,1.0,1.0,light
13,62,255,255,255,1.0,1.0,1.0,light
13,63,255,255,255,1.0,1.0,1.0,light
13,64,255,255,255,1.0,1.0,1.0,light
13,65,255,255,255,1.0,1.0,1.0,light
13,66,255,255,255,1.0,1.0,1.0,light
13,67,255,255,255,1.0,1.0,1.0,light
13,68,255,255,255,1.0,1.0,1.0,light
13,69,255,255,255,1.0,1.0,1.0,light
13,70,255,255,255,1.0,1.0,1.0,light
13,71,255,255,255,1.0,1.0,1.0,light
13,72,255,255,255,1.0,1.0,1.0,light
13,73,255,255,255,1.0,1.0,1.0,light
13,74,255,255,255,1.0,1.0,1.0,light
13,75,255,255,255,1.0,1.0,1.0,light
13,76,255,255,255,1.0,1.0,1.0,light
13,77,255,255,255,1.0,1.0,1.0,light
13,78,255,255,255,1.0,1.0,1.0,light
13,79,255,255,255,1.0,1.0,1.0,light
13,80,255,255,255,1.0,1.0,1.0,light
13,81,255,255,255,1.0,1.0,1.0,light
13,82,255,255,255,1.0,1.0,1.0,light
13,83,255,255,255,1.0,1.0,1.0,light
13,84,255,255,255,1.0,1.0,1.0,light
13,85,255,255,255,1.0,1.0,1.0,light
13,86,255,255,255,1.0,1.0,1.0,light
13,87,255,255,255,1.0,1.0,1.0,light
13,88,255,255,255,1.0,1.0,1.0,light
13,89,255,255,255,1.0,1.0,1.0,light
13,90,255,255,255,1.0,1.0,1.0,light
13,91,255,255,255,1.0,1.0,1.0,light
13,92,255,255,255,1.0,1.0,1.0,light
13,93,255,255,255,1.0,1.0,1.0,light
13,94,255,255,255,1.0,1.0,1.0,light
13,95,255,255,255,1.0,1.0,1.0,light
13,96,255,255,255,1.0,1.0,1.0,light
13,97,255,255,255,1.0,1.0,1.0,light
13,98,255,255,255,1.0,1.0,1.0,light
13,99,255,255,255,1.0,1.0,1.0,light
13,100,255,255,255,1.0,1.0,1.0,light
13,101,255,255,255,1.0,1.0,1.0,light
13,102,255,255,255,1.0,1.0,1.0,light
13,103,255,255,255,1.0,1.0,1.0,light
13,104,255,255,255,1.0,1.0,1.0,light
13,105,255,255,255,1.0,1.0,1.0,light
13,106,255,255,255,1.0,1.0,1.0,light
13,107,255,255,255,1.0,1.0,1.0,light
13,108,255,255,255,1.0,1.0,1.0,light
13,109,255,255,255,1.0,1.0,1.0,light
13,110,255,255,255,1.0,1.0,1.0,light
13,111,255,255,255,1.0,1.0,1.0,light
13,112,255,255,255,1.0,1.0,1.0,light
13,113,255,255,255,1.0,1.0,1.0,light
13,114,255,255,255,1.0,1.0,1.0,light
13,115,255,255,255,1.0,1.0,1.0,light
13,116,255,255,255,1.0,1.0,1.0,light
13,117,255,255,255,1.0,1.0,1.0,light
13,118,255,255,255,1.0,1.0,1.0,light
13,119,255,255,255,1.0,1.0,1.0,light
13,120,255,255,255,1.0,1.0,1.0,light
13,121,255,255,255,1.0,1.0,1.0,light
13,122,255,255,255,1.0,1.0,1.0,light
13,123,255,255,255,1.0,1.0,1.0,light
13,124,255,255,255,1.0,1.0,1.0,light
13,125,255,255,255,1.0,1.0,1.0,light
13,126,255,255,255,1.0,1.0,1.0,light
13,127,255,255,255,1.0,1.0,1.0,light
14,0,255,255,255,1.0,1.0,1.0,light
14,1,255,255,255,1.0,1.0,1.0,light
14,2,255,255,255,1.0,1.0,1.0,light
14,3,255,255,255,1.0,1.0,1.0,light
14,4,255,255,255,1.0,1.0,1.0,light
14,5,255,255,255,1.0,1.0,1.0,light
14,6,255,255,255,1.0,1.0,1.0,light
14,7,255,255,255,1.0,1.0,1.0,light
14,8,255,255,255,1.0,1.0,1.0,light
14,9,255,255,255,1.0,1.0,1.0,light
14,10,255,255,255,1.0,1.0,1.0,light
14,11,255,255,255,1.0,1.0,1.0,light
14,12,255,255,255,1.0,1.0,1.0,light
14,13,255,255,255,1.0,1.0,1.0,light
14,14,255,255,255,1.0,1.0,1.0,light
14,15,255,255,255,1.0,1.0,1.0,light
14,16,255,255,255,1.0,1.0,1.0,light
14,17,255,255,255,1.0,1.0,1.0,light
14,18,255,255,255,1.0,1.0,1.0,light
14,19,255,255,255,1.0,1.0,1.0,light
14,20,255,255,255,1.0,1.0,1.0,light
14,21,255,255,255,1.0,1.0,1.0,light
14,22,255,255,255,1.0,1.0,1.0,light
14,23,255,255,255,1.0,1.0,1.0,light
14,24,255,255,255,1.0,1.0,1.0,light
14,25,255,255,255,1.0,1.0,1.0,light
14,26,255,255,255,1.0,1.0,1.0,light
14,27,255,255,255,1.0,1.0,1.0,light
14,28,255,255,255,1.0,1.0,1.0,light
14,29,255,255,255,1.0,1.0,1.0,light
14,30,255,255,255,1.0,1.0,1.0,light
14,31,255,255,255,1.0,1.0,1.0,light
14,32,255,255,255,1.0,1.0,1.0,light
14,33,255,255,255,1.0,1.0,1.0,light
14,34,255,255,255,1.0,1.0,1.0,light
14,35,255,255,255,1.0,1.0,1.0,light
14,36,255,255,255,1.0,1.0,1.0,light
14,37,255,255,255,1.0,1.0,1.0,light
14,38,255,255,255,1.0,1.0,1.0,light
14,39,255,255,255,1.0,1.0,1.0,light
14,40,255,255,255,1.0,1.0,1.0,light
14,41,255,255,255,1.0,1.0,1.0,light
14,42,255,255,255,1.0,1.0,1.0,light
14,43,255,255,255,1.0,1.0,1.0,light
14,44,255,255,255,1.0,1.0,1.0,light
14,45,255,255,255,1.0,1.0,1.0,light
14,46,255,255,255,1.0,1.0,1.0,light
14,47,255,255,255,1.0,1.0,1.0,light
14,48,255,255,255,1.0,1.0,1.0,light
14,49,255,255,255,1.0,1.0,1.0,light
14,50,255,255,255,1.0,1.0,1.0,light
14,51,255,255,255,1.0,1.0,1.0,light
14,52,255,255,255,1.0,1.0,1.0,light
14,53,255,255,255,1.0,1.0,1.0,light
14,54,255,255,255,1.0,1.0,1.0,light
14,55,255,255,255,1.0,1.0,1.0,light
14,56,255,255,255,1.0,1.0,1.0,light
14,57,255,255,255,1.0,1.0,1.0,light
14,58,255,255,255,1.0,1.0,1.0,light
14,59,255,255,255,1.0,1.0,1.0,light
14,60,255,255,255,1.0,1.0,1.0,light
14,61,255,255,255,1.0,1.0,1.0,light
14,62,255,255,255,1.0,1.0,1.0,light
14,63,255,255,255,1.0,1.0,1.0,light
14,64,255,255,255,1.0,1.0,1.0,light
14,65,255,255,255,1.0,1.0,1.0,light
14,66,255,255,255,1.0,1.0,1.0,light
14,67,255,255,255,1.0,1.0,1.0,light
14,68,255,255,255,1.0,1.0,1.0,light
14,69,255,255,255,1.0,1.0,1.0,light
14,70,255,255,255,1.0,1.0,1.0,light
14,71,255,255,255,1.0,1.0,1.0,light
14,72,255,255,255,1.0,1.0,1.0,light
14,73,255,255,255,1.0,1.0,1.0,light
14,74,255,255,255,1.0,1.0,1.0,light
14,75,255,255,255,1.0,1.0,1.0,light
14,76,255,255,255,1.0,1.0,1.0,light
14,77,255,255,255,1.0,1.0,1.0,light
14,78,255,255,255,1.0,1.0,1.0,light
14,79,255,255,255,1.0,1.0,1.0,light
14,80,255,255,255,1.0,1.0,1.0,light
14,81,255,255,255,1.0,1.0,1.0,light
14,82,255,255,255,1.0,1.0,1.0,light
14,83,255,255,255,1.0,1.0,1.0,light
14,84,255,255,255,1.0,1.0,1.0,light
14,85,255,255,255,1.0,1.0,1.0,light
14,86,255,255,255,1.0,1.0,1.0,light
14,87,255,255,255,1.0,1.0,1.0,light
14,88,255,255,255,1.0,1.0,1.0,light
14,89,255,255,255,1.0,1.0,1.0,light
14,90,255,255,255,1.0,1.0,1.0,light
14,91,255,255,255,1.0,1.0,1.0,light
14,92,255,255,255,1.0,1.0,1.0,light
14,93,255,255,255,1.0,1.0,1.0,light
14,94,255,255,255,1.0,1.0,1.0,light
14,95,255,255,255,1.0,1.0,1.0,light
14,96,255,255,255,1.0,1.0,1.0,light
14,97,255,255,255,1.0,1.0,1.0,light
14,98,255,255,255,1.0,1.0,1.0,light
14,99,255,255,255,1.0,1.0,1.0,light
14,100,255,255,255,1.0,1.0,1.0,light
14,101,255,255,255,1.0,1.0,1.0,light
14,102,255,255,255,1.0,1.0,1.0,light
14,103,255,255,255,1.0,1.0,1.0,light
14,104,255,255,255,1.0,1.0,1.0,light
14,105,255,255,255,1.0,1.0,1.0,light
14,106,255,255,255,1.0,1.0,1.0,light
14,107,255,255,255,1.0,1.0,1.0,light
14,108,255,255,255,1.0,1.0,1.0,light
14,109,255,255,255,1.0,1.0,1.0,light
14,110,255,255,255,1.0,1.0,1.0,light
14,111,255,255,255,1.0,1.0,1.0,light
14,112,255,255,255,1.0,1.0,1.0,light
14,113,255,255,255,1.0,1.0,1.0,light
14,114,255,255,255,1.0,1.0,1.0,light
14,115,255,255,255,1.0,1.0,1.0,light
14,116,255,255,255,1.0,1.0,1.0,light
14,117,255,255,255,1.0,1.0,1.0,light
14,118,255,255,255,1.0,1.0,1.0,light
14,119,255,255,255,1.0,1.0,1.0,light
14,120,255,255,255,1.0,1.0,1.0,light
14,121,255,255,255,1.0,1.0,1.0,light
14,122,255,255,255,1.0,1.0,1.0,light
14,123,255,255,255,1.0,1.0,1.0,light
14,124,255,255,255,1.0,1.0,1.0,light
14,125,255,255,255,1.0,1.0,1.0,light
14,126,255,255,255,1.0,1.0,1.0,light
14,127,255,255,255,1.0,1.0,1.0,light
15,0,255,255,255,1.0,1.0,1.0,light
15,1,255,255,255,1.0,1.0,1.0,light
15,2,255,255,255,1.0,1.0,1.0,light
15,3,255,255,255,1.0,1.0,1.0,light
15,4,255,255,255,1.0,1.0,1.0,light
15,5,255,255,255,1.0,1.0,1.0,light
15,6,255,255,255,1.0,1.0,1.0,light
15,7,255,255,255,1.0,1.0,1.0,light
15,8,255,255,255,1.0,1.0,1.0,light
15,9,255,255,255,1.0,1.0,1.0,light
15,10,255,255,255,1.0,1.0,1.0,light
15,11,255,255,255,1.0,1.0,1.0,light
15,12,255,255,255,1.0,1.0,1.0,light
15,13,255,255,255,1.0,1.0,1.0,light
15,14,255,255,255,1.0,1.0,1.0,light
15,15,255,255,255,1.0,1.0,1.0,light
15,16,255,255,255,1.0,1.0,1.0,light
15,17,255,255,255,1.0,1.0,1.0,light
15,18,255,255,255,1.0,1.0,1.0,light
15,19,255,255,255,1.0,1.0,1.0,light
15,20,255,255,255,1.0,1.0,1.0,light
15,21,255,255,255,1.0,1.0,1.0,light
15,22,255,255,255,1.0,1.0,1.0,light
15,23,255,255,255,1.0,1.0,1.0,light
15,24,255,255,255,1.0,1.0,1.0,light
15,25,255,255,255,1.0,1.0,1.0,light
15,26,255,255,255,1.0,1.0,1.0,light
15,27,255,255,255,1.0,1.0,1.0,light
15,28,255,255,255,1.0,1.0,1.0,light
15,29,255,255,255,1.0,1.0,1.0,light
15,30,255,255,255,1.0,1.0,1.0,light
15,31,255,255,255,1.0,1.0,1.0,light
15,32,255,255,255,1.0,1.0,1.0,light
15,33,255,255,255,1.0,1.0,1.0,light
15,34,255,255,255,1.0,1.0,1.0,light
15,35,255,255,255,1.0,1.0,1.0,light
15,36,255,255,255,1.0,1.0,1.0,light
15,37,255,255,255,1.0,1.0,1.0,light
15,38,255,255,255,1.0,1.0,1.0,light
15,39,255,255,255,1.0,1.0,1.0,light
15,40,255,255,255,1.0,1.0,1.0,light
15,41,255,255,255,1.0,1.0,1.0,light
15,42,255,255,255,1.0,1.0,1.0,light
15,43,255,255,255,1.0,1.0,1.0,light
15,44,255,255,255,1.0,1.0,1.0,light
15,45,255,255,255,1.0,1.0,1.0,light
15,46,255,255,255,1.0,1.0,1.0,light
15,47,255,255,255,1.0,1.0,1.0,light
15,48,255,255,255,1.0,1.0,1.0,light
15,49,255,255,255,1.0,1.0,1.0,light
15,50,255,255,255,1.0,1.0,1.0,light
15,51,255,255,255,1.0,1.0,1.0,light
15,52,255,255,255,1.0,1.0,1.0,light
15,53,255,255,255,1.0,1.0,1.0,light
15,54,255,255,255,1.0,1.0,1.0,light
15,55,255,255,255,1.0,1.0,1.0,light
15,56,255,255,255,1.0,1.0,1.0,light
15,57,255,255,255,1.0,1.0,1.0,light
15,58,255,255,255,1.0,1.0,1.0,light
15,59,255,255,255,1.0,1.0,1.0,light
15,60,255,255,255,1.0,1.0,1.0,light
15,61,255,255,255,1.0,1.0,1.0,light
15,62,255,255,255,1.0,1.0,1.0,light
15,63,255,255,255,1.0,1.0,1.0,light
15,64,255,255,255,1.0,1.0,1.0,light
15,65,255,255,255,1.0,1.0,1.0,light
15,66,255,255,255,1.0,1.0,1.0,light
15,67,255,255,255,1.0,1.0,1.0,light
15,68,255,255,255,1.0,1.0,1.0,light
15,69,255,255,255,1.0,1.0,1.0,light
15,70,255,255,255,1.0,1.0,1.0,light
15,71,255,255,255,1.0,1.0,1.0,light
15,72,255,255,255,1.0,1.0,1.0,light
15,73,255,255,255,1.0,1.0,1.0,light
15,74,255,255,255,1.0,1.0,1.0,light
15,75,255,255,255,1.0,1.0,1.0,light
15,76,255,255,255,1.0,1.0,1.0,light
15,77,255,255,255,1.0,1.0,1.0,light
15,78,255,255,255,1.0,1.0,1.0,light
15,79,255,255,255,1.0,1.0,1.0,light
15,80,255,255,255,1.0,1.0,1.0,light
15,81,255,255,255,1.0,1.0,1.0,light
15,82,255,255,255,1.0,1.0,1.0,light
15,83,255,255,255,1.0,1.0,1.0,light
15,84,255,255,255,1.0,1.0,1.0,light
15,85,255,255,255,1.0,1.0,1.0,light
15,86,255,255,255,1.0,1.0,1.0,light
15,87,255,255,255,1.0,1.0,1.0,light
15,88,255,255,255,1.0,1.0,1.0,light
15,89,255,255,255,1.0,1.0,1.0,light
15,90,255,255,255,1.0,1.0,1.0,light
15,91,255,255,255,1.0,1.0,1.0,light
15,92,255,255,255,1.0,1.0,1.0,light
15,93,255,255,255,1.0,1.0,1.0,light
15,94,255,255,255,1.0,1.0,1.0,light
15,95,255,255,255,1.0,1.0,1.0,light
15,96,255,255,255,1.0,1.0,1.0,light
15,97,255,255,255,1.0,1.0,1.0,light
15,98,255,255,255,1.0,1.0,1.0,light
15,99,255,255,255,1.0,1.0,1.0,light
15,100,255,255,255,1.0,1.0,1.0,light
15,101,255,255,255,1.0,1.0,1.0,light
15,102,255,255,255,1.0,1.0,1.0,light
15,103,255,255,255,1.0,1.0,1.0,light
15,104,255,255,255,1.0,1.0,1.0,light
15,105,255,255,255,1.0,1.0,1.0,light
15,106,255,255,255,1.0,1.0,1.0,light
15,107,255,255,255,1.0,1.0,1.0,light
15,108,255,255,255,1.0,1.0,1.0,light
15,109,255,255,255,1.0,1.0,1.0,light
15,110,255,255,255,1.0,1.0,1.0,light
15,111,255,255,255,1.0,1.0,1.0,light
15,112,255,255,255,1.0,1.0,1.0,light
15,113,255,255,255,1.0,1.0,1.0,light
15,114,255,255,255,1.0,1.0,1.0,light
15,115,255,255,255,1.0,1.0,1.0,light
15,116,255,255,255,1.0,1.0,1.0,light
15,117,255,255,255,1.0,1.0,1.0,light
15,118,255,255,255,1.0,1.0,1.0,light
15,119,255,255,255,1.0,1.0,1.0,light
15,120,255,255,255,1.0,1.0,1.0,light
15,121,255,255,255,1.0,1.0,1.0,light
15,122,255,255,255,1.0,1.0,1.0,light
15,123,255,255,255,1.0,1.0,1.0,light
15,124,255,255,255,1.0,1.0,1.0,light
15,125,255,255,255,1.0,1.0,1.0,light
15,126,255,255,255,1.0,1.0,1.0,light
15,127,255,255,255,1.0,1.0,1.0,light
16,0,255,255,255,1.0,1.0,1.0,light
16,1,255,255,255,1.0,1.0,1.0,light
16,2,255,255,255,1.0,1.0,1.0,light
16,3,255,255,255,1.0,1.0,1.0,light
16,4,255,255,255,1.0,1.0,1.0,light
16,5,255,255,255,1.0,1.0,1.0,light
16,6,255,255,255,1.0,1.0,1.0,light
16,7,255,255,255,1.0,1.0,1.0,light
16,8,255,255,255,1.0,1.0,1.0,light
16,9,255,255,255,1.0,1.0,1.0,light
16,10,255,255,255,1.0,1.0,1.0,light
16,11,255,255,255,1.0,1.0,1.0,light
16,12,255,255,255,1.0,1.0,1.0,light
16,13,255,255,255,1.0,1.0,1.0,light
16,14,255,255,255,1.0,1.0,1.0,light
16,15,255,255,255,1.0,1.0,1.0,light
16,16,255,255,255,1.0,1.0,1.0,light
16,17,255,255,255,1.0,1.0,1.0,light
16,18,255,255,255,1.0,1.0,1.0,light
16,19,255,255,255,1.0,1.0,1.0,light
16,20,255,255,255,1.0,1.0,1.0,light
16,21,255,255,255,1.0,1.0,1.0,light
16,22,255,255,255,1.0,1.0,1.0,light
16,23,255,255,255,1.0,1.0,1.0,light
16,24,255,255,255,1.0,1.0,1.0,light
16,25,255,255,255,1.0,1.0,1.0,light
16,26,255,255,255,1.0,1.0,1.0,light
16,27,255,255,255,1.0,1.0,1.0,light
16,28,255,255,255,1.0,1.0,1.0,light
16,29,255,255,255,1.0,1.0,1.0,light
16,30,255,255,255,1.0,1.0,1.0,light
16,31,255,255,255,1.0,1.0,1.0,light
16,32,255,255,255,1.0,1.0,1.0,light
16,33,255,255,255,1.0,1.0,1.0,light
16,34,255,255,255,1.0,1.0,1.0,light
16,35,255,255,255,1.0,1.0,1.0,light
16,36,255,255,255,1.0,1.0,1.0,light
16,37,255,255,255,1.0,1.0,1.0,light
16,38,255,255,255,1.0,1.0,1.0,light
16,39,255,255,255,1.0,1.0,1.0,light
16,40,255,255,255,1.0,1.0,1.0,light
16,41,255,255,255,1.0,1.0,1.0,light
16,42,255,255,255,1.0,1.0,1.0,light
16,43,255,255,255,1.0,1.0,1.0,light
16,44,255,255,255,1.0,1.0,1.0,light
16,45,255,255,255,1.0,1.0,1.0,light
16,46,255,255,255,1.0,1.0,1.0,light
16,47,255,255,255,1.0,1.0,1.0,light
16,48,255,255,255,1.0,1.0,1.0,light
16,49,255,255,255,1.0,1.0,1.0,light
16,50,255,255,255,1.0,1.0,1.0,light
16,51,255,255,255,1.0,1.0,1.0,light
16,52,255,255,255,1.0,1.0,1.0,light
16,53,255,255,255,1.0,1.0,1.0,light
16,54,255,255,255,1.0,1.0,1.0,light
16,55,255,255,255,1.0,1.0,1.0,light
16,56,255,255,255,1.0,1.0,1.0,light
16,57,255,255,255,1.0,1.0,1.0,light
16,58,255,255,255,1.0,1.0,1.0,light
16,59,255,255,255,1.0,1.0,1.0,light
16,60,255,255,255,1.0,1.0,1.0,light
16,61,255,255,255,1.0,1.0,1.0,light
16,62,255,255,254,1.0,1.0,0.99607843,light
16,63,255,255,254,1.0,1.0,0.99607843,light
16,64,255,255,254,1.0,1.0,0.99607843,light
16,65,255,255,254,1.0,1.0,0.99607843,light
16,66,255,255,254,1.0,1.0,0.99607843,light
16,67,255,255,254,1.0,1.0,0.99607843,light
16,68,255,255,254,1.0,1.0,0.99607843,light
16,69,255,255,254,1.0,1.0,0.99607843,light
16,70,255,255,254,1.0,1.0,0.99607843,light
16,71,255,255,254,1.0,1.0,0.99607843,light
16,72,255,255,254,1.0,1.0,0.99607843,light
16,73,255,255,254,1.0,1.0,0.99607843,light
16,74,255,255,254,1.0,1.0,0.99607843,light
16,75,255,255,254,1.0,1.0,0.99607843,light
16,76,255,255,255,1.0,1.0,1.0,light
16,77,255,255,255,1.0,1.0,1.0,light
16,78,255,255,255,1.0,1.0,1.0,light
16,79,255,255,255,1.0,1.0,1.0,light
16,80,255,255,255,1.0,1.0,1.0,light
16,81,255,255,255,1.0,1.0,1.0,light
16,82,255,255,255,1.0,1.0,1.0,light
16,83,255,255,255,1.0,1.0,1.0,light
16,84,255,255,255,1.0,1.0,1.0,light
16,85,249,249,249,0.9764706,0.9764706,0.9764706,light
16,86,246,245,246,0.9647059,0.9607843,0.9647059,light
16,87,246,246,246,0.9647059,0.9647059,0.9647059,light
16,88,246,246,246,0.9647059,0.9647059,0.9647059,light
16,89,246,246,246,0.9647059,0.9647059,0.9647059,light
16,90,246,246,246,0.9647059,0.9647059,0.9647059,light
16,91,246,246,246,0.9647059,0.9647059,0.9647059,light
16,92,246,246,246,0.9647059,0.9647059,0.9647059,light
16,93,248,247,248,0.972549,0.96862745,0.972549,light
16,94,255,255,255,1.0,1.0,1.0,light
16,95,255,255,255,1.0,1.0,1.0,light
16,96,255,255,255,1.0,1.0,1.0,light
16,97,255,255,255,1.0,1.0,1.0,light
16,98,255,255,255,1.0,1.0,1.0,light
16,99,255,255,255,1.0,1.0,1.0,light
16,100,255,255,255,1.0,1.0,1.0,light
16,101,255,255,255,1.0,1.0,1.0,light
16,102,255,255,255,1.0,1.0,1.0,light
16,103,255,255,255,1.0,1.0,1.0,light
16,104,255,255,255,1.0,1.0,1.0,light
16,105,255,255,255,1.0,1.0,1.0,light
16,106,255,255,255,1.0,1.0,1.0,light
16,107,255,255,255,1.0,1.0,1.0,light
16,108,255,255,255,1.0,1.0,1.0,light
16,109,255,255,255,1.0,1.0,1.0,light
16,110,255,255,255,1.0,1.0,1.0,light
16,111,255,255,255,1.0,1.0,1.0,light
16,112,255,255,255,1.0,1.0,1.0,light
16,113,255,255,255,1.0,1.0,1.0,light
16,114,255,255,255,1.0,1.0,1.0,light
16,115,255,255,255,1.0,1.0,1.0,light
16,116,255,255,255,1.0,1.0,1.0,light
16,117,255,255,255,1.0,1.0,1.0,light
16,118,255,255,255,1.0,1.0,1.0,light
16,119,255,255,255,1.0,1.0,1.0,light
16,120,255,255,255,1.0,1.0,1.0,light
16,121,255,255,255,1.0,1.0,1.0,light
16,122,255,255,255,1.0,1.0,1.0,light
16,123,255,255,255,1.0,1.0,1.0,light
16,124,255,255,255,1.0,1.0,1.0,light
16,125,255,255,255,1.0,1.0,1.0,light
16,126,255,255,255,1.0,1.0,1.0,light
16,127,255,255,255,1.0,1.0,1.0,light
17,0,255,255,255,1.0,1.0,1.0,light
17,1,255,255,255,1.0,1.0,1.0,light
17,2,255,255,255,1.0,1.0,1.0,light
17,3,255,255,255,1.0,1.0,1.0,light
17,4,255,255,255,1.0,1.0,1.0,light
17,5,255,255,255,1.0,1.0,1.0,light
17,6,255,255,255,1.0,1.0,1.0,light
17,7,255,255,255,1.0,1.0,1.0,light
17,8,255,255,255,1.0,1.0,1.0,light
17,9,255,255,255,1.0,1.0,1.0,light
17,10,255,255,255,1.0,1.0,1.0,light
17,11,255,255,255,1.0,1.0,1.0,light
17,12,255,255,255,1.0,1.0,1.0,light
17,13,255,255,255,1.0,1.0,1.0,light
17,14,255,255,255,1.0,1.0,1.0,light
17,15,255,255,255,1.0,1.0,1.0,light
17,16,255,255,255,1.0,1.0,1.0,light
17,17,255,255,255,1.0,1.0,1.0,light
17,18,255,255,255,1.0,1.0,1.0,light
17,19,255,255,255,1.0,1.0,1.0,light
17,20,255,255,255,1.0,1.0,1.0,light
17,21,255,255,255,1.0,1.0,1.0,light
17,22,255,255,255,1.0,1.0,1.0,light
17,23,255,255,255,1.0,1.0,1.0,light
17,24,255,255,255,1.0,1.0,1.0,light
17,25,255,255,255,1.0,1.0,1.0,light
17,26,255,255,255,1.0,1.0,1.0,light
17,27,255,255,255,1.0,1.0,1.0,light
17,28,255,255,255,1.0,1.0,1.0,light
17,29,255,255,255,1.0,1.0,1.0,light
17,30,255,255,255,1.0,1.0,1.0,light
17,31,255,255,255,1.0,1.0,1.0,light
17,32,255,255,255,1.0,1.0,1.0,light
17,33,255,255,255,1.0,1.0,1.0,light
17,34,255,255,255,1.0,1.0,1.0,light
17,35,255,255,255,1.0,1.0,1.0,light
17,36,255,255,255,1.0,1.0,1.0,light
17,37,255,255,255,1.0,1.0,1.0,light
17,38,255,255,255,1.0,1.0,1.0,light
17,39,255,255,255,1.0,1.0,1.0,light
17,40,255,255,255,1.0,1.0,1.0,light
17,41,255,255,255,1.0,1.0,1.0,light
17,42,255,255,255,1.0,1.0,1.0,light
17,43,255,255,255,1.0,1.0,1.0,light
17,44,255,255,255,1.0,1.0,1.0,light
17,45,255,255,255,1.0,1.0,1.0,light
17,46,255,255,255,1.0,1.0,1.0,light
17,47,255,255,255,1.0,1.0,1.0,light
17,48,255,255,255,1.0,1.0,1.0,light
17,49,255,255,255,1.0,1.0,1.0,light
17,50,255,255,255,1.0,1.0,1.0,light
17,51,255,255,255,1.0,1.0,1.0,light
17,52,255,255,255,1.0,1.0,1.0,light
17,53,255,255,255,1.0,1.0,1.0,light
17,54,255,255,255,1.0,1.0,1.0,light
17,55,255,255,255,1.0,1.0,1.0,light
17,56,255,255,255,1.0,1.0,1.0,light
17,57,255,255,255,1.0,1.0,1.0,light
17,58,255,255,255,1.0,1.0,1.0,light
17,59,255,255,254,1.0,1.0,0.99607843,light
17,60,254,255,253,0.99607843,1.0,0.99215686,light
17,61,254,255,253,0.99607843,1.0,0.99215686,light
17,62,254,255,253,0.99607843,1.0,0.99215686,light
17,63,255,255,254,1.0,1.0,0.99607843,light
17,64,255,255,254,1.0,1.0,0.99607843,light
17,65,255,255,254,1.0,1.0,0.99607843,light
17,66,255,255,254,1.0,1.0,0.99607843,light
17,67,255,255,254,1.0,1.0,0.99607843,light
17,68,255,255,254,1.0,1.0,0.99607843,light
17,69,255,255,254,1.0,1.0,0.99607843,light
17,70,255,255,254,1.0,1.0,0.99607843,light
17,71,255,255,254,1.0,1.0,0.99607843,light
17,72,255,255,254,1.0,1.0,0.99607843,light
17,73,255,255,254,1.0,1.0,0.99607843,light
17,74,255,255,254,1.0,1.0,0.99607843,light
17,75,255,255,254,1.0,1.0,0.99607843,light
17,76,255,255,254,1.0,1.0,0.99607843,light
17,77,254,255,254,0.99607843,1.0,0.99607843,light
17,78,255,255,255,1.0,1.0,1.0,light
17,79,255,255,255,1.0,1.0,1.0,light
17,80,255,255,255,1.0,1.0,1.0,light
17,81,255,255,255,1.0,1.0,1.0,light
17,82,255,255,255,1.0,1.0,1.0,light
17,83,255,255,255,1.0,1.0,1.0,light
17,84,255,255,255,1.0,1.0,1.0,light
17,85,139,136,142,0.54509807,0.53333336,0.5568628,mid
17,86,73,68,80,0.28627452,0.26666668,0.3137255,dark
17,87,80,74,86,0.3137255,0.2901961,0.3372549,dark
17,88,80,75,86,0.3137255,0.29411766,0.3372549,dark
17,89,80,75,86,0.3137255,0.29411766,0.3372549,dark
17,90,80,75,86,0.3137255,0.29411766,0.3372549,dark
17,91,80,74,86,0.3137255,0.2901961,0.3372549,dark
17,92,76,70,83,0.29803923,0.27450982,0.3254902,dark
17,93,109,105,114,0.42745098,0.4117647,0.44705883,mid
17,94,253,253,251,0.99215686,0.99215686,0.9843137,light
17,95,255,255,255,1.0,1.0,1.0,light
17,96,255,255,255,1.0,1.0,1.0,light
17,97,255,255,255,1.0,1.0,1.0,light
17,98,255,255,255,1.0,1.0,1.0,light
17,99,255,255,255,1.0,1.0,1.0,light
17,100,255,255,255,1.0,1.0,1.0,light
17,101,255,255,255,1.0,1.0,1.0,light
17,102,255,255,255,1.0,1.0,1.0,light
17,103,255,255,255,1.0,1.0,1.0,light
17,104,255,255,255,1.0,1.0,1.0,light
17,105,255,255,255,1.0,1.0,1.0,light
17,106,255,255,255,1.0,1.0,1.0,light
17,107,255,255,255,1.0,1.0,1.0,light
17,108,255,255,255,1.0,1.0,1.0,light
17,109,255,255,255,1.0,1.0,1.0,light
17,110,255,255,255,1.0,1.0,1.0,light
17,111,255,255,255,1.0,1.0,1.0,light
17,112,255,255,255,1.0,1.0,1.0,light
17,113,255,255,255,1.0,1.0,1.0,light
17,114,255,255,255,1.0,1.0,1.0,light
17,115,255,255,255,1.0,1.0,1.0,light
17,116,255,255,255,1.0,1.0,1.0,light
17,117,255,255,255,1.0,1.0,1.0,light
17,118,255,255,255,1.0,1.0,1.0,light
17,119,255,255,255,1.0,1.0,1.0,light
17,120,255,255,255,1.0,1.0,1.0,light
17,121,255,255,255,1.0,1.0,1.0,light
17,122,255,255,255,1.0,1.0,1.0,light
17,123,255,255,255,1.0,1.0,1.0,light
17,124,255,255,255,1.0,1.0,1.0,light
17,125,255,255,255,1.0,1.0,1.0,light
17,126,255,255,255,1.0,1.0,1.0,light
17,127,255,255,255,1.0,1.0,1.0,light
18,0,255,255,255,1.0,1.0,1.0,light
18,1,255,255,255,1.0,1.0,1.0,light
18,2,255,255,255,1.0,1.0,1.0,light
18,3,255,255,255,1.0,1.0,1.0,light
18,4,255,255,255,1.0,1.0,1.0,light
18,5,255,255,255,1.0,1.0,1.0,light
18,6,255,255,255,1.0,1.0,1.0,light
18,7,255,255,255,1.0,1.0,1.0,light
18,8,255,255,255,1.0,1.0,1.0,light
18,9,255,255,255,1.0,1.0,1.0,light
18,10,255,255,255,1.0,1.0,1.0,light
18,11,255,255,255,1.0,1.0,1.0,light
18,12,255,255,255,1.0,1.0,1.0,light
18,13,255,255,255,1.0,1.0,1.0,light
18,14,255,255,255,1.0,1.0,1.0,light
18,15,255,255,255,1.0,1.0,1.0,light
18,16,255,255,255,1.0,1.0,1.0,light
18,17,255,255,255,1.0,1.0,1.0,light
18,18,255,255,255,1.0,1.0,1.0,light
18,19,255,255,255,1.0,1.0,1.0,light
18,20,255,255,255,1.0,1.0,1.0,light
18,21,255,255,255,1.0,1.0,1.0,light
18,22,255,255,255,1.0,1.0,1.0,light
18,23,255,255,255,1.0,1.0,1.0,light
18,24,255,255,255,1.0,1.0,1.0,light
18,25,255,255,255,1.0,1.0,1.0,light
18,26,255,255,255,1.0,1.0,1.0,light
18,27,255,255,255,1.0,1.0,1.0,light
18,28,255,255,255,1.0,1.0,1.0,light
18,29,255,255,255,1.0,1.0,1.0,light
18,30,255,255,255,1.0,1.0,1.0,light
18,31,255,255,255,1.0,1.0,1.0,light
18,32,255,255,255,1.0,1.0,1.0,light
18,33,255,255,255,1.0,1.0,1.0,light
18,34,255,255,255,1.0,1.0,1.0,light
18,35,255,255,255,1.0,1.0,1.0,light
18,36,255,255,255,1.0,1.0,1.0,light
18,37,255,255,255,1.0,1.0,1.0,light
18,38,255,255,255,1.0,1.0,1.0,light
18,39,255,255,255,1.0,1.0,1.0,light
18,40,255,255,255,1.0,1.0,1.0,light
18,41,255,255,255,1.0,1.0,1.0,light
18,42,255,255,255,1.0,1.0,1.0,light
18,43,255,255,255,1.0,1.0,1.0,light
18,44,255,255,255,1.0,1.0,1.0,light
18,45,255,255,255,1.0,1.0,1.0,light
18,46,255,255,255,1.0,1.0,1.0,light
18,47,255,255,255,1.0,1.0,1.0,light
18,48,255,255,255,1.0,1.0,1.0,light
18,49,255,255,255,1.0,1.0,1.0,light
18,50,255,255,255,1.0,1.0,1.0,light
18,51,255,255,255,1.0,1.0,1.0,light
18,52,255,255,255,1.0,1.0,1.0,light
18,53,255,255,255,1.0,1.0,1.0,light
18,54,255,255,255,1.0,1.0,1.0,light
18,55,255,255,255,1.0,1.0,1.0,light
18,56,255,255,255,1.0,1.0,1.0,light
18,57,255,255,255,1.0,1.0,1.0,light
18,58,255,255,255,1.0,1.0,1.0,light
18,59,255,255,254,1.0,1.0,0.99607843,light
18,60,254,255,253,0.99607843,1.0,0.99215686,light
18,61,254,253,254,0.99607843,0.99215686,0.99607843,light
18,62,255,254,255,1.0,0.99607843,1.0,light
18,63,255,255,255,1.0,1.0,1.0,light
18,64,255,255,255,1.0,1.0,1.0,light
18,65,255,255,255,1.0,1.0,1.0,light
18,66,255,255,255,1.0,1.0,1.0,light
18,67,255,255,255,1.0,1.0,1.0,light
18,68,255,255,255,1.0,1.0,1.0,light
18,69,255,255,255,1.0,1.0,1.0,light
18,70,255,255,255,1.0,1.0,1.0,light
18,71,255,255,255,1.0,1.0,1.0,light
18,72,255,255,255,1.0,1.0,1.0,light
18,73,255,255,255,1.0,1.0,1.0,light
18,74,255,255,255,1.0,1.0,1.0,light
18,75,255,255,255,1.0,1.0,1.0,light
18,76,255,255,255,1.0,1.0,1.0,light
18,77,255,255,254,1.0,1.0,0.99607843,light
18,78,253,255,254,0.99215686,1.0,0.99607843,light
18,79,252,254,254,0.9882353,0.99607843,0.99607843,light
18,80,255,255,255,1.0,1.0,1.0,light
18,81,255,255,255,1.0,1.0,1.0,light
18,82,254,254,253,0.99607843,0.99607843,0.99215686,light
18,83,255,255,253,1.0,1.0,0.99215686,light
18,84,255,255,255,1.0,1.0,1.0,light
18,85,121,117,126,0.4745098,0.45882353,0.49411765,mid
18,86,45,39,54,0.1764706,0.15294118,0.21176471,dark
18,87,53,46,61,0.20784314,0.18039216,0.23921569,dark
18,88,53,46,61,0.20784314,0.18039216,0.23921569,dark
18,89,53,46,61,0.20784314,0.18039216,0.23921569,dark
18,90,53,46,61,0.20784314,0.18039216,0.23921569,dark
18,91,53,46,61,0.20784314,0.18039216,0.23921569,dark
18,92,48,42,57,0.1882353,0.16470589,0.22352941,dark
18,93,86,81,93,0.3372549,0.31764707,0.3647059,dark
18,94,253,252,252,0.99215686,0.9882353,0.9882353,light
18,95,255,255,254,1.0,1.0,0.99607843,light
18,96,254,254,252,0.99607843,0.99607843,0.9882353,light
18,97,255,255,255,1.0,1.0,1.0,light
18,98,255,255,255,1.0,1.0,1.0,light
18,99,255,255,255,1.0,1.0,1.0,light
18,100,255,255,255,1.0,1.0,1.0,light
18,101,255,255,255,1.0,1.0,1.0,light
18,102,255,255,255,1.0,1.0,1.0,light
18,103,255,255,255,1.0,1.0,1.0,light
18,104,255,255,255,1.0,1.0,1.0,light
18,105,255,255,255,1.0,1.0,1.0,light
18,106,255,255,255,1.0,1.0,1.0,light
18,107,255,255,255,1.0,1.0,1.0,light
18,108,255,255,255,1.0,1.0,1.0,light
18,109,255,255,255,1.0,1.0,1.0,light
18,110,255,255,255,1.0,1.0,1.0,light
18,111,255,255,255,1.0,1.0,1.0,light
18,112,255,255,255,1.0,1.0,1.0,light
18,113,255,255,255,1.0,1.0,1.0,light
18,114,255,255,255,1.0,1.0,1.0,light
18,115,255,255,255,1.0,1.0,1.0,light
18,116,255,255,255,1.0,1.0,1.0,light
18,117,255,255,255,1.0,1.0,1.0,light
18,118,255,255,255,1.0,1.0,1.0,light
18,119,255,255,255,1.0,1.0,1.0,light
18,120,255,255,255,1.0,1.0,1.0,light
18,121,255,255,255,1.0,1.0,1.0,light
18,122,255,255,255,1.0,1.0,1.0,light
18,123,255,255,255,1.0,1.0,1.0,light
18,124,255,255,255,1.0,1.0,1.0,light
18,125,255,255,255,1.0,1.0,1.0,light
18,126,255,255,255,1.0,1.0,1.0,light
18,127,255,255,255,1.0,1.0,1.0,light
19,0,255,255,255,1.0,1.0,1.0,light
19,1,255,255,255,1.0,1.0,1.0,light
19,2,255,255,255,1.0,1.0,1.0,light
19,3,255,255,255,1.0,1.0,1.0,light
19,4,255,255,255,1.0,1.0,1.0,light
19,5,255,255,255,1.0,1.0,1.0,light
19,6,255,255,255,1.0,1.0,1.0,light
19,7,255,255,255,1.0,1.0,1.0,light
19,8,255,255,255,1.0,1.0,1.0,light
19,9,255,255,255,1.0,1.0,1.0,light
19,10,255,255,255,1.0,1.0,1.0,light
19,11,255,255,255,1.0,1.0,1.0,light
19,12,255,255,255,1.0,1.0,1.0,light
19,13,255,255,255,1.0,1.0,1.0,light
19,14,255,255,255,1.0,1.0,1.0,light
19,15,255,255,255,1.0,1.0,1.0,light
19,16,255,255,255,1.0,1.0,1.0,light
19,17,255,255,255,1.0,1.0,1.0,light
19,18,255,255,255,1.0,1.0,1.0,light
19,19,255,255,255,1.0,1.0,1.0,light
19,20,255,255,255,1.0,1.0,1.0,light
19,21,255,255,255,1.0,1.0,1.0,light
19,22,255,255,255,1.0,1.0,1.0,light
19,23,255,255,255,1.0,1.0,1.0,light
19,24,255,255,255,1.0,1.0,1.0,light
19,25,255,255,255,1.0,1.0,1.0,light
19,26,255,255,255,1.0,1.0,1.0,light
19,27,255,255,255,1.0,1.0,1.0,light
19,28,255,255,255,1.0,1.0,1.0,light
19,29,255,255,255,1.0,1.0,1.0,light
19,30,255,255,255,1.0,1.0,1.0,light
19,31,255,255,255,1.0,1.0,1.0,light
19,32,255,255,255,1.0,1.0,1.0,light
19,33,255,255,255,1.0,1.0,1.0,light
19,34,255,255,255,1.0,1.0,1.0,light
19,35,255,255,255,1.0,1.0,1.0,light
19,36,255,255,255,1.0,1.0,1.0,light
19,37,255,255,255,1.0,1.0,1.0,light
19,38,255,255,255,1.0,1.0,1.0,light
19,39,255,255,255,1.0,1.0,1.0,light
19,40,255,255,255,1.0,1.0,1.0,light
19,41,255,255,255,1.0,1.0,1.0,light
19,42,202,201,204,0.7921569,0.7882353,0.8,light
19,43,93,90,99,0.3647059,0.3529412,0.3882353,mid
19,44,98,95,104,0.38431373,0.37254903,0.40784314,mid
19,45,100,95,104,0.39215687,0.37254903,0.40784314,mid
19,46,96,92,101,0.3764706,0.36078432,0.39607844,mid
19,47,74,76,83,0.2901961,0.29803923,0.3254902,dark
19,48,73,75,82,0.28627452,0.29411766,0.32156864,dark
19,49,74,73,81,0.2901961,0.28627452,0.31764707,dark
19,50,74,73,81,0.2901961,0.28627452,0.31764707,dark
19,51,216,216,217,0.84705883,0.84705883,0.8509804,light
19,52,255,255,255,1.0,1.0,1.0,light
19,53,255,255,255,1.0,1.0,1.0,light
19,54,255,255,255,1.0,1.0,1.0,light
19,55,255,255,255,1.0,1.0,1.0,light
19,56,255,255,255,1.0,1.0,1.0,light
19,57,255,255,254,1.0,1.0,0.99607843,light
19,58,255,255,254,1.0,1.0,0.99607843,light
19,59,254,255,254,0.99607843,1.0,0.99607843,light
19,60,255,255,255,1.0,1.0,1.0,light
19,61,237,234,238,0.92941177,0.91764706,0.93333334,light
19,62,157,145,160,0.6156863,0.5686275,0.627451,mid
19,63,156,142,160,0.6117647,0.5568628,0.627451,mid
19,64,157,143,160,0.6156863,0.56078434,0.627451,mid
19,65,157,143,160,0.6156863,0.56078434,0.627451,mid
19,66,157,143,160,0.6156863,0.56078434,0.627451,mid
19,67,157,143,160,0.6156863,0.56078434,0.627451,mid
19,68,157,143,160,0.6156863,0.56078434,0.627451,mid
19,69,157,143,160,0.6156863,0.56078434,0.627451,mid
19,70,157,143,160,0.6156863,0.56078434,0.627451,mid
19,71,157,143,160,0.6156863,0.56078434,0.627451,mid
19,72,157,143,160,0.6156863,0.56078434,0.627451,mid
19,73,157,143,160,0.6156863,0.56078434,0.627451,mid
19,74,157,143,160,0.6156863,0.56078434,0.627451,mid
19,75,157,143,160,0.6156863,0.56078434,0.627451,mid
19,76,157,143,161,0.6156863,0.56078434,0.6313726,mid
19,77,155,141,160,0.60784316,0.5529412,0.627451,mid
19,78,165,158,168,0.64705884,0.61960787,0.65882355,mid
19,79,249,249,249,0.9764706,0.9764706,0.9764706,light
19,80,255,255,255,1.0,1.0,1.0,light
19,81,255,255,255,1.0,1.0,1.0,light
19,82,254,254,254,0.99607843,0.99607843,0.99607843,light
19,83,131,129,135,0.5137255,0.5058824,0.5294118,mid
19,84,93,91,101,0.3647059,0.35686275,0.39607844,mid
19,85,70,65,78,0.27450982,0.25490198,0.30588236,dark
19,86,55,48,62,0.21568628,0.1882353,0.24313726,dark
19,87,56,50,64,0.21960784,0.19607843,0.2509804,dark
19,88,56,50,64,0.21960784,0.19607843,0.2509804,dark
19,89,56,50,64,0.21960784,0.19607843,0.2509804,dark
19,90,56,50,64,0.21960784,0.19607843,0.2509804,dark
19,91,56,50,64,0.21960784,0.19607843,0.2509804,dark
19,92,55,49,63,0.21568628,0.19215687,0.24705882,dark
19,93,63,57,71,0.24705882,0.22352941,0.2784314,dark
19,94,95,92,103,0.37254903,0.36078432,0.40392157,mid
19,95,109,108,114,0.42745098,0.42352942,0.44705883,mid
19,96,241,241,241,0.94509804,0.94509804,0.94509804,light
19,97,255,255,255,1.0,1.0,1.0,light
19,98,255,255,254,1.0,1.0,0.99607843,light
19,99,255,255,255,1.0,1.0,1.0,light
19,100,255,255,255,1.0,1.0,1.0,light
19,101,255,255,255,1.0,1.0,1.0,light
19,102,255,255,255,1.0,1.0,1.0,light
19,103,255,255,255,1.0,1.0,1.0,light
19,104,255,255,255,1.0,1.0,1.0,light
19,105,255,255,255,1.0,1.0,1.0,light
19,106,255,255,255,1.0,1.0,1.0,light
19,107,255,255,255,1.0,1.0,1.0,light
19,108,255,255,255,1.0,1.0,1.0,light
19,109,255,255,255,1.0,1.0,1.0,light
19,110,255,255,255,1.0,1.0,1.0,light
19,111,255,255,255,1.0,1.0,1.0,light
19,112,255,255,255,1.0,1.0,1.0,light
19,113,255,255,255,1.0,1.0,1.0,light
19,114,255,255,255,1.0,1.0,1.0,light
19,115,255,255,255,1.0,1.0,1.0,light
19,116,255,255,255,1.0,1.0,1.0,light
19,117,255,255,255,1.0,1.0,1.0,light
19,118,255,255,255,1.0,1.0,1.0,light
19,119,255,255,255,1.0,1.0,1.0,light
19,120,255,255,255,1.0,1.0,1.0,light
19,121,255,255,255,1.0,1.0,1.0,light
19,122,255,255,255,1.0,1.0,1.0,light
19,123,255,255,255,1.0,1.0,1.0,light
19,124,255,255,255,1.0,1.0,1.0,light
19,125,255,255,255,1.0,1.0,1.0,light
19,126,255,255,255,1.0,1.0,1.0,light
19,127,255,255,255,1.0,1.0,1.0,light
20,0,255,255,255,1.0,1.0,1.0,light
20,1,255,255,255,1.0,1.0,1.0,light
20,2,255,255,255,1.0,1.0,1.0,light
20,3,255,255,255,1.0,1.0,1.0,light
20,4,255,255,255,1.0,1.0,1.0,light
20,5,255,255,255,1.0,1.0,1.0,light
20,6,255,255,255,1.0,1.0,1.0,light
20,7,255,255,255,1.0,1.0,1.0,light
20,8,255,255,255,1.0,1.0,1.0,light
20,9,255,255,255,1.0,1.0,1.0,light
20,10,255,255,255,1.0,1.0,1.0,light
20,11,255,255,255,1.0,1.0,1.0,light
20,12,255,255,255,1.0,1.0,1.0,light
20,13,255,255,255,1.0,1.0,1.0,light
20,14,255,255,255,1.0,1.0,1.0,light
20,15,255,255,255,1.0,1.0,1.0,light
20,16,255,255,255,1.0,1.0,1.0,light
20,17,255,255,255,1.0,1.0,1.0,light
20,18,255,255,255,1.0,1.0,1.0,light
20,19,255,255,255,1.0,1.0,1.0,light
20,20,255,255,255,1.0,1.0,1.0,light
20,21,255,255,255,1.0,1.0,1.0,light
20,22,255,255,255,1.0,1.0,1.0,light
20,23,255,255,255,1.0,1.0,1.0,light
20,24,255,255,255,1.0,1.0,1.0,light
20,25,255,255,255,1.0,1.0,1.0,light
20,26,255,255,255,1.0,1.0,1.0,light
20,27,255,255,255,1.0,1.0,1.0,light
20,28,255,255,255,1.0,1.0,1.0,light
20,29,255,255,255,1.0,1.0,1.0,light
20,30,255,255,255,1.0,1.0,1.0,light
20,31,255,255,255,1.0,1.0,1.0,light
20,32,255,255,255,1.0,1.0,1.0,light
20,33,255,255,255,1.0,1.0,1.0,light
20,34,255,255,255,1.0,1.0,1.0,light
20,35,255,255,255,1.0,1.0,1.0,light
20,36,255,255,255,1.0,1.0,1.0,light
20,37,255,255,255,1.0,1.0,1.0,light
20,38,255,255,255,1.0,1.0,1.0,light
20,39,255,255,255,1.0,1.0,1.0,light
20,40,255,255,255,1.0,1.0,1.0,light
20,41,255,255,255,1.0,1.0,1.0,light
20,42,191,188,193,0.7490196,0.7372549,0.75686276,light
20,43,43,37,52,0.16862746,0.14509805,0.20392157,dark
20,44,51,45,59,0.2,0.1764706,0.23137255,dark
20,45,51,45,59,0.2,0.1764706,0.23137255,dark
20,46,44,41,56,0.17254902,0.16078432,0.21960784,dark
20,47,19,19,31,0.07450981,0.07450981,0.12156863,dark
20,48,17,18,30,0.06666667,0.07058824,0.11764706,dark
20,49,16,17,29,0.0627451,0.06666667,0.11372549,dark
20,50,16,17,28,0.0627451,0.06666667,0.10980392,dark
20,51,209,209,211,0.81960785,0.81960785,0.827451,light
20,52,255,255,255,1.0,1.0,1.0,light
20,53,255,255,255,1.0,1.0,1.0,light
20,54,255,255,255,1.0,1.0,1.0,light
20,55,255,255,255,1.0,1.0,1.0,light
20,56,255,255,254,1.0,1.0,0.99607843,light
20,57,255,255,254,1.0,1.0,0.99607843,light
20,58,255,255,255,1.0,1.0,1.0,light
20,59,255,255,255,1.0,1.0,1.0,light
20,60,255,255,255,1.0,1.0,1.0,light
20,61,235,232,236,0.92156863,0.9098039,0.9254902,light
20,62,123,107,130,0.48235294,0.41960785,0.50980395,mid
20,63,121,103,130,0.4745098,0.40392157,0.50980395,mid
20,64,122,104,130,0.47843137,0.40784314,0.50980395,mid
20,65,122,104,129,0.47843137,0.40784314,0.5058824,mid
20,66,122,104,129,0.47843137,0.40784314,0.5058824,mid
20,67,122,104,129,0.47843137,0.40784314,0.5058824,mid
20,68,122,104,129,0.47843137,0.40784314,0.5058824,mid
20,69,122,104,129,0.47843137,0.40784314,0.5058824,mid
20,70,122,104,129,0.47843137,0.40784314,0.5058824,mid
20,71,122,104,129,0.47843137,0.40784314,0.5058824,mid
20,72,122,104,129,0.47843137,0.40784314,0.5058824,mid
20,73,122,104,129,0.47843137,0.40784314,0.5058824,mid
20,74,122,104,130,0.47843137,0.40784314,0.50980395,mid
20,75,122,103,130,0.47843137,0.40392157,0.50980395,mid
20,76,122,104,130,0.47843137,0.40784314,0.50980395,mid
20,77,119,101,129,0.46666667,0.39607844,0.5058824,mid
20,78,136,124,142,0.53333336,0.4862745,0.5568628,mid
20,79,252,251,252,0.9882353,0.9843137,0.9882353,light
20,80,255,255,255,1.0,1.0,1.0,light
20,81,255,255,255,1.0,1.0,1.0,light
20,82,255,255,255,1.0,1.0,1.0,light
20,83,95,91,102,0.37254903,0.35686275,0.4,mid
20,84,45,38,54,0.1764706,0.14901961,0.21176471,dark
20,85,54,48,61,0.21176471,0.1882353,0.23921569,dark
20,86,57,50,64,0.22352941,0.19607843,0.2509804,dark
20,87,57,50,64,0.22352941,0.19607843,0.2509804,dark
20,88,56,51,65,0.21960784,0.2,0.25490198,dark
20,89,56,51,65,0.21960784,0.2,0.25490198,dark
20,90,56,51,65,0.21960784,0.2,0.25490198,dark
20,91,57,50,65,0.22352941,0.19607843,0.25490198,dark
20,92,57,49,64,0.22352941,0.19215687,0.2509804,dark
20,93,55,49,63,0.21568628,0.19215687,0.24705882,dark
20,94,48,41,57,0.1882353,0.16078432,0.22352941,dark
20,95,66,62,73,0.25882354,0.24313726,0.28627452,dark
20,96,244,244,245,0.95686275,0.95686275,0.9607843,light
20,97,255,255,255,1.0,1.0,1.0,light
20,98,255,255,253,1.0,1.0,0.99215686,light
20,99,255,255,253,1.0,1.0,0.99215686,light
20,100,255,255,255,1.0,1.0,1.0,light
20,101,255,255,255,1.0,1.0,1.0,light
20,102,255,255,255,1.0,1.0,1.0,light
20,103,255,255,255,1.0,1.0,1.0,light
20,104,255,255,255,1.0,1.0,1.0,light
20,105,255,255,255,1.0,1.0,1.0,light
20,106,255,255,255,1.0,1.0,1.0,light
20,107,255,255,255,1.0,1.0,1.0,light
20,108,255,255,255,1.0,1.0,1.0,light
20,109,255,255,255,1.0,1.0,1.0,light
20,110,255,255,255,1.0,1.0,1.0,light
20,111,255,255,255,1.0,1.0,1.0,light
20,112,255,255,255,1.0,1.0,1.0,light
20,113,255,255,255,1.0,1.0,1.0,light
20,114,255,255,255,1.0,1.0,1.0,light
20,115,255,255,255,1.0,1.0,1.0,light
20,116,255,255,255,1.0,1.0,1.0,light
20,117,255,255,255,1.0,1.0,1.0,light
20,118,255,255,255,1.0,1.0,1.0,light
20,119,255,255,255,1.0,1.0,1.0,light
20,120,255,255,255,1.0,1.0,1.0,light
20,121,255,255,255,1.0,1.0,1.0,light
20,122,255,255,255,1.0,1.0,1.0,light
20,123,255,255,255,1.0,1.0,1.0,light
20,124,255,255,255,1.0,1.0,1.0,light
20,125,255,255,255,1.0,1.0,1.0,light
20,126,255,255,255,1.0,1.0,1.0,light
20,127,255,255,255,1.0,1.0,1.0,light
21,0,255,255,255,1.0,1.0,1.0,light
21,1,255,255,255,1.0,1.0,1.0,light
21,2,255,255,255,1.0,1.0,1.0,light
21,3,255,255,255,1.0,1.0,1.0,light
21,4,255,255,255,1.0,1.0,1.0,light
21,5,255,255,255,1.0,1.0,1.0,light
21,6,255,255,255,1.0,1.0,1.0,light
21,7,255,255,255,1.0,1.0,1.0,light
21,8,255,255,255,1.0,1.0,1.0,light
21,9,255,255,255,1.0,1.0,1.0,light
21,10,255,255,255,1.0,1.0,1.0,light
21,11,255,255,255,1.0,1.0,1.0,light
21,12,255,255,255,1.0,1.0,1.0,light
21,13,255,255,255,1.0,1.0,1.0,light
21,14,255,255,255,1.0,1.0,1.0,light
21,15,255,255,255,1.0,1.0,1.0,light
21,16,255,255,255,1.0,1.0,1.0,light
21,17,255,255,255,1.0,1.0,1.0,light
21,18,255,255,255,1.0,1.0,1.0,light
21,19,255,255,255,1.0,1.0,1.0,light
21,20,255,255,255,1.0,1.0,1.0,light
21,21,255,255,255,1.0,1.0,1.0,light
21,22,255,255,255,1.0,1.0,1.0,light
21,23,255,255,255,1.0,1.0,1.0,light
21,24,255,255,255,1.0,1.0,1.0,light
21,25,255,255,255,1.0,1.0,1.0,light
21,26,255,255,255,1.0,1.0,1.0,light
21,27,255,255,255,1.0,1.0,1.0,light
21,28,255,255,255,1.0,1.0,1.0,light
21,29,255,255,255,1.0,1.0,1.0,light
21,30,255,255,255,1.0,1.0,1.0,light
21,31,255,255,255,1.0,1.0,1.0,light
21,32,255,255,255,1.0,1.0,1.0,light
21,33,255,255,255,1.0,1.0,1.0,light
21,34,255,255,255,1.0,1.0,1.0,light
21,35,255,255,255,1.0,1.0,1.0,light
21,36,255,255,255,1.0,1.0,1.0,light
21,37,255,255,255,1.0,1.0,1.0,light
21,38,255,255,255,1.0,1.0,1.0,light
21,39,255,255,255,1.0,1.0,1.0,light
21,40,192,192,194,0.7529412,0.7529412,0.7607843,light
21,41,117,114,119,0.45882353,0.44705883,0.46666667,mid
21,42,101,95,105,0.39607844,0.37254903,0.4117647,mid
21,43,54,48,62,0.21176471,0.1882353,0.24313726,dark
21,44,56,50,64,0.21960784,0.19607843,0.2509804,dark
21,45,57,50,64,0.22352941,0.19607843,0.2509804,dark
21,46,54,49,63,0.21176471,0.19215687,0.24705882,dark
21,47,45,42,55,0.1764706,0.16470589,0.21568628,dark
21,48,44,42,55,0.17254902,0.16470589,0.21568628,dark
21,49,44,41,55,0.17254902,0.16078432,0.21568628,dark
21,50,44,41,55,0.17254902,0.16078432,0.21568628,dark
21,51,90,89,95,0.3529412,0.34901962,0.37254903,mid
21,52,98,96,103,0.38431373,0.3764706,0.40392157,mid
21,53,203,203,204,0.79607844,0.79607844,0.8,light
21,54,255,255,255,1.0,1.0,1.0,light
21,55,255,255,255,1.0,1.0,1.0,light
21,56,255,255,255,1.0,1.0,1.0,light
21,57,221,217,220,0.8666667,0.8509804,0.8627451,light
21,58,167,156,170,0.654902,0.6117647,0.6666667,mid
21,59,170,161,173,0.6666667,0.6313726,0.6784314,mid
21,60,169,159,173,0.6627451,0.62352943,0.6784314,mid
21,61,178,166,177,0.69803923,0.6509804,0.69411767,light
21,62,211,200,200,0.827451,0.78431374,0.78431374,light
21,63,212,201,199,0.83137256,0.7882353,0.78039217,light
21,64,212,201,199,0.83137256,0.7882353,0.78039217,light
21,65,212,201,200,0.83137256,0.7882353,0.78431374,light
21,66,212,201,200,0.83137256,0.7882353,0.78431374,light
21,67,212,201,200,0.83137256,0.7882353,0.78431374,light
21,68,212,201,200,0.83137256,0.7882353,0.78431374,light
21,69,212,201,200,0.83137256,0.7882353,0.78431374,light
21,70,212,201,200,0.83137256,0.7882353,0.78431374,light
21,71,212,201,200,0.83137256,0.7882353,0.78431374,light
21,72,212,201,200,0.83137256,0.7882353,0.78431374,light
21,73,212,201,200,0.83137256,0.7882353,0.78431374,light
21,74,212,201,199,0.83137256,0.7882353,0.78039217,light
21,75,212,201,199,0.83137256,0.7882353,0.78039217,light
21,76,212,201,200,0.83137256,0.7882353,0.78431374,light
21,77,212,202,200,0.83137256,0.7921569,0.78431374,light
21,78,206,197,196,0.80784315,0.77254903,0.76862746,light
21,79,173,162,172,0.6784314,0.63529414,0.6745098,mid
21,80,167,158,170,0.654902,0.61960787,0.6666667,mid
21,81,129,124,132,0.5058824,0.4862745,0.5176471,mid
21,82,121,119,125,0.4745098,0.46666667,0.49019608,mid
21,83,69,65,78,0.27058825,0.25490198,0.30588236,dark
21,84,54,48,62,0.21176471,0.1882353,0.24313726,dark
21,85,57,49,63,0.22352941,0.19215687,0.24705882,dark
21,86,56,51,65,0.21960784,0.2,0.25490198,dark
21,87,44,41,55,0.17254902,0.16078432,0.21568628,dark
21,88,34,33,45,0.13333334,0.12941177,0.1764706,dark
21,89,35,33,46,0.13725491,0.12941177,0.18039216,dark
21,90,34,33,45,0.13333334,0.12941177,0.1764706,dark
21,91,40,38,51,0.15686275,0.14901961,0.2,dark
21,92,56,50,65,0.21960784,0.19607843,0.25490198,dark
21,93,57,49,64,0.22352941,0.19215687,0.2509804,dark
21,94,56,48,63,0.21960784,0.1882353,0.24705882,dark
21,95,60,55,70,0.23529412,0.21568628,0.27450982,dark
21,96,115,113,120,0.4509804,0.44313726,0.47058824,mid
21,97,123,122,127,0.48235294,0.47843137,0.49803922,mid
21,98,232,232,232,0.9098039,0.9098039,0.9098039,light
21,99,255,255,254,1.0,1.0,0.99607843,light
21,100,255,255,255,1.0,1.0,1.0,light
21,101,255,255,255,1.0,1.0,1.0,light
21,102,255,255,255,1.0,1.0,1.0,light
21,103,255,255,255,1.0,1.0,1.0,light
21,104,255,255,255,1.0,1.0,1.0,light
21,105,255,255,255,1.0,1.0,1.0,light
21,106,255,255,255,1.0,1.0,1.0,light
21,107,255,255,255,1.0,1.0,1.0,light
21,108,255,255,255,1.0,1.0,1.0,light
21,109,255,255,255,1.0,1.0,1.0,light
21,110,255,255,255,1.0,1.0,1.0,light
21,111,255,255,255,1.0,1.0,1.0,light
21,112,255,255,255,1.0,1.0,1.0,light
21,113,255,255,255,1.0,1.0,1.0,light
21,114,255,255,255,1.0,1.0,1.0,light
21,115,255,255,255,1.0,1.0,1.0,light
21,116,255,255,255,1.0,1.0,1.0,light
21,117,255,255,255,1.0,1.0,1.0,light
21,118,255,255,255,1.0,1.0,1.0,light
21,119,255,255,255,1.0,1.0,1.0,light
21,120,255,255,255,1.0,1.0,1.0,light
21,121,255,255,255,1.0,1.0,1.0,light
21,122,255,255,255,1.0,1.0,1.0,light
21,123,255,255,255,1.0,1.0,1.0,light
21,124,255,255,255,1.0,1.0,1.0,light
21,125,255,255,255,1.0,1.0,1.0,light
21,126,255,255,255,1.0,1.0,1.0,light
21,127,255,255,255,1.0,1.0,1.0,light
22,0,255,255,255,1.0,1.0,1.0,light
22,1,255,255,255,1.0,1.0,1.0,light
22,2,255,255,255,1.0,1.0,1.0,light
22,3,255,255,255,1.0,1.0,1.0,light
22,4,255,255,255,1.0,1.0,1.0,light
22,5,255,255,255,1.0,1.0,1.0,light
22,6,255,255,255,1.0,1.0,1.0,light
22,7,255,255,255,1.0,1.0,1.0,light
22,8,255,255,255,1.0,1.0,1.0,light
22,9,255,255,255,1.0,1.0,1.0,light
22,10,255,255,255,1.0,1.0,1.0,light
22,11,255,255,255,1.0,1.0,1.0,light
22,12,255,255,255,1.0,1.0,1.0,light
22,13,255,255,255,1.0,1.0,1.0,light
22,14,255,255,255,1.0,1.0,1.0,light
22,15,255,255,255,1.0,1.0,1.0,light
22,16,255,255,255,1.0,1.0,1.0,light
22,17,255,255,255,1.0,1.0,1.0,light
22,18,255,255,255,1.0,1.0,1.0,light
22,19,255,255,255,1.0,1.0,1.0,light
22,20,255,255,255,1.0,1.0,1.0,light
22,21,255,255,255,1.0,1.0,1.0,light
22,22,255,255,255,1.0,1.0,1.0,light
22,23,255,255,255,1.0,1.0,1.0,light
22,24,255,255,255,1.0,1.0,1.0,light
22,25,255,255,255,1.0,1.0,1.0,light
22,26,255,255,255,1.0,1.0,1.0,light
22,27,255,255,255,1.0,1.0,1.0,light
22,28,255,255,255,1.0,1.0,1.0,light
22,29,255,255,255,1.0,1.0,1.0,light
22,30,255,255,255,1.0,1.0,1.0,light
22,31,255,255,255,1.0,1.0,1.0,light
22,32,255,255,255,1.0,1.0,1.0,light
22,33,255,255,255,1.0,1.0,1.0,light
22,34,255,255,255,1.0,1.0,1.0,light
22,35,255,255,255,1.0,1.0,1.0,light
22,36,255,255,255,1.0,1.0,1.0,light
22,37,255,255,255,1.0,1.0,1.0,light
22,38,255,255,255,1.0,1.0,1.0,light
22,39,255,255,255,1.0,1.0,1.0,light
22,40,162,160,164,0.63529414,0.627451,0.6431373,mid
22,41,40,33,49,0.15686275,0.12941177,0.19215687,dark
22,42,52,44,59,0.20392157,0.17254902,0.23137255,dark
22,43,56,50,64,0.21960784,0.19607843,0.2509804,dark
22,44,56,50,64,0.21960784,0.19607843,0.2509804,dark
22,45,57,51,65,0.22352941,0.2,0.25490198,dark
22,46,58,51,65,0.22745098,0.2,0.25490198,dark
22,47,56,52,66,0.21960784,0.20392157,0.25882354,dark
22,48,57,52,66,0.22352941,0.20392157,0.25882354,dark
22,49,57,51,65,0.22352941,0.2,0.25490198,dark
22,50,57,51,65,0.22352941,0.2,0.25490198,dark
22,51,25,22,34,0.09803922,0.08627451,0.13333334,dark
22,52,8,5,20,0.03137255,0.019607844,0.078431375,dark
22,53,180,181,183,0.7058824,0.70980394,0.7176471,light
22,54,255,255,255,1.0,1.0,1.0,light
22,55,255,255,255,1.0,1.0,1.0,light
22,56,255,255,255,1.0,1.0,1.0,light
22,57,203,196,204,0.79607844,0.76862746,0.8,light
22,58,115,95,122,0.4509804,0.37254903,0.47843137,mid
22,59,121,102,126,0.4745098,0.4,0.49411765,mid
22,60,118,97,127,0.4627451,0.38039216,0.49803922,mid
22,61,144,126,141,0.5647059,0.49411765,0.5529412,mid
22,62,255,248,233,1.0,0.972549,0.9137255,light
22,63,255,253,233,1.0,0.99215686,0.9137255,light
22,64,255,252,233,1.0,0.9882353,0.9137255,light
22,65,255,252,234,1.0,0.9882353,0.91764706,light
22,66,255,251,234,1.0,0.9843137,0.91764706,light
22,67,255,252,234,1.0,0.9882353,0.91764706,light
22,68,255,252,234,1.0,0.9882353,0.91764706,light
22,69,255,252,234,1.0,0.9882353,0.91764706,light
22,70,255,251,234,1.0,0.9843137,0.91764706,light
22,71,255,251,234,1.0,0.9843137,0.91764706,light
22,72,255,251,234,1.0,0.9843137,0.91764706,light
22,73,255,252,234,1.0,0.9882353,0.91764706,light
22,74,255,252,233,1.0,0.9882353,0.9137255,light
22,75,255,252,233,1.0,0.9882353,0.9137255,light
22,76,255,251,234,1.0,0.9843137,0.91764706,light
22,77,255,254,234,1.0,0.99607843,0.91764706,light
22,78,242,233,223,0.9490196,0.9137255,0.8745098,light
22,79,128,109,130,0.5019608,0.42745098,0.50980395,mid
22,80,115,98,120,0.4509804,0.38431373,0.47058824,mid
22,81,58,48,67,0.22745098,0.1882353,0.2627451,dark
22,82,47,41,56,0.18431373,0.16078432,0.21960784,dark
22,83,54,48,63,0.21176471,0.1882353,0.24705882,dark
22,84,56,50,64,0.21960784,0.19607843,0.2509804,dark
22,85,58,50,65,0.22745098,0.19607843,0.25490198,dark
22,86,57,52,66,0.22352941,0.20392157,0.25882354,dark
22,87,37,38,50,0.14509805,0.14901961,0.19607843,dark
22,88,21,23,35,0.08235294,0.09019608,0.13725491,dark
22,89,23,24,36,0.09019608,0.09411765,0.14117648,dark
22,90,22,23,35,0.08627451,0.09019608,0.13725491,dark
22,91,31,32,44,0.12156863,0.1254902,0.17254902,dark
22,92,55,52,66,0.21568628,0.20392157,0.25882354,dark
22,93,58,50,64,0.22745098,0.19607843,0.2509804,dark
22,94,57,49,64,0.22352941,0.19215687,0.2509804,dark
22,95,55,49,65,0.21568628,0.19215687,0.25490198,dark
22,96,46,42,57,0.18039216,0.16470589,0.22352941,dark
22,97,50,47,59,0.19607843,0.18431373,0.23137255,dark
22,98,226,227,227,0.8862745,0.8901961,0.8901961,light
22,99,255,255,255,1.0,1.0,1.0,light
22,100,255,255,255,1.0,1.0,1.0,light
22,101,255,255,254,1.0,1.0,0.99607843,light
22,102,255,255,255,1.0,1.0,1.0,light
22,103,255,255,255,1.0,1.0,1.0,light
22,104,255,255,255,1.0,1.0,1.0,light
22,105,255,255,255,1.0,1.0,1.0,light
22,106,255,255,255,1.0,1.0,1.0,light
22,107,255,255,255,1.0,1.0,1.0,light
22,108,255,255,255,1.0,1.0,1.0,light
22,109,255,255,255,1.0,1.0,1.0,light
22,110,255,255,255,1.0,1.0,1.0,light
22,111,255,255,255,1.0,1.0,1.0,light
22,112,255,255,255,1.0,1.0,1.0,light
22,113,255,255,255,1.0,1.0,1.0,light
22,114,255,255,255,1.0,1.0,1.0,light
22,115,255,255,255,1.0,1.0,1.0,light
22,116,255,255,255,1.0,1.0,1.0,light
22,117,255,255,255,1.0,1.0,1.0,light
22,118,255,255,255,1.0,1.0,1.0,light
22,119,255,255,255,1.0,1.0,1.0,light
22,120,255,255,255,1.0,1.0,1.0,light
22,121,255,255,255,1.0,1.0,1.0,light
22,122,255,255,255,1.0,1.0,1.0,light
22,123,255,255,255,1.0,1.0,1.0,light
22,124,255,255,255,1.0,1.0,1.0,light
22,125,255,255,255,1.0,1.0,1.0,light
22,126,255,255,255,1.0,1.0,1.0,light
22,127,255,255,255,1.0,1.0,1.0,light
23,0,255,255,255,1.0,1.0,1.0,light
23,1,255,255,255,1.0,1.0,1.0,light
23,2,255,255,255,1.0,1.0,1.0,light
23,3,255,255,255,1.0,1.0,1.0,light
23,4,255,255,255,1.0,1.0,1.0,light
23,5,255,255,255,1.0,1.0,1.0,light
23,6,255,255,255,1.0,1.0,1.0,light
23,7,255,255,255,1.0,1.0,1.0,light
23,8,255,255,255,1.0,1.0,1.0,light
23,9,255,255,255,1.0,1.0,1.0,light
23,10,255,255,255,1.0,1.0,1.0,light
23,11,255,255,255,1.0,1.0,1.0,light
23,12,255,255,255,1.0,1.0,1.0,light
23,13,255,255,255,1.0,1.0,1.0,light
23,14,255,255,255,1.0,1.0,1.0,light
23,15,255,255,255,1.0,1.0,1.0,light
23,16,255,255,255,1.0,1.0,1.0,light
23,17,255,255,255,1.0,1.0,1.0,light
23,18,255,255,255,1.0,1.0,1.0,light
23,19,255,255,255,1.0,1.0,1.0,light
23,20,255,255,255,1.0,1.0,1.0,light
23,21,255,255,255,1.0,1.0,1.0,light
23,22,255,255,255,1.0,1.0,1.0,light
23,23,255,255,255,1.0,1.0,1.0,light
23,24,255,255,255,1.0,1.0,1.0,light
23,25,255,255,255,1.0,1.0,1.0,light
23,26,255,255,255,1.0,1.0,1.0,light
23,27,255,255,255,1.0,1.0,1.0,light
23,28,255,255,255,1.0,1.0,1.0,light
23,29,255,255,255,1.0,1.0,1.0,light
23,30,255,255,255,1.0,1.0,1.0,light
23,31,255,255,255,1.0,1.0,1.0,light
23,32,255,255,255,1.0,1.0,1.0,light
23,33,255,255,255,1.0,1.0,1.0,light
23,34,255,255,255,1.0,1.0,1.0,light
23,35,255,255,255,1.0,1.0,1.0,light
23,36,255,255,255,1.0,1.0,1.0,light
23,37,255,255,255,1.0,1.0,1.0,light
23,38,190,189,192,0.74509805,0.7411765,0.7529412,light
23,39,144,142,146,0.5647059,0.5568628,0.57254905,mid
23,40,105,100,108,0.4117647,0.39215687,0.42352942,mid
23,41,52,45,62,0.20392157,0.1764706,0.24313726,dark
23,42,56,50,62,0.21960784,0.19607843,0.24313726,dark
23,43,57,50,65,0.22352941,0.19607843,0.25490198,dark
23,44,52,47,61,0.20392157,0.18431373,0.23921569,dark
23,45,39,36,50,0.15294118,0.14117648,0.19607843,dark
23,46,39,36,50,0.15294118,0.14117648,0.19607843,dark
23,47,39,36,50,0.15294118,0.14117648,0.19607843,dark
23,48,40,36,50,0.15686275,0.14117648,0.19607843,dark
23,49,53,48,62,0.20784314,0.1882353,0.24313726,dark
23,50,57,50,64,0.22352941,0.19607843,0.2509804,dark
23,51,45,40,54,0.1764706,0.15686275,0.21176471,dark
23,52,38,35,48,0.14901961,0.13725491,0.1882353,dark
23,53,92,93,96,0.36078432,0.3647059,0.3764706,mid
23,54,119,119,119,0.46666667,0.46666667,0.46666667,mid
23,55,156,151,157,0.6117647,0.5921569,0.6156863,mid
23,56,187,180,190,0.73333335,0.7058824,0.74509805,light
23,57,189,180,187,0.7411765,0.7058824,0.73333335,light
23,58,195,183,185,0.7647059,0.7176471,0.7254902,light
23,59,198,182,188,0.7764706,0.7137255,0.7372549,light
23,60,194,181,189,0.7607843,0.70980394,0.7411765,light
23,61,204,194,193,0.8,0.7607843,0.75686276,light
23,62,253,245,228,0.99215686,0.9607843,0.89411765,light
23,63,255,246,229,1.0,0.9647059,0.8980392,light
23,64,255,246,229,1.0,0.9647059,0.8980392,light
23,65,255,246,229,1.0,0.9647059,0.8980392,light
23,66,255,246,229,1.0,0.9647059,0.8980392,light
23,67,255,246,229,1.0,0.9647059,0.8980392,light
23,68,255,246,229,1.0,0.9647059,0.8980392,light
23,69,255,246,229,1.0,0.9647059,0.8980392,light
23,70,255,246,229,1.0,0.9647059,0.8980392,light
23,71,255,246,229,1.0,0.9647059,0.8980392,light
23,72,255,246,229,1.0,0.9647059,0.8980392,light
23,73,255,246,229,1.0,0.9647059,0.8980392,light
23,74,255,246,229,1.0,0.9647059,0.8980392,light
23,75,255,246,229,1.0,0.9647059,0.8980392,light
23,76,255,246,229,1.0,0.9647059,0.8980392,light
23,77,255,248,229,1.0,0.972549,0.8980392,light
23,78,247,238,226,0.96862745,0.93333334,0.8862745,light
23,79,199,187,191,0.78039217,0.73333335,0.7490196,light
23,80,189,177,179,0.7411765,0.69411767,0.7019608,light
23,81,74,65,78,0.2901961,0.25490198,0.30588236,dark
23,82,54,48,60,0.21176471,0.1882353,0.23529412,dark
23,83,56,50,64,0.21960784,0.19607843,0.2509804,dark
23,84,57,51,65,0.22352941,0.2,0.25490198,dark
23,85,47,40,54,0.18431373,0.15686275,0.21176471,dark
23,86,40,36,50,0.15686275,0.14117648,0.19607843,dark
23,87,30,31,43,0.11764706,0.12156863,0.16862746,dark
23,88,24,25,37,0.09411765,0.09803922,0.14509805,dark
23,89,25,25,37,0.09803922,0.09803922,0.14509805,dark
23,90,25,25,37,0.09803922,0.09803922,0.14509805,dark
23,91,29,27,40,0.11372549,0.105882354,0.15686275,dark
23,92,38,36,49,0.14901961,0.14117648,0.19215687,dark
23,93,41,39,52,0.16078432,0.15294118,0.20392157,dark
23,94,56,50,64,0.21960784,0.19607843,0.2509804,dark
23,95,56,50,64,0.21960784,0.19607843,0.2509804,dark
23,96,55,50,64,0.21568628,0.19607843,0.2509804,dark
23,97,56,52,65,0.21960784,0.20392157,0.25490198,dark
23,98,133,129,137,0.52156866,0.5058824,0.5372549,mid
23,99,146,144,149,0.57254905,0.5647059,0.58431375,mid
23,100,223,222,223,0.8745098,0.87058824,0.8745098,light
23,101,255,255,254,1.0,1.0,0.99607843,light
23,102,255,255,255,1.0,1.0,1.0,light
23,103,255,255,255,1.0,1.0,1.0,light
23,104,255,255,255,1.0,1.0,1.0,light
23,105,255,255,255,1.0,1.0,1.0,light
23,106,255,255,255,1.0,1.0,1.0,light
23,107,255,255,255,1.0,1.0,1.0,light
23,108,255,255,255,1.0,1.0,1.0,light
23,109,255,255,255,1.0,1.0,1.0,light
23,110,255,255,255,1.0,1.0,1.0,light
23,111,255,255,255,1.0,1.0,1.0,light
23,112,255,255,255,1.0,1.0,1.0,light
23,113,255,255,255,1.0,1.0,1.0,light
23,114,255,255,255,1.0,1.0,1.0,light
23,115,255,255,255,1.0,1.0,1.0,light
23,116,255,255,255,1.0,1.0,1.0,light
23,117,255,255,255,1.0,1.0,1.0,light
23,118,255,255,255,1.0,1.0,1.0,light
23,119,255,255,255,1.0,1.0,1.0,light
23,120,255,255,255,1.0,1.0,1.0,light
23,121,255,255,255,1.0,1.0,1.0,light
23,122,255,255,255,1.0,1.0,1.0,light
23,123,255,255,255,1.0,1.0,1.0,light
23,124,255,255,255,1.0,1.0,1.0,light
23,125,255,255,255,1.0,1.0,1.0,light
23,126,255,255,255,1.0,1.0,1.0,light
23,127,255,255,255,1.0,1.0,1.0,light
24,0,255,255,255,1.0,1.0,1.0,light
24,1,255,255,255,1.0,1.0,1.0,light
24,2,255,255,255,1.0,1.0,1.0,light
24,3,255,255,255,1.0,1.0,1.0,light
24,4,255,255,255,1.0,1.0,1.0,light
24,5,255,255,255,1.0,1.0,1.0,light
24,6,255,255,255,1.0,1.0,1.0,light
24,7,255,255,255,1.0,1.0,1.0,light
24,8,255,255,255,1.0,1.0,1.0,light
24,9,255,255,255,1.0,1.0,1.0,light
24,10,255,255,255,1.0,1.0,1.0,light
24,11,255,255,255,1.0,1.0,1.0,light
24,12,255,255,255,1.0,1.0,1.0,light
24,13,255,255,255,1.0,1.0,1.0,light
24,14,255,255,255,1.0,1.0,1.0,light
24,15,255,255,255,1.0,1.0,1.0,light
24,16,255,255,255,1.0,1.0,1.0,light
24,17,255,255,255,1.0,1.0,1.0,light
24,18,255,255,255,1.0,1.0,1.0,light
24,19,255,255,255,1.0,1.0,1.0,light
24,20,255,255,255,1.0,1.0,1.0,light
24,21,255,255,255,1.0,1.0,1.0,light
24,22,255,255,255,1.0,1.0,1.0,light
24,23,255,255,255,1.0,1.0,1.0,light
24,24,255,255,255,1.0,1.0,1.0,light
24,25,255,255,255,1.0,1.0,1.0,light
24,26,255,255,255,1.0,1.0,1.0,light
24,27,255,255,255,1.0,1.0,1.0,light
24,28,255,255,255,1.0,1.0,1.0,light
24,29,255,255,255,1.0,1.0,1.0,light
24,30,255,255,255,1.0,1.0,1.0,light
24,31,255,255,255,1.0,1.0,1.0,light
24,32,255,255,255,1.0,1.0,1.0,light
24,33,255,255,255,1.0,1.0,1.0,light
24,34,255,255,255,1.0,1.0,1.0,light
24,35,255,255,255,1.0,1.0,1.0,light
24,36,255,255,254,1.0,1.0,0.99607843,light
24,37,255,255,255,1.0,1.0,1.0,light
24,38,130,127,133,0.50980395,0.49803922,0.52156866,mid
24,39,40,33,47,0.15686275,0.12941177,0.18431373,dark
24,40,52,45,60,0.20392157,0.1764706,0.23529412,dark
24,41,56,50,64,0.21960784,0.19607843,0.2509804,dark
24,42,56,50,62,0.21960784,0.19607843,0.24313726,dark
24,43,58,51,66,0.22745098,0.2,0.25882354,dark
24,44,50,44,59,0.19607843,0.17254902,0.23137255,dark
24,45,25,22,36,0.09803922,0.08627451,0.14117648,dark
24,46,24,23,36,0.09411765,0.09019608,0.14117648,dark
24,47,24,23,36,0.09411765,0.09019608,0.14117648,dark
24,48,27,24,37,0.105882354,0.09411765,0.14509805,dark
24,49,53,48,62,0.20784314,0.1882353,0.24313726,dark
24,50,58,51,65,0.22745098,0.2,0.25490198,dark
24,51,59,51,65,0.23137255,0.2,0.25490198,dark
24,52,60,55,68,0.23529412,0.21568628,0.26666668,dark
24,53,6,5,10,0.023529412,0.019607844,0.039215688,dark
24,54,0,0,0,0.0,0.0,0.0,dark
24,55,55,45,60,0.21568628,0.1764706,0.23529412,dark
24,56,120,100,129,0.47058824,0.39215687,0.5058824,mid
24,57,174,162,171,0.68235296,0.63529414,0.67058825,mid
24,58,255,255,235,1.0,1.0,0.92156863,light
24,59,255,252,232,1.0,0.9882353,0.9098039,light
24,60,255,252,234,1.0,0.9882353,0.91764706,light
24,61,255,250,235,1.0,0.98039216,0.92156863,light
24,62,255,246,229,1.0,0.9647059,0.8980392,light
24,63,255,246,229,1.0,0.9647059,0.8980392,light
24,64,255,246,229,1.0,0.9647059,0.8980392,light
24,65,255,246,229,1.0,0.9647059,0.8980392,light
24,66,255,246,229,1.0,0.9647059,0.8980392,light
24,67,255,246,229,1.0,0.9647059,0.8980392,light
24,68,255,246,229,1.0,0.9647059,0.8980392,light
24,69,255,246,229,1.0,0.9647059,0.8980392,light
24,70,255,246,229,1.0,0.9647059,0.8980392,light
24,71,255,246,229,1.0,0.9647059,0.8980392,light
24,72,255,246,229,1.0,0.9647059,0.8980392,light
24,73,255,246,229,1.0,0.9647059,0.8980392,light
24,74,255,246,229,1.0,0.9647059,0.8980392,light
24,75,255,246,229,1.0,0.9647059,0.8980392,light
24,76,255,246,229,1.0,0.9647059,0.8980392,light
24,77,255,246,229,1.0,0.9647059,0.8980392,light
24,78,255,247,228,1.0,0.96862745,0.89411765,light
24,79,255,253,234,1.0,0.99215686,0.91764706,light
24,80,251,242,224,0.9843137,0.9490196,0.8784314,light
24,81,83,74,83,0.3254902,0.2901961,0.3254902,dark
24,82,54,48,61,0.21176471,0.1882353,0.23921569,dark
24,83,57,51,65,0.22352941,0.2,0.25490198,dark
24,84,58,52,66,0.22745098,0.20392157,0.25882354,dark
24,85,35,32,45,0.13725491,0.1254902,0.1764706,dark
24,86,22,22,35,0.08627451,0.08627451,0.13725491,dark
24,87,22,24,36,0.08627451,0.09411765,0.14117648,dark
24,88,25,25,37,0.09803922,0.09803922,0.14509805,dark
24,89,25,25,37,0.09803922,0.09803922,0.14509805,dark
24,90,25,25,37,0.09803922,0.09803922,0.14509805,dark
24,91,26,24,37,0.101960786,0.09411765,0.14509805,dark
24,92,24,22,35,0.09411765,0.08627451,0.13725491,dark
24,93,30,27,40,0.11764706,0.105882354,0.15686275,dark
24,94,56,50,64,0.21960784,0.19607843,0.2509804,dark
24,95,56,50,64,0.21960784,0.19607843,0.2509804,dark
24,96,56,50,64,0.21960784,0.19607843,0.2509804,dark
24,97,56,50,64,0.21960784,0.19607843,0.2509804,dark
24,98,50,43,59,0.19607843,0.16862746,0.23137255,dark
24,99,44,37,53,0.17254902,0.14509805,0.20784314,dark
24,100,197,195,199,0.77254903,0.7647059,0.78039217,light
24,101,255,255,255,1.0,1.0,1.0,light
24,102,255,255,255,1.0,1.0,1.0,light
24,103,255,255,255,1.0,1.0,1.0,light
24,104,255,255,255,1.0,1.0,1.0,light
24,105,255,255,255,1.0,1.0,1.0,light
24,106,255,255,255,1.0,1.0,1.0,light
24,107,255,255,255,1.0,1.0,1.0,light
24,108,255,255,255,1.0,1.0,1.0,light
24,109,255,255,255,1.0,1.0,1.0,light
24,110,255,255,255,1.0,1.0,1.0,light
24,111,255,255,255,1.0,1.0,1.0,light
24,112,255,255,255,1.0,1.0,1.0,light
24,113,255,255,255,1.0,1.0,1.0,light
24,114,255,255,255,1.0,1.0,1.0,light
24,115,255,255,255,1.0,1.0,1.0,light
24,116,255,255,255,1.0,1.0,1.0,light
24,117,255,255,255,1.0,1.0,1.0,light
24,118,255,255,255,1.0,1.0,1.0,light
24,119,255,255,255,1.0,1.0,1.0,light
24,120,255,255,255,1.0,1.0,1.0,light
24,121,255,255,255,1.0,1.0,1.0,light
24,122,255,255,255,1.0,1.0,1.0,light
24,123,255,255,255,1.0,1.0,1.0,light
24,124,255,255,255,1.0,1.0,1.0,light
24,125,255,255,255,1.0,1.0,1.0,light
24,126,255,255,255,1.0,1.0,1.0,light
24,127,255,255,255,1.0,1.0,1.0,light
25,0,255,255,255,1.0,1.0,1.0,light
25,1,255,255,255,1.0,1.0,1.0,light
25,2,255,255,255,1.0,1.0,1.0,light
25,3,255,255,255,1.0,1.0,1.0,light
25,4,255,255,255,1.0,1.0,1.0,light
25,5,255,255,255,1.0,1.0,1.0,light
25,6,255,255,255,1.0,1.0,1.0,light
25,7,255,255,255,1.0,1.0,1.0,light
25,8,255,255,255,1.0,1.0,1.0,light
25,9,255,255,255,1.0,1.0,1.0,light
25,10,255,255,255,1.0,1.0,1.0,light
25,11,255,255,255,1.0,1.0,1.0,light
25,12,255,255,255,1.0,1.0,1.0,light
25,13,255,255,255,1.0,1.0,1.0,light
25,14,255,255,255,1.0,1.0,1.0,light
25,15,255,255,255,1.0,1.0,1.0,light
25,16,255,255,255,1.0,1.0,1.0,light
25,17,255,255,255,1.0,1.0,1.0,light
25,18,255,255,255,1.0,1.0,1.0,light
25,19,255,255,255,1.0,1.0,1.0,light
25,20,255,255,255,1.0,1.0,1.0,light
25,21,255,255,255,1.0,1.0,1.0,light
25,22,255,255,255,1.0,1.0,1.0,light
25,23,255,255,255,1.0,1.0,1.0,light
25,24,255,255,255,1.0,1.0,1.0,light
25,25,255,255,255,1.0,1.0,1.0,light
25,26,255,255,255,1.0,1.0,1.0,light
25,27,255,255,255,1.0,1.0,1.0,light
25,28,255,255,255,1.0,1.0,1.0,light
25,29,255,255,255,1.0,1.0,1.0,light
25,30,255,255,255,1.0,1.0,1.0,light
25,31,255,255,255,1.0,1.0,1.0,light
25,32,255,255,255,1.0,1.0,1.0,light
25,33,255,255,255,1.0,1.0,1.0,light
25,34,255,255,255,1.0,1.0,1.0,light
25,35,255,255,255,1.0,1.0,1.0,light
25,36,255,255,255,1.0,1.0,1.0,light
25,37,255,255,255,1.0,1.0,1.0,light
25,38,136,131,138,0.53333336,0.5137255,0.5411765,mid
25,39,49,41,55,0.19215687,0.16078432,0.21568628,dark
25,40,56,50,64,0.21960784,0.19607843,0.2509804,dark
25,41,56,50,65,0.21960784,0.19607843,0.25490198,dark
25,42,52,46,61,0.20392157,0.18039216,0.23921569,dark
25,43,44,40,53,0.17254902,0.15686275,0.20784314,dark
25,44,39,36,50,0.15294118,0.14117648,0.19607843,dark
25,45,26,24,37,0.101960786,0.09411765,0.14509805,dark
25,46,25,25,37,0.09803922,0.09803922,0.14509805,dark
25,47,25,25,37,0.09803922,0.09803922,0.14509805,dark
25,48,26,25,38,0.101960786,0.09803922,0.14901961,dark
25,49,41,38,51,0.16078432,0.14901961,0.2,dark
25,50,44,40,53,0.17254902,0.15686275,0.20784314,dark
25,51,45,39,51,0.1764706,0.15294118,0.2,dark
25,52,43,37,51,0.16862746,0.14509805,0.2,dark
25,53,83,79,80,0.3254902,0.30980393,0.3137255,dark
25,54,102,102,96,0.4,0.4,0.3764706,mid
25,55,143,135,136,0.56078434,0.5294118,0.53333336,mid
25,56,180,166,171,0.7058824,0.6509804,0.67058825,light
25,57,210,198,195,0.8235294,0.7764706,0.7647059,light
25,58,255,249,235,1.0,0.9764706,0.92156863,light
25,59,255,246,229,1.0,0.9647059,0.8980392,light
25,60,255,246,229,1.0,0.9647059,0.8980392,light
25,61,255,246,229,1.0,0.9647059,0.8980392,light
25,62,255,246,229,1.0,0.9647059,0.8980392,light
25,63,255,246,229,1.0,0.9647059,0.8980392,light
25,64,255,246,229,1.0,0.9647059,0.8980392,light
25,65,255,246,229,1.0,0.9647059,0.8980392,light
25,66,255,246,229,1.0,0.9647059,0.8980392,light
25,67,255,246,229,1.0,0.9647059,0.8980392,light
25,68,255,246,229,1.0,0.9647059,0.8980392,light
25,69,255,246,229,1.0,0.9647059,0.8980392,light
25,70,255,246,229,1.0,0.9647059,0.8980392,light
25,71,255,246,229,1.0,0.9647059,0.8980392,light
25,72,255,246,229,1.0,0.9647059,0.8980392,light
25,73,255,246,229,1.0,0.9647059,0.8980392,light
25,74,255,246,229,1.0,0.9647059,0.8980392,light
25,75,255,246,229,1.0,0.9647059,0.8980392,light
25,76,255,246,229,1.0,0.9647059,0.8980392,light
25,77,255,246,229,1.0,0.9647059,0.8980392,light
25,78,255,246,230,1.0,0.9647059,0.9019608,light
25,79,255,247,231,1.0,0.96862745,0.90588236,light
25,80,246,236,222,0.9647059,0.9254902,0.87058824,light
25,81,70,63,75,0.27450982,0.24705882,0.29411766,dark
25,82,40,36,51,0.15686275,0.14117648,0.2,dark
25,83,43,40,53,0.16862746,0.15686275,0.20784314,dark
25,84,44,40,55,0.17254902,0.15686275,0.21568628,dark
25,85,30,30,44,0.11764706,0.11764706,0.17254902,dark
25,86,23,24,36,0.09019608,0.09411765,0.14117648,dark
25,87,24,25,37,0.09411765,0.09803922,0.14509805,dark
25,88,25,25,37,0.09803922,0.09803922,0.14509805,dark
25,89,25,25,37,0.09803922,0.09803922,0.14509805,dark
25,90,25,25,37,0.09803922,0.09803922,0.14509805,dark
25,91,26,24,37,0.101960786,0.09411765,0.14509805,dark
25,92,25,23,36,0.09803922,0.09019608,0.14117648,dark
25,93,31,28,41,0.12156863,0.10980392,0.16078432,dark
25,94,55,50,64,0.21568628,0.19607843,0.2509804,dark
25,95,56,50,64,0.21960784,0.19607843,0.2509804,dark
25,96,56,50,64,0.21960784,0.19607843,0.2509804,dark
25,97,56,49,64,0.21960784,0.19215687,0.2509804,dark
25,98,46,41,53,0.18039216,0.16078432,0.20784314,dark
25,99,38,35,47,0.14901961,0.13725491,0.18431373,dark
25,100,195,195,199,0.7647059,0.7647059,0.78039217,light
25,101,255,255,255,1.0,1.0,1.0,light
25,102,255,255,254,1.0,1.0,0.99607843,light
25,103,255,255,255,1.0,1.0,1.0,light
25,104,255,255,255,1.0,1.0,1.0,light
25,105,255,255,255,1.0,1.0,1.0,light
25,106,255,255,255,1.0,1.0,1.0,light
25,107,255,255,255,1.0,1.0,1.0,light
25,108,255,255,255,1.0,1.0,1.0,light
25,109,255,255,255,1.0,1.0,1.0,light
25,110,255,255,255,1.0,1.0,1.0,light
25,111,255,255,255,1.0,1.0,1.0,light
25,112,255,255,255,1.0,1.0,1.0,light
25,113,255,255,255,1.0,1.0,1.0,light
25,114,255,255,255,1.0,1.0,1.0,light
25,115,255,255,255,1.0,1.0,1.0,light
25,116,255,255,255,1.0,1.0,1.0,light
25,117,255,255,255,1.0,1.0,1.0,light
25,118,255,255,255,1.0,1.0,1.0,light
25,119,255,255,255,1.0,1.0,1.0,light
25,120,255,255,255,1.0,1.0,1.0,light
25,121,255,255,255,1.0,1.0,1.0,light
25,122,255,255,255,1.0,1.0,1.0,light
25,123,255,255,255,1.0,1.0,1.0,light
25,124,255,255,255,1.0,1.0,1.0,light
25,125,255,255,255,1.0,1.0,1.0,light
25,126,255,255,255,1.0,1.0,1.0,light
25,127,255,255,255,1.0,1.0,1.0,light
26,0,255,255,255,1.0,1.0,1.0,light
26,1,255,255,255,1.0,1.0,1.0,light
26,2,255,255,255,1.0,1.0,1.0,light
26,3,255,255,255,1.0,1.0,1.0,light
26,4,255,255,255,1.0,1.0,1.0,light
26,5,255,255,255,1.0,1.0,1.0,light
26,6,255,255,255,1.0,1.0,1.0,light
26,7,255,255,255,1.0,1.0,1.0,light
26,8,255,255,255,1.0,1.0,1.0,light
26,9,255,255,255,1.0,1.0,1.0,light
26,10,255,255,255,1.0,1.0,1.0,light
26,11,255,255,255,1.0,1.0,1.0,light
26,12,255,255,255,1.0,1.0,1.0,light
26,13,255,255,255,1.0,1.0,1.0,light
26,14,255,255,255,1.0,1.0,1.0,light
26,15,255,255,255,1.0,1.0,1.0,light
26,16,255,255,255,1.0,1.0,1.0,light
26,17,255,255,255,1.0,1.0,1.0,light
26,18,255,255,255,1.0,1.0,1.0,light
26,19,255,255,255,1.0,1.0,1.0,light
26,20,255,255,255,1.0,1.0,1.0,light
26,21,255,255,255,1.0,1.0,1.0,light
26,22,255,255,255,1.0,1.0,1.0,light
26,23,255,255,255,1.0,1.0,1.0,light
26,24,255,255,255,1.0,1.0,1.0,light
26,25,255,255,255,1.0,1.0,1.0,light
26,26,255,255,255,1.0,1.0,1.0,light
26,27,255,255,255,1.0,1.0,1.0,light
26,28,255,255,255,1.0,1.0,1.0,light
26,29,255,255,255,1.0,1.0,1.0,light
26,30,255,255,255,1.0,1.0,1.0,light
26,31,255,255,255,1.0,1.0,1.0,light
26,32,255,255,255,1.0,1.0,1.0,light
26,33,255,255,255,1.0,1.0,1.0,light
26,34,255,255,255,1.0,1.0,1.0,light
26,35,255,255,255,1.0,1.0,1.0,light
26,36,255,255,255,1.0,1.0,1.0,light
26,37,255,255,255,1.0,1.0,1.0,light
26,38,135,131,139,0.5294118,0.5137255,0.54509807,mid
26,39,48,42,55,0.1882353,0.16470589,0.21568628,dark
26,40,56,50,64,0.21960784,0.19607843,0.2509804,dark
26,41,57,51,65,0.22352941,0.2,0.25490198,dark
26,42,45,41,55,0.1764706,0.16078432,0.21568628,dark
26,43,23,23,35,0.09019608,0.09019608,0.13725491,dark
26,44,24,24,36,0.09411765,0.09411765,0.14117648,dark
26,45,25,25,37,0.09803922,0.09803922,0.14509805,dark
26,46,25,25,37,0.09803922,0.09803922,0.14509805,dark
26,47,25,25,37,0.09803922,0.09803922,0.14509805,dark
26,48,25,25,37,0.09803922,0.09803922,0.14509805,dark
26,49,24,24,36,0.09411765,0.09411765,0.14117648,dark
26,50,24,24,36,0.09411765,0.09411765,0.14117648,dark
26,51,18,18,30,0.07058824,0.07058824,0.11764706,dark
26,52,8,8,23,0.03137255,0.03137255,0.09019608,dark
26,53,181,176,169,0.70980394,0.6901961,0.6627451,light
26,54,255,255,247,1.0,1.0,0.96862745,light
26,55,255,253,235,1.0,0.99215686,0.92156863,light
26,56,255,251,233,1.0,0.9843137,0.9137255,light
26,57,255,249,231,1.0,0.9764706,0.90588236,light
26,58,255,246,229,1.0,0.9647059,0.8980392,light
26,59,255,246,229,1.0,0.9647059,0.8980392,light
26,60,255,246,229,1.0,0.9647059,0.8980392,light
26,61,255,246,229,1.0,0.9647059,0.8980392,light
26,62,255,246,229,1.0,0.9647059,0.8980392,light
26,63,255,246,229,1.0,0.9647059,0.8980392,light
26,64,255,246,229,1.0,0.9647059,0.8980392,light
26,65,255,246,229,1.0,0.9647059,0.8980392,light
26,66,255,246,229,1.0,0.9647059,0.8980392,light
26,67,255,246,229,1.0,0.9647059,0.8980392,light
26,68,255,246,229,1.0,0.9647059,0.8980392,light
26,69,255,246,229,1.0,0.9647059,0.8980392,light
26,70,255,246,229,1.0,0.9647059,0.8980392,light
26,71,255,246,229,1.0,0.9647059,0.8980392,light
26,72,255,246,229,1.0,0.9647059,0.8980392,light
26,73,255,246,229,1.0,0.9647059,0.8980392,light
26,74,255,246,229,1.0,0.9647059,0.8980392,light
26,75,255,246,229,1.0,0.9647059,0.8980392,light
26,76,255,246,229,1.0,0.9647059,0.8980392,light
26,77,255,246,229,1.0,0.9647059,0.8980392,light
26,78,255,246,229,1.0,0.9647059,0.8980392,light
26,79,255,248,231,1.0,0.972549,0.90588236,light
26,80,243,236,221,0.9529412,0.9254902,0.8666667,light
26,81,45,44,52,0.1764706,0.17254902,0.20392157,dark
26,82,11,13,26,0.043137256,0.050980393,0.101960786,dark
26,83,21,22,33,0.08235294,0.08627451,0.12941177,dark
26,84,22,24,37,0.08627451,0.09411765,0.14509805,dark
26,85,24,24,38,0.09411765,0.09411765,0.14901961,dark
26,86,25,25,37,0.09803922,0.09803922,0.14509805,dark
26,87,25,25,37,0.09803922,0.09803922,0.14509805,dark
26,88,25,25,37,0.09803922,0.09803922,0.14509805,dark
26,89,25,25,37,0.09803922,0.09803922,0.14509805,dark
26,90,25,25,37,0.09803922,0.09803922,0.14509805,dark
26,91,25,25,37,0.09803922,0.09803922,0.14509805,dark
26,92,24,24,36,0.09411765,0.09411765,0.14117648,dark
26,93,30,29,41,0.11764706,0.11372549,0.16078432,dark
26,94,55,50,64,0.21568628,0.19607843,0.2509804,dark
26,95,56,50,64,0.21960784,0.19607843,0.2509804,dark
26,96,56,50,64,0.21960784,0.19607843,0.2509804,dark
26,97,54,50,64,0.21176471,0.19607843,0.2509804,dark
26,98,28,28,40,0.10980392,0.10980392,0.15686275,dark
26,99,16,18,29,0.0627451,0.07058824,0.11372549,dark
26,100,189,192,193,0.7411765,0.7529412,0.75686276,light
26,101,255,255,255,1.0,1.0,1.0,light
26,102,255,255,255,1.0,1.0,1.0,light
26,103,255,255,255,1.0,1.0,1.0,light
26,104,255,255,255,1.0,1.0,1.0,light
26,105,255,255,255,1.0,1.0,1.0,light
26,106,255,255,255,1.0,1.0,1.0,light
26,107,255,255,255,1.0,1.0,1.0,light
26,108,255,255,255,1.0,1.0,1.0,light
26,109,255,255,255,1.0,1.0,1.0,light
26,110,255,255,255,1.0,1.0,1.0,light
26,111,255,255,255,1.0,1.0,1.0,light
26,112,255,255,255,1.0,1.0,1.0,light
26,113,255,255,255,1.0,1.0,1.0,light
26,114,255,255,255,1.0,1.0,1.0,light
26,115,255,255,255,1.0,1.0,1.0,light
26,116,255,255,255,1.0,1.0,1.0,light
26,117,255,255,255,1.0,1.0,1.0,light
26,118,255,255,255,1.0,1.0,1.0,light
26,119,255,255,255,1.0,1.0,1.0,light
26,120,255,255,255,1.0,1.0,1.0,light
26,121,255,255,255,1.0,1.0,1.0,light
26,122,255,255,255,1.0,1.0,1.0,light
26,123,255,255,255,1.0,1.0,1.0,light
26,124,255,255,255,1.0,1.0,1.0,light
26,125,255,255,255,1.0,1.0,1.0,light
26,126,255,255,255,1.0,1.0,1.0,light
26,127,255,255,255,1.0,1.0,1.0,light
27,0,255,255,255,1.0,1.0,1.0,light
27,1,255,255,255,1.0,1.0,1.0,light
27,2,255,255,255,1.0,1.0,1.0,light
27,3,255,255,255,1.0,1.0,1.0,light
27,4,255,255,255,1.0,1.0,1.0,light
27,5,255,255,255,1.0,1.0,1.0,light
27,6,255,255,255,1.0,1.0,1.0,light
27,7,255,255,255,1.0,1.0,1.0,light
27,8,255,255,255,1.0,1.0,1.0,light
27,9,255,255,255,1.0,1.0,1.0,light
27,10,255,255,255,1.0,1.0,1.0,light
27,11,255,255,255,1.0,1.0,1.0,light
27,12,255,255,255,1.0,1.0,1.0,light
27,13,255,255,255,1.0,1.0,1.0,light
27,14,255,255,255,1.0,1.0,1.0,light
27,15,255,255,255,1.0,1.0,1.0,light
27,16,255,255,255,1.0,1.0,1.0,light
27,17,255,255,255,1.0,1.0,1.0,light
27,18,255,255,255,1.0,1.0,1.0,light
27,19,255,255,255,1.0,1.0,1.0,light
27,20,255,255,255,1.0,1.0,1.0,light
27,21,255,255,255,1.0,1.0,1.0,light
27,22,255,255,255,1.0,1.0,1.0,light
27,23,255,255,255,1.0,1.0,1.0,light
27,24,255,255,255,1.0,1.0,1.0,light
27,25,255,255,255,1.0,1.0,1.0,light
27,26,255,255,255,1.0,1.0,1.0,light
27,27,255,255,255,1.0,1.0,1.0,light
27,28,255,255,255,1.0,1.0,1.0,light
27,29,255,255,255,1.0,1.0,1.0,light
27,30,255,255,255,1.0,1.0,1.0,light
27,31,255,255,255,1.0,1.0,1.0,light
27,32,255,255,255,1.0,1.0,1.0,light
27,33,255,255,255,1.0,1.0,1.0,light
27,34,255,255,255,1.0,1.0,1.0,light
27,35,255,255,255,1.0,1.0,1.0,light
27,36,255,255,255,1.0,1.0,1.0,light
27,37,255,255,255,1.0,1.0,1.0,light
27,38,135,131,139,0.5294118,0.5137255,0.54509807,mid
27,39,48,42,55,0.1882353,0.16470589,0.21568628,dark
27,40,56,50,64,0.21960784,0.19607843,0.2509804,dark
27,41,57,51,65,0.22352941,0.2,0.25490198,dark
27,42,45,41,55,0.1764706,0.16078432,0.21568628,dark
27,43,24,24,36,0.09411765,0.09411765,0.14117648,dark
27,44,25,25,37,0.09803922,0.09803922,0.14509805,dark
27,45,25,25,37,0.09803922,0.09803922,0.14509805,dark
27,46,25,25,37,0.09803922,0.09803922,0.14509805,dark
27,47,25,25,37,0.09803922,0.09803922,0.14509805,dark
27,48,25,25,37,0.09803922,0.09803922,0.14509805,dark
27,49,25,25,37,0.09803922,0.09803922,0.14509805,dark
27,50,25,25,37,0.09803922,0.09803922,0.14509805,dark
27,51,74,73,78,0.2901961,0.28627452,0.30588236,dark
27,52,83,83,84,0.3254902,0.3254902,0.32941177,dark
27,53,197,192,182,0.77254903,0.7529412,0.7137255,light
27,54,255,252,235,1.0,0.9882353,0.92156863,light
27,55,255,246,229,1.0,0.9647059,0.8980392,light
27,56,255,246,229,1.0,0.9647059,0.8980392,light
27,57,255,246,229,1.0,0.9647059,0.8980392,light
27,58,255,246,229,1.0,0.9647059,0.8980392,light
27,59,255,246,229,1.0,0.9647059,0.8980392,light
27,60,255,246,229,1.0,0.9647059,0.8980392,light
27,61,255,246,229,1.0,0.9647059,0.8980392,light
27,62,255,246,229,1.0,0.9647059,0.8980392,light
27,63,255,246,229,1.0,0.9647059,0.8980392,light
27,64,255,246,229,1.0,0.9647059,0.8980392,light
27,65,255,246,229,1.0,0.9647059,0.8980392,light
27,66,255,246,229,1.0,0.9647059,0.8980392,light
27,67,255,246,229,1.0,0.9647059,0.8980392,light
27,68,255,246,229,1.0,0.9647059,0.8980392,light
27,69,255,246,229,1.0,0.9647059,0.8980392,light
27,70,255,246,229,1.0,0.9647059,0.8980392,light
27,71,255,246,229,1.0,0.9647059,0.8980392,light
27,72,255,246,229,1.0,0.9647059,0.8980392,light
27,73,255,246,229,1.0,0.9647059,0.8980392,light
27,74,255,246,229,1.0,0.9647059,0.8980392,light
27,75,255,246,229,1.0,0.9647059,0.8980392,light
27,76,255,246,229,1.0,0.9647059,0.8980392,light
27,77,255,246,229,1.0,0.9647059,0.8980392,light
27,78,255,246,229,1.0,0.9647059,0.8980392,light
27,79,255,247,230,1.0,0.96862745,0.9019608,light
27,80,247,240,221,0.96862745,0.9411765,0.8666667,light
27,81,109,106,104,0.42745098,0.41568628,0.40784314,mid
27,82,85,84,85,0.33333334,0.32941177,0.33333334,dark
27,83,39,37,45,0.15294118,0.14509805,0.1764706,dark
27,84,21,24,35,0.08235294,0.09411765,0.13725491,dark
27,85,24,25,36,0.09411765,0.09803922,0.14117648,dark
27,86,25,25,37,0.09803922,0.09803922,0.14509805,dark
27,87,25,25,37,0.09803922,0.09803922,0.14509805,dark
27,88,25,25,37,0.09803922,0.09803922,0.14509805,dark
27,89,25,25,37,0.09803922,0.09803922,0.14509805,dark
27,90,25,25,37,0.09803922,0.09803922,0.14509805,dark
27,91,25,25,37,0.09803922,0.09803922,0.14509805,dark
27,92,24,24,36,0.09411765,0.09411765,0.14117648,dark
27,93,30,29,41,0.11764706,0.11372549,0.16078432,dark
27,94,55,50,64,0.21568628,0.19607843,0.2509804,dark
27,95,56,50,64,0.21960784,0.19607843,0.2509804,dark
27,96,56,50,64,0.21960784,0.19607843,0.2509804,dark
27,97,54,50,64,0.21176471,0.19607843,0.2509804,dark
27,98,29,29,41,0.11372549,0.11372549,0.16078432,dark
27,99,17,19,30,0.06666667,0.07450981,0.11764706,dark
27,100,189,192,193,0.7411765,0.7529412,0.75686276,light
27,101,255,255,255,1.0,1.0,1.0,light
27,102,255,255,255,1.0,1.0,1.0,light
27,103,255,255,255,1.0,1.0,1.0,light
27,104,255,255,255,1.0,1.0,1.0,light
27,105,255,255,255,1.0,1.0,1.0,light
27,106,255,255,255,1.0,1.0,1.0,light
27,107,255,255,255,1.0,1.0,1.0,light
27,108,255,255,255,1.0,1.0,1.0,light
27,109,255,255,255,1.0,1.0,1.0,light
27,110,255,255,255,1.0,1.0,1.0,light
27,111,255,255,255,1.0,1.0,1.0,light
27,112,255,255,255,1.0,1.0,1.0,light
27,113,255,255,255,1.0,1.0,1.0,light
27,114,255,255,255,1.0,1.0,1.0,light
27,115,255,255,255,1.0,1.0,1.0,light
27,116,255,255,255,1.0,1.0,1.0,light
27,117,255,255,255,1.0,1.0,1.0,light
27,118,255,255,255,1.0,1.0,1.0,light
27,119,255,255,255,1.0,1.0,1.0,light
27,120,255,255,255,1.0,1.0,1.0,light
27,121,255,255,255,1.0,1.0,1.0,light
27,122,255,255,255,1.0,1.0,1.0,light
27,123,255,255,255,1.0,1.0,1.0,light
27,124,255,255,255,1.0,1.0,1.0,light
27,125,255,255,255,1.0,1.0,1.0,light
27,126,255,255,255,1.0,1.0,1.0,light
27,127,255,255,255,1.0,1.0,1.0,light
28,0,255,255,255,1.0,1.0,1.0,light
28,1,255,255,255,1.0,1.0,1.0,light
28,2,255,255,255,1.0,1.0,1.0,light
28,3,255,255,255,1.0,1.0,1.0,light
28,4,255,255,255,1.0,1.0,1.0,light
28,5,255,255,255,1.0,1.0,1.0,light
28,6,255,255,255,1.0,1.0,1.0,light
28,7,255,255,255,1.0,1.0,1.0,light
28,8,255,255,255,1.0,1.0,1.0,light
28,9,255,255,255,1.0,1.0,1.0,light
28,10,255,255,255,1.0,1.0,1.0,light
28,11,255,255,255,1.0,1.0,1.0,light
28,12,255,255,255,1.0,1.0,1.0,light
28,13,255,255,255,1.0,1.0,1.0,light
28,14,255,255,255,1.0,1.0,1.0,light
28,15,255,255,255,1.0,1.0,1.0,light
28,16,255,255,255,1.0,1.0,1.0,light
28,17,255,255,255,1.0,1.0,1.0,light
28,18,255,255,255,1.0,1.0,1.0,light
28,19,255,255,255,1.0,1.0,1.0,light
28,20,255,255,255,1.0,1.0,1.0,light
28,21,255,255,255,1.0,1.0,1.0,light
28,22,255,255,255,1.0,1.0,1.0,light
28,23,255,255,255,1.0,1.0,1.0,light
28,24,255,255,255,1.0,1.0,1.0,light
28,25,255,255,255,1.0,1.0,1.0,light
28,26,255,255,255,1.0,1.0,1.0,light
28,27,255,255,255,1.0,1.0,1.0,light
28,28,255,255,255,1.0,1.0,1.0,light
28,29,255,255,255,1.0,1.0,1.0,light
28,30,255,255,255,1.0,1.0,1.0,light
28,31,255,255,255,1.0,1.0,1.0,light
28,32,255,255,255,1.0,1.0,1.0,light
28,33,255,255,255,1.0,1.0,1.0,light
28,34,255,255,255,1.0,1.0,1.0,light
28,35,255,255,255,1.0,1.0,1.0,light
28,36,255,255,255,1.0,1.0,1.0,light
28,37,255,255,255,1.0,1.0,1.0,light
28,38,135,132,139,0.5294118,0.5176471,0.54509807,mid
28,39,48,43,56,0.1882353,0.16862746,0.21960784,dark
28,40,56,50,64,0.21960784,0.19607843,0.2509804,dark
28,41,58,50,65,0.22745098,0.19607843,0.25490198,dark
28,42,46,41,55,0.18039216,0.16078432,0.21568628,dark
28,43,24,24,36,0.09411765,0.09411765,0.14117648,dark
28,44,25,25,37,0.09803922,0.09803922,0.14509805,dark
28,45,25,25,37,0.09803922,0.09803922,0.14509805,dark
28,46,25,25,37,0.09803922,0.09803922,0.14509805,dark
28,47,25,25,37,0.09803922,0.09803922,0.14509805,dark
28,48,25,25,37,0.09803922,0.09803922,0.14509805,dark
28,49,19,20,32,0.07450981,0.078431375,0.1254902,dark
28,50,18,19,31,0.07058824,0.07450981,0.12156863,dark
28,51,206,201,191,0.80784315,0.7882353,0.7490196,light
28,52,255,255,242,1.0,1.0,0.9490196,light
28,53,255,247,231,1.0,0.96862745,0.90588236,light
28,54,255,246,229,1.0,0.9647059,0.8980392,light
28,55,255,246,229,1.0,0.9647059,0.8980392,light
28,56,255,246,229,1.0,0.9647059,0.8980392,light
28,57,255,246,229,1.0,0.9647059,0.8980392,light
28,58,255,246,229,1.0,0.9647059,0.8980392,light
28,59,255,246,229,1.0,0.9647059,0.8980392,light
28,60,255,246,229,1.0,0.9647059,0.8980392,light
28,61,255,246,229,1.0,0.9647059,0.8980392,light
28,62,255,246,229,1.0,0.9647059,0.8980392,light
28,63,255,246,229,1.0,0.9647059,0.8980392,light
28,64,255,246,229,1.0,0.9647059,0.8980392,light
28,65,255,246,229,1.0,0.9647059,0.8980392,light
28,66,255,246,229,1.0,0.9647059,0.8980392,light
28,67,255,246,229,1.0,0.9647059,0.8980392,light
28,68,255,246,229,1.0,0.9647059,0.8980392,light
28,69,255,246,229,1.0,0.9647059,0.8980392,light
28,70,255,246,229,1.0,0.9647059,0.8980392,light
28,71,255,246,229,1.0,0.9647059,0.8980392,light
28,72,255,246,229,1.0,0.9647059,0.8980392,light
28,73,255,246,229,1.0,0.9647059,0.8980392,light
28,74,255,246,229,1.0,0.9647059,0.8980392,light
28,75,255,246,229,1.0,0.9647059,0.8980392,light
28,76,255,246,229,1.0,0.9647059,0.8980392,light
28,77,255,246,229,1.0,0.9647059,0.8980392,light
28,78,255,246,229,1.0,0.9647059,0.8980392,light
28,79,255,246,229,1.0,0.9647059,0.8980392,light
28,80,255,246,228,1.0,0.9647059,0.89411765,light
28,81,255,252,236,1.0,0.9882353,0.9254902,light
28,82,255,253,238,1.0,0.99215686,0.93333334,light
28,83,74,70,72,0.2901961,0.27450982,0.28235295,dark
28,84,13,13,27,0.050980393,0.050980393,0.105882354,dark
28,85,23,23,35,0.09019608,0.09019608,0.13725491,dark
28,86,25,25,37,0.09803922,0.09803922,0.14509805,dark
28,87,25,25,37,0.09803922,0.09803922,0.14509805,dark
28,88,25,25,37,0.09803922,0.09803922,0.14509805,dark
28,89,25,25,37,0.09803922,0.09803922,0.14509805,dark
28,90,25,25,37,0.09803922,0.09803922,0.14509805,dark
28,91,24,25,37,0.09411765,0.09803922,0.14509805,dark
28,92,22,24,35,0.08627451,0.09411765,0.13725491,dark
28,93,30,28,40,0.11764706,0.10980392,0.15686275,dark
28,94,55,49,64,0.21568628,0.19215687,0.2509804,dark
28,95,58,49,64,0.22745098,0.19215687,0.2509804,dark
28,96,58,50,65,0.22745098,0.19607843,0.25490198,dark
28,97,56,49,65,0.21960784,0.19215687,0.25490198,dark
28,98,25,24,37,0.09803922,0.09411765,0.14509805,dark
28,99,13,14,26,0.050980393,0.05490196,0.101960786,dark
28,100,189,190,192,0.7411765,0.74509805,0.7529412,light
28,101,255,255,255,1.0,1.0,1.0,light
28,102,255,255,255,1.0,1.0,1.0,light
28,103,255,255,255,1.0,1.0,1.0,light
28,104,255,255,255,1.0,1.0,1.0,light
28,105,255,255,255,1.0,1.0,1.0,light
28,106,255,255,255,1.0,1.0,1.0,light
28,107,255,255,255,1.0,1.0,1.0,light
28,108,255,255,255,1.0,1.0,1.0,light
28,109,255,255,255,1.0,1.0,1.0,light
28,110,255,255,255,1.0,1.0,1.0,light
28,111,255,255,255,1.0,1.0,1.0,light
28,112,255,255,255,1.0,1.0,1.0,light
28,113,255,255,255,1.0,1.0,1.0,light
28,114,255,255,255,1.0,1.0,1.0,light
28,115,255,255,255,1.0,1.0,1.0,light
28,116,255,255,255,1.0,1.0,1.0,light
28,117,255,255,255,1.0,1.0,1.0,light
28,118,255,255,255,1.0,1.0,1.0,light
28,119,255,255,255,1.0,1.0,1.0,light
28,120,255,255,255,1.0,1.0,1.0,light
28,121,255,255,255,1.0,1.0,1.0,light
28,122,255,255,255,1.0,1.0,1.0,light
28,123,255,255,255,1.0,1.0,1.0,light
28,124,255,255,255,1.0,1.0,1.0,light
28,125,255,255,255,1.0,1.0,1.0,light
28,126,255,255,255,1.0,1.0,1.0,light
28,127,255,255,255,1.0,1.0,1.0,light
29,0,255,255,255,1.0,1.0,1.0,light
29,1,255,255,255,1.0,1.0,1.0,light
29,2,255,255,255,1.0,1.0,1.0,light
29,3,255,255,255,1.0,1.0,1.0,light
29,4,255,255,255,1.0,1.0,1.0,light
29,5,255,255,255,1.0,1.0,1.0,light
29,6,255,255,255,1.0,1.0,1.0,light
29,7,255,255,255,1.0,1.0,1.0,light
29,8,255,255,255,1.0,1.0,1.0,light
29,9,255,255,255,1.0,1.0,1.0,light
29,10,255,255,255,1.0,1.0,1.0,light
29,11,255,255,255,1.0,1.0,1.0,light
29,12,255,255,255,1.0,1.0,1.0,light
29,13,255,255,255,1.0,1.0,1.0,light
29,14,255,255,255,1.0,1.0,1.0,light
29,15,255,255,255,1.0,1.0,1.0,light
29,16,255,255,255,1.0,1.0,1.0,light
29,17,255,255,255,1.0,1.0,1.0,light
29,18,255,255,255,1.0,1.0,1.0,light
29,19,255,255,255,1.0,1.0,1.0,light
29,20,255,255,255,1.0,1.0,1.0,light
29,21,255,255,255,1.0,1.0,1.0,light
29,22,255,255,255,1.0,1.0,1.0,light
29,23,255,255,255,1.0,1.0,1.0,light
29,24,255,255,255,1.0,1.0,1.0,light
29,25,255,255,255,1.0,1.0,1.0,light
29,26,255,255,255,1.0,1.0,1.0,light
29,27,255,255,255,1.0,1.0,1.0,light
29,28,255,255,255,1.0,1.0,1.0,light
29,29,255,255,255,1.0,1.0,1.0,light
29,30,255,255,255,1.0,1.0,1.0,light
29,31,255,255,255,1.0,1.0,1.0,light
29,32,255,255,255,1.0,1.0,1.0,light
29,33,255,255,255,1.0,1.0,1.0,light
29,34,255,255,255,1.0,1.0,1.0,light
29,35,255,255,255,1.0,1.0,1.0,light
29,36,255,255,255,1.0,1.0,1.0,light
29,37,255,255,255,1.0,1.0,1.0,light
29,38,131,130,136,0.5137255,0.50980395,0.53333336,mid
29,39,41,38,50,0.16078432,0.14901961,0.19607843,dark
29,40,52,48,62,0.20392157,0.1882353,0.24313726,dark
29,41,58,50,65,0.22745098,0.19607843,0.25490198,dark
29,42,47,41,55,0.18431373,0.16078432,0.21568628,dark
29,43,24,24,36,0.09411765,0.09411765,0.14117648,dark
29,44,25,25,37,0.09803922,0.09803922,0.14509805,dark
29,45,25,25,37,0.09803922,0.09803922,0.14509805,dark
29,46,25,25,37,0.09803922,0.09803922,0.14509805,dark
29,47,25,25,37,0.09803922,0.09803922,0.14509805,dark
29,48,27,26,39,0.105882354,0.101960786,0.15294118,dark
29,49,58,56,65,0.22745098,0.21960784,0.25490198,dark
29,50,63,61,67,0.24705882,0.23921569,0.2627451,dark
29,51,214,206,194,0.8392157,0.80784315,0.7607843,light
29,52,255,251,233,1.0,0.9843137,0.9137255,light
29,53,255,246,229,1.0,0.9647059,0.8980392,light
29,54,255,246,229,1.0,0.9647059,0.8980392,light
29,55,255,246,229,1.0,0.9647059,0.8980392,light
29,56,255,246,229,1.0,0.9647059,0.8980392,light
29,57,255,246,229,1.0,0.9647059,0.8980392,light
29,58,255,246,229,1.0,0.9647059,0.8980392,light
29,59,255,246,229,1.0,0.9647059,0.8980392,light
29,60,255,246,229,1.0,0.9647059,0.8980392,light
29,61,255,246,229,1.0,0.9647059,0.8980392,light
29,62,255,246,229,1.0,0.9647059,0.8980392,light
29,63,255,246,229,1.0,0.9647059,0.8980392,light
29,64,255,246,229,1.0,0.9647059,0.8980392,light
29,65,255,246,229,1.0,0.9647059,0.8980392,light
29,66,255,246,229,1.0,0.9647059,0.8980392,light
29,67,255,246,229,1.0,0.9647059,0.8980392,light
29,68,255,246,229,1.0,0.9647059,0.8980392,light
29,69,255,246,229,1.0,0.9647059,0.8980392,light
29,70,255,246,229,1.0,0.9647059,0.8980392,light
29,71,255,246,229,1.0,0.9647059,0.8980392,light
29,72,255,246,229,1.0,0.9647059,0.8980392,light
29,73,255,246,229,1.0,0.9647059,0.8980392,light
29,74,255,246,229,1.0,0.9647059,0.8980392,light
29,75,255,246,229,1.0,0.9647059,0.8980392,light
29,76,255,246,229,1.0,0.9647059,0.8980392,light
29,77,255,246,229,1.0,0.9647059,0.8980392,light
29,78,255,246,229,1.0,0.9647059,0.8980392,light
29,79,255,246,229,1.0,0.9647059,0.8980392,light
29,80,255,246,229,1.0,0.9647059,0.8980392,light
29,81,255,247,229,1.0,0.96862745,0.8980392,light
29,82,255,248,232,1.0,0.972549,0.9098039,light
29,83,107,101,101,0.41960785,0.39607844,0.39607844,mid
29,84,60,57,65,0.23529412,0.22352941,0.25490198,dark
29,85,38,37,47,0.14901961,0.14509805,0.18431373,dark
29,86,24,24,36,0.09411765,0.09411765,0.14117648,dark
29,87,25,25,37,0.09803922,0.09803922,0.14509805,dark
29,88,25,25,37,0.09803922,0.09803922,0.14509805,dark
29,89,25,25,37,0.09803922,0.09803922,0.14509805,dark
29,90,25,25,37,0.09803922,0.09803922,0.14509805,dark
29,91,26,26,38,0.101960786,0.101960786,0.14901961,dark
29,92,28,29,41,0.10980392,0.11372549,0.16078432,dark
29,93,35,32,45,0.13725491,0.1254902,0.1764706,dark
29,94,55,49,64,0.21568628,0.19215687,0.2509804,dark
29,95,58,48,64,0.22745098,0.1882353,0.2509804,dark
29,96,52,45,60,0.20392157,0.1764706,0.23529412,dark
29,97,51,45,60,0.2,0.1764706,0.23529412,dark
29,98,61,60,69,0.23921569,0.23529412,0.27058825,dark
29,99,58,58,66,0.22745098,0.22745098,0.25882354,dark
29,100,203,202,202,0.79607844,0.7921569,0.7921569,light
29,101,255,255,255,1.0,1.0,1.0,light
29,102,255,255,255,1.0,1.0,1.0,light
29,103,255,255,255,1.0,1.0,1.0,light
29,104,255,255,255,1.0,1.0,1.0,light
29,105,255,255,255,1.0,1.0,1.0,light
29,106,255,255,255,1.0,1.0,1.0,light
29,107,255,255,255,1.0,1.0,1.0,light
29,108,255,255,255,1.0,1.0,1.0,light
29,109,255,255,255,1.0,1.0,1.0,light
29,110,255,255,255,1.0,1.0,1.0,light
29,111,255,255,255,1.0,1.0,1.0,light
29,112,255,255,255,1.0,1.0,1.0,light
29,113,255,255,255,1.0,1.0,1.0,light
29,114,255,255,255,1.0,1.0,1.0,light
29,115,255,255,255,1.0,1.0,1.0,light
29,116,255,255,255,1.0,1.0,1.0,light
29,117,255,255,255,1.0,1.0,1.0,light
29,118,255,255,255,1.0,1.0,1.0,light
29,119,255,255,255,1.0,1.0,1.0,light
29,120,255,255,255,1.0,1.0,1.0,light
29,121,255,255,255,1.0,1.0,1.0,light
29,122,255,255,255,1.0,1.0,1.0,light
29,123,255,255,255,1.0,1.0,1.0,light
29,124,255,255,255,1.0,1.0,1.0,light
29,125,255,255,255,1.0,1.0,1.0,light
29,126,255,255,255,1.0,1.0,1.0,light
29,127,255,255,255,1.0,1.0,1.0,light
30,0,255,255,255,1.0,1.0,1.0,light
30,1,255,255,255,1.0,1.0,1.0,light
30,2,255,255,255,1.0,1.0,1.0,light
30,3,255,255,255,1.0,1.0,1.0,light
30,4,255,255,255,1.0,1.0,1.0,light
30,5,255,255,255,1.0,1.0,1.0,light
30,6,255,255,255,1.0,1.0,1.0,light
30,7,255,255,255,1.0,1.0,1.0,light
30,8,255,255,255,1.0,1.0,1.0,light
30,9,255,255,255,1.0,1.0,1.0,light
30,10,255,255,255,1.0,1.0,1.0,light
30,11,255,255,255,1.0,1.0,1.0,light
30,12,255,255,255,1.0,1.0,1.0,light
30,13,255,255,255,1.0,1.0,1.0,light
30,14,255,255,255,1.0,1.0,1.0,light
30,15,255,255,255,1.0,1.0,1.0,light
30,16,255,255,255,1.0,1.0,1.0,light
30,17,255,255,255,1.0,1.0,1.0,light
30,18,255,255,255,1.0,1.0,1.0,light
30,19,255,255,255,1.0,1.0,1.0,light
30,20,255,255,255,1.0,1.0,1.0,light
30,21,255,255,255,1.0,1.0,1.0,light
30,22,255,255,255,1.0,1.0,1.0,light
30,23,255,255,255,1.0,1.0,1.0,light
30,24,255,255,255,1.0,1.0,1.0,light
30,25,255,255,255,1.0,1.0,1.0,light
30,26,255,255,255,1.0,1.0,1.0,light
30,27,255,255,255,1.0,1.0,1.0,light
30,28,255,255,255,1.0,1.0,1.0,light
30,29,255,255,255,1.0,1.0,1.0,light
30,30,255,255,255,1.0,1.0,1.0,light
30,31,255,255,255,1.0,1.0,1.0,light
30,32,255,255,255,1.0,1.0,1.0,light
30,33,255,255,255,1.0,1.0,1.0,light
30,34,255,255,255,1.0,1.0,1.0,light
30,35,255,255,255,1.0,1.0,1.0,light
30,36,255,255,255,1.0,1.0,1.0,light
30,37,255,255,255,1.0,1.0,1.0,light
30,38,116,117,123,0.45490196,0.45882353,0.48235294,mid
30,39,16,14,26,0.0627451,0.05490196,0.101960786,dark
30,40,39,37,49,0.15294118,0.14509805,0.19215687,dark
30,41,57,52,66,0.22352941,0.20392157,0.25882354,dark
30,42,45,41,55,0.1764706,0.16078432,0.21568628,dark
30,43,24,24,36,0.09411765,0.09411765,0.14117648,dark
30,44,25,25,37,0.09803922,0.09803922,0.14509805,dark
30,45,25,25,37,0.09803922,0.09803922,0.14509805,dark
30,46,25,25,37,0.09803922,0.09803922,0.14509805,dark
30,47,20,20,33,0.078431375,0.078431375,0.12941177,dark
30,48,34,31,39,0.13333334,0.12156863,0.15294118,dark
30,49,222,217,206,0.87058824,0.8509804,0.80784315,light
30,50,251,247,230,0.9843137,0.96862745,0.9019608,light
30,51,254,245,229,0.99607843,0.9607843,0.8980392,light
30,52,255,246,229,1.0,0.9647059,0.8980392,light
30,53,255,246,229,1.0,0.9647059,0.8980392,light
30,54,255,246,229,1.0,0.9647059,0.8980392,light
30,55,255,246,229,1.0,0.9647059,0.8980392,light
30,56,255,246,229,1.0,0.9647059,0.8980392,light
30,57,255,246,229,1.0,0.9647059,0.8980392,light
30,58,255,246,229,1.0,0.9647059,0.8980392,light
30,59,255,246,229,1.0,0.9647059,0.8980392,light
30,60,255,246,229,1.0,0.9647059,0.8980392,light
30,61,255,246,229,1.0,0.9647059,0.8980392,light
30,62,255,246,229,1.0,0.9647059,0.8980392,light
30,63,255,246,229,1.0,0.9647059,0.8980392,light
30,64,255,246,229,1.0,0.9647059,0.8980392,light
30,65,255,246,229,1.0,0.9647059,0.8980392,light
30,66,255,246,229,1.0,0.9647059,0.8980392,light
30,67,255,246,229,1.0,0.9647059,0.8980392,light
30,68,255,246,229,1.0,0.9647059,0.8980392,light
30,69,255,246,229,1.0,0.9647059,0.8980392,light
30,70,255,246,229,1.0,0.9647059,0.8980392,light
30,71,255,246,229,1.0,0.9647059,0.8980392,light
30,72,255,246,229,1.0,0.9647059,0.8980392,light
30,73,255,246,229,1.0,0.9647059,0.8980392,light
30,74,255,246,229,1.0,0.9647059,0.8980392,light
30,75,255,246,229,1.0,0.9647059,0.8980392,light
30,76,255,246,229,1.0,0.9647059,0.8980392,light
30,77,255,246,229,1.0,0.9647059,0.8980392,light
30,78,255,246,229,1.0,0.9647059,0.8980392,light
30,79,255,246,229,1.0,0.9647059,0.8980392,light
30,80,255,246,229,1.0,0.9647059,0.8980392,light
30,81,255,246,229,1.0,0.9647059,0.8980392,light
30,82,255,247,228,1.0,0.96862745,0.89411765,light
30,83,252,244,226,0.9882353,0.95686275,0.8862745,light
30,84,251,250,233,0.9843137,0.98039216,0.9137255,light
30,85,99,96,99,0.3882353,0.3764706,0.3882353,mid
30,86,14,14,27,0.05490196,0.05490196,0.105882354,dark
30,87,24,24,36,0.09411765,0.09411765,0.14117648,dark
30,88,25,25,37,0.09803922,0.09803922,0.14509805,dark
30,89,25,25,37,0.09803922,0.09803922,0.14509805,dark
30,90,24,24,36,0.09411765,0.09411765,0.14117648,dark
30,91,33,32,44,0.12941177,0.1254902,0.17254902,dark
30,92,56,50,65,0.21960784,0.19607843,0.25490198,dark
30,93,54,50,64,0.21176471,0.19607843,0.2509804,dark
30,94,55,50,64,0.21568628,0.19607843,0.2509804,dark
30,95,54,48,62,0.21176471,0.1882353,0.24313726,dark
30,96,26,26,38,0.101960786,0.101960786,0.14901961,dark
30,97,29,29,39,0.11372549,0.11372549,0.15294118,dark
30,98,212,213,215,0.83137256,0.8352941,0.84313726,light
30,99,251,251,251,0.9843137,0.9843137,0.9843137,light
30,100,254,254,252,0.99607843,0.99607843,0.9882353,light
30,101,255,255,253,1.0,1.0,0.99215686,light
30,102,255,255,255,1.0,1.0,1.0,light
30,103,255,255,255,1.0,1.0,1.0,light
30,104,255,255,255,1.0,1.0,1.0,light
30,105,255,255,255,1.0,1.0,1.0,light
30,106,255,255,255,1.0,1.0,1.0,light
30,107,255,255,255,1.0,1.0,1.0,light
30,108,255,255,255,1.0,1.0,1.0,light
30,109,255,255,255,1.0,1.0,1.0,light
30,110,255,255,255,1.0,1.0,1.0,light
30,111,255,255,255,1.0,1.0,1.0,light
30,112,255,255,255,1.0,1.0,1.0,light
30,113,255,255,255,1.0,1.0,1.0,light
30,114,255,255,255,1.0,1.0,1.0,light
30,115,255,255,255,1.0,1.0,1.0,light
30,116,255,255,255,1.0,1.0,1.0,light
30,117,255,255,255,1.0,1.0,1.0,light
30,118,255,255,255,1.0,1.0,1.0,light
30,119,255,255,255,1.0,1.0,1.0,light
30,120,255,255,255,1.0,1.0,1.0,light
30,121,255,255,255,1.0,1.0,1.0,light
30,122,255,255,255,1.0,1.0,1.0,light
30,123,255,255,255,1.0,1.0,1.0,light
30,124,255,255,255,1.0,1.0,1.0,light
30,125,255,255,255,1.0,1.0,1.0,light
30,126,255,255,255,1.0,1.0,1.0,light
30,127,255,255,255,1.0,1.0,1.0,light
31,0,255,255,255,1.0,1.0,1.0,light
31,1,255,255,255,1.0,1.0,1.0,light
31,2,255,255,255,1.0,1.0,1.0,light
31,3,255,255,255,1.0,1.0,1.0,light
31,4,255,255,255,1.0,1.0,1.0,light
31,5,255,255,255,1.0,1.0,1.0,light
31,6,255,255,255,1.0,1.0,1.0,light
31,7,255,255,255,1.0,1.0,1.0,light
31,8,255,255,255,1.0,1.0,1.0,light
31,9,255,255,255,1.0,1.0,1.0,light
31,10,255,255,255,1.0,1.0,1.0,light
31,11,255,255,255,1.0,1.0,1.0,light
31,12,255,255,255,1.0,1.0,1.0,light
31,13,255,255,255,1.0,1.0,1.0,light
31,14,255,255,255,1.0,1.0,1.0,light
31,15,255,255,255,1.0,1.0,1.0,light
31,16,255,255,255,1.0,1.0,1.0,light
31,17,255,255,255,1.0,1.0,1.0,light
31,18,255,255,255,1.0,1.0,1.0,light
31,19,255,255,255,1.0,1.0,1.0,light
31,20,255,255,255,1.0,1.0,1.0,light
31,21,255,255,255,1.0,1.0,1.0,light
31,22,255,255,255,1.0,1.0,1.0,light
31,23,255,255,255,1.0,1.0,1.0,light
31,24,255,255,255,1.0,1.0,1.0,light
31,25,255,255,255,1.0,1.0,1.0,light
31,26,255,255,255,1.0,1.0,1.0,light
31,27,255,255,255,1.0,1.0,1.0,light
31,28,255,255,255,1.0,1.0,1.0,light
31,29,255,255,255,1.0,1.0,1.0,light
31,30,255,255,255,1.0,1.0,1.0,light
31,31,255,255,255,1.0,1.0,1.0,light
31,32,255,255,255,1.0,1.0,1.0,light
31,33,255,255,255,1.0,1.0,1.0,light
31,34,255,255,255,1.0,1.0,1.0,light
31,35,255,255,255,1.0,1.0,1.0,light
31,36,255,255,255,1.0,1.0,1.0,light
31,37,255,255,255,1.0,1.0,1.0,light
31,38,116,117,123,0.45490196,0.45882353,0.48235294,mid
31,39,14,15,26,0.05490196,0.05882353,0.101960786,dark
31,40,39,36,49,0.15294118,0.14117648,0.19215687,dark
31,41,57,52,66,0.22352941,0.20392157,0.25882354,dark
31,42,45,42,56,0.1764706,0.16470589,0.21960784,dark
31,43,26,26,38,0.101960786,0.101960786,0.14901961,dark
31,44,27,26,38,0.105882354,0.101960786,0.14901961,dark
31,45,24,25,36,0.09411765,0.09803922,0.14117648,dark
31,46,28,26,39,0.10980392,0.101960786,0.15294118,dark
31,47,43,39,47,0.16862746,0.15294118,0.18431373,dark
31,48,54,51,57,0.21176471,0.2,0.22352941,dark
31,49,228,223,213,0.89411765,0.8745098,0.8352941,light
31,50,255,250,233,1.0,0.98039216,0.9137255,light
31,51,255,246,229,1.0,0.9647059,0.8980392,light
31,52,255,246,229,1.0,0.9647059,0.8980392,light
31,53,255,246,229,1.0,0.9647059,0.8980392,light
31,54,255,246,229,1.0,0.9647059,0.8980392,light
31,55,255,246,229,1.0,0.9647059,0.8980392,light
31,56,255,246,229,1.0,0.9647059,0.8980392,light
31,57,255,246,229,1.0,0.9647059,0.8980392,light
31,58,255,246,229,1.0,0.9647059,0.8980392,light
31,59,255,246,229,1.0,0.9647059,0.8980392,light
31,60,255,246,229,1.0,0.9647059,0.8980392,light
31,61,255,246,229,1.0,0.9647059,0.8980392,light
31,62,255,246,229,1.0,0.9647059,0.8980392,light
31,63,255,246,229,1.0,0.9647059,0.8980392,light
31,64,255,246,229,1.0,0.9647059,0.8980392,light
31,65,255,246,229,1.0,0.9647059,0.8980392,light
31,66,255,246,229,1.0,0.9647059,0.8980392,light
31,67,255,246,229,1.0,0.9647059,0.8980392,light
31,68,255,246,229,1.0,0.9647059,0.8980392,light
31,69,255,246,229,1.0,0.9647059,0.8980392,light
31,70,255,246,229,1.0,0.9647059,0.8980392,light
31,71,255,246,229,1.0,0.9647059,0.8980392,light
31,72,255,246,229,1.0,0.9647059,0.8980392,light
31,73,255,246,229,1.0,0.9647059,0.8980392,light
31,74,255,246,229,1.0,0.9647059,0.8980392,light
31,75,255,246,229,1.0,0.9647059,0.8980392,light
31,76,255,246,229,1.0,0.9647059,0.8980392,light
31,77,255,246,229,1.0,0.9647059,0.8980392,light
31,78,255,246,229,1.0,0.9647059,0.8980392,light
31,79,255,246,229,1.0,0.9647059,0.8980392,light
31,80,255,246,229,1.0,0.9647059,0.8980392,light
31,81,255,246,229,1.0,0.9647059,0.8980392,light
31,82,255,246,229,1.0,0.9647059,0.8980392,light
31,83,255,247,230,1.0,0.96862745,0.9019608,light
31,84,255,254,237,1.0,0.99607843,0.92941177,light
31,85,116,112,110,0.45490196,0.4392157,0.43137255,mid
31,86,37,36,42,0.14509805,0.14117648,0.16470589,dark
31,87,31,33,43,0.12156863,0.12941177,0.16862746,dark
31,88,23,24,36,0.09019608,0.09411765,0.14117648,dark
31,89,25,25,37,0.09803922,0.09803922,0.14509805,dark
31,90,24,24,36,0.09411765,0.09411765,0.14117648,dark
31,91,33,31,44,0.12941177,0.12156863,0.17254902,dark
31,92,54,48,63,0.21176471,0.1882353,0.24705882,dark
31,93,53,48,62,0.20784314,0.1882353,0.24313726,dark
31,94,54,48,62,0.21176471,0.1882353,0.24313726,dark
31,95,49,47,60,0.19215687,0.18431373,0.23529412,dark
31,96,23,26,38,0.09019608,0.101960786,0.14901961,dark
31,97,27,29,38,0.105882354,0.11372549,0.14901961,dark
31,98,217,218,219,0.8509804,0.85490197,0.85882354,light
31,99,255,255,255,1.0,1.0,1.0,light
31,100,255,255,255,1.0,1.0,1.0,light
31,101,255,255,255,1.0,1.0,1.0,light
31,102,255,255,255,1.0,1.0,1.0,light
31,103,255,255,255,1.0,1.0,1.0,light
31,104,255,255,255,1.0,1.0,1.0,light
31,105,255,255,255,1.0,1.0,1.0,light
31,106,255,255,255,1.0,1.0,1.0,light
31,107,255,255,255,1.0,1.0,1.0,light
31,108,255,255,255,1.0,1.0,1.0,light
31,109,255,255,255,1.0,1.0,1.0,light
31,110,255,255,255,1.0,1.0,1.0,light
31,111,255,255,255,1.0,1.0,1.0,light
31,112,255,255,255,1.0,1.0,1.0,light
31,113,255,255,255,1.0,1.0,1.0,light
31,114,255,255,255,1.0,1.0,1.0,light
31,115,255,255,255,1.0,1.0,1.0,light
31,116,255,255,255,1.0,1.0,1.0,light
31,117,255,255,255,1.0,1.0,1.0,light
31,118,255,255,255,1.0,1.0,1.0,light
31,119,255,255,255,1.0,1.0,1.0,light
31,120,255,255,255,1.0,1.0,1.0,light
31,121,255,255,255,1.0,1.0,1.0,light
31,122,255,255,255,1.0,1.0,1.0,light
31,123,255,255,255,1.0,1.0,1.0,light
31,124,255,255,255,1.0,1.0,1.0,light
31,125,255,255,255,1.0,1.0,1.0,light
31,126,255,255,255,1.0,1.0,1.0,light
31,127,255,255,255,1.0,1.0,1.0,light
32,0,255,255,255,1.0,1.0,1.0,light
32,1,255,255,255,1.0,1.0,1.0,light
32,2,255,255,255,1.0,1.0,1.0,light
32,3,255,255,255,1.0,1.0,1.0,light
32,4,255,255,255,1.0,1.0,1.0,light
32,5,255,255,255,1.0,1.0,1.0,light
32,6,255,255,255,1.0,1.0,1.0,light
32,7,255,255,255,1.0,1.0,1.0,light
32,8,255,255,255,1.0,1.0,1.0,light
32,9,255,255,255,1.0,1.0,1.0,light
32,10,255,255,255,1.0,1.0,1.0,light
32,11,255,255,255,1.0,1.0,1.0,light
32,12,255,255,255,1.0,1.0,1.0,light
32,13,255,255,255,1.0,1.0,1.0,light
32,14,255,255,255,1.0,1.0,1.0,light
32,15,255,255,255,1.0,1.0,1.0,light
32,16,255,255,255,1.0,1.0,1.0,light
32,17,255,255,255,1.0,1.0,1.0,light
32,18,255,255,255,1.0,1.0,1.0,light
32,19,255,255,255,1.0,1.0,1.0,light
32,20,255,255,255,1.0,1.0,1.0,light
32,21,255,255,255,1.0,1.0,1.0,light
32,22,255,255,255,1.0,1.0,1.0,light
32,23,255,255,255,1.0,1.0,1.0,light
32,24,255,255,255,1.0,1.0,1.0,light
32,25,255,255,255,1.0,1.0,1.0,light
32,26,255,255,255,1.0,1.0,1.0,light
32,27,255,255,255,1.0,1.0,1.0,light
32,28,255,255,255,1.0,1.0,1.0,light
32,29,255,255,255,1.0,1.0,1.0,light
32,30,255,255,255,1.0,1.0,1.0,light
32,31,255,255,255,1.0,1.0,1.0,light
32,32,255,255,255,1.0,1.0,1.0,light
32,33,255,255,255,1.0,1.0,1.0,light
32,34,255,255,255,1.0,1.0,1.0,light
32,35,255,255,255,1.0,1.0,1.0,light
32,36,255,255,255,1.0,1.0,1.0,light
32,37,255,255,255,1.0,1.0,1.0,light
32,38,116,117,123,0.45490196,0.45882353,0.48235294,mid
32,39,13,15,26,0.050980393,0.05882353,0.101960786,dark
32,40,39,36,49,0.15294118,0.14117648,0.19215687,dark
32,41,56,51,65,0.21960784,0.2,0.25490198,dark
32,42,55,50,64,0.21568628,0.19607843,0.2509804,dark
32,43,55,48,63,0.21568628,0.1882353,0.24705882,dark
32,44,49,42,57,0.19215687,0.16470589,0.22352941,dark
32,45,21,21,33,0.08235294,0.08235294,0.12941177,dark
32,46,51,49,58,0.2,0.19215687,0.22745098,dark
32,47,226,221,210,0.8862745,0.8666667,0.8235294,light
32,48,237,232,220,0.92941177,0.9098039,0.8627451,light
32,49,250,244,230,0.98039216,0.95686275,0.9019608,light
32,50,254,246,231,0.99607843,0.9647059,0.90588236,light
32,51,255,246,229,1.0,0.9647059,0.8980392,light
32,52,255,246,229,1.0,0.9647059,0.8980392,light
32,53,255,246,229,1.0,0.9647059,0.8980392,light
32,54,255,246,229,1.0,0.9647059,0.8980392,light
32,55,255,246,229,1.0,0.9647059,0.8980392,light
32,56,255,246,229,1.0,0.9647059,0.8980392,light
32,57,255,246,229,1.0,0.9647059,0.8980392,light
32,58,255,246,229,1.0,0.9647059,0.8980392,light
32,59,255,246,229,1.0,0.9647059,0.8980392,light
32,60,255,246,229,1.0,0.9647059,0.8980392,light
32,61,255,246,229,1.0,0.9647059,0.8980392,light
32,62,255,246,229,1.0,0.9647059,0.8980392,light
32,63,255,246,229,1.0,0.9647059,0.8980392,light
32,64,255,246,229,1.0,0.9647059,0.8980392,light
32,65,255,246,229,1.0,0.9647059,0.8980392,light
32,66,255,246,229,1.0,0.9647059,0.8980392,light
32,67,255,246,229,1.0,0.9647059,0.8980392,light
32,68,255,246,229,1.0,0.9647059,0.8980392,light
32,69,255,246,229,1.0,0.9647059,0.8980392,light
32,70,255,246,229,1.0,0.9647059,0.8980392,light
32,71,255,246,229,1.0,0.9647059,0.8980392,light
32,72,255,246,229,1.0,0.9647059,0.8980392,light
32,73,255,246,229,1.0,0.9647059,0.8980392,light
32,74,255,246,229,1.0,0.9647059,0.8980392,light
32,75,255,246,229,1.0,0.9647059,0.8980392,light
32,76,255,246,229,1.0,0.9647059,0.8980392,light
32,77,255,246,229,1.0,0.9647059,0.8980392,light
32,78,255,246,229,1.0,0.9647059,0.8980392,light
32,79,255,246,229,1.0,0.9647059,0.8980392,light
32,80,255,246,229,1.0,0.9647059,0.8980392,light
32,81,255,246,229,1.0,0.9647059,0.8980392,light
32,82,255,246,229,1.0,0.9647059,0.8980392,light
32,83,255,246,229,1.0,0.9647059,0.8980392,light
32,84,255,247,230,1.0,0.96862745,0.9019608,light
32,85,243,236,218,0.9529412,0.9254902,0.85490197,light
32,86,237,236,222,0.92941177,0.9254902,0.87058824,light
32,87,122,119,121,0.47843137,0.46666667,0.4745098,mid
32,88,15,15,27,0.05882353,0.05882353,0.105882354,dark
32,89,24,24,36,0.09411765,0.09411765,0.14117648,dark
32,90,25,25,37,0.09803922,0.09803922,0.14509805,dark
32,91,27,24,37,0.105882354,0.09411765,0.14509805,dark
32,92,28,26,39,0.10980392,0.101960786,0.15294118,dark
32,93,28,26,39,0.10980392,0.101960786,0.15294118,dark
32,94,29,25,39,0.11372549,0.09803922,0.15294118,dark
32,95,26,26,39,0.101960786,0.101960786,0.15294118,dark
32,96,21,23,35,0.08235294,0.09019608,0.13725491,dark
32,97,26,28,37,0.101960786,0.10980392,0.14509805,dark
32,98,217,217,218,0.8509804,0.8509804,0.85490197,light
32,99,255,255,255,1.0,1.0,1.0,light
32,100,255,255,255,1.0,1.0,1.0,light
32,101,255,255,255,1.0,1.0,1.0,light
32,102,255,255,255,1.0,1.0,1.0,light
32,103,255,255,255,1.0,1.0,1.0,light
32,104,255,255,255,1.0,1.0,1.0,light
32,105,255,255,255,1.0,1.0,1.0,light
32,106,255,255,255,1.0,1.0,1.0,light
32,107,255,255,255,1.0,1.0,1.0,light
32,108,255,255,255,1.0,1.0,1.0,light
32,109,255,255,255,1.0,1.0,1.0,light
32,110,255,255,255,1.0,1.0,1.0,light
32,111,255,255,255,1.0,1.0,1.0,light
32,112,255,255,255,1.0,1.0,1.0,light
32,113,255,255,255,1.0,1.0,1.0,light
32,114,255,255,255,1.0,1.0,1.0,light
32,115,255,255,255,1.0,1.0,1.0,light
32,116,255,255,255,1.0,1.0,1.0,light
32,117,255,255,255,1.0,1.0,1.0,light
32,118,255,255,255,1.0,1.0,1.0,light
32,119,255,255,255,1.0,1.0,1.0,light
32,120,255,255,255,1.0,1.0,1.0,light
32,121,255,255,255,1.0,1.0,1.0,light
32,122,255,255,255,1.0,1.0,1.0,light
32,123,255,255,255,1.0,1.0,1.0,light
32,124,255,255,255,1.0,1.0,1.0,light
32,125,255,255,255,1.0,1.0,1.0,light
32,126,255,255,255,1.0,1.0,1.0,light
32,127,255,255,255,1.0,1.0,1.0,light
33,0,255,255,255,1.0,1.0,1.0,light
33,1,255,255,255,1.0,1.0,1.0,light
33,2,255,255,255,1.0,1.0,1.0,light
33,3,255,255,255,1.0,1.0,1.0,light
33,4,255,255,255,1.0,1.0,1.0,light
33,5,255,255,255,1.0,1.0,1.0,light
33,6,255,255,255,1.0,1.0,1.0,light
33,7,255,255,255,1.0,1.0,1.0,light
33,8,255,255,255,1.0,1.0,1.0,light
33,9,255,255,255,1.0,1.0,1.0,light
33,10,255,255,255,1.0,1.0,1.0,light
33,11,255,255,255,1.0,1.0,1.0,light
33,12,255,255,255,1.0,1.0,1.0,light
33,13,255,255,255,1.0,1.0,1.0,light
33,14,255,255,255,1.0,1.0,1.0,light
33,15,255,255,255,1.0,1.0,1.0,light
33,16,255,255,255,1.0,1.0,1.0,light
33,17,255,255,255,1.0,1.0,1.0,light
33,18,255,255,255,1.0,1.0,1.0,light
33,19,255,255,255,1.0,1.0,1.0,light
33,20,255,255,255,1.0,1.0,1.0,light
33,21,255,255,255,1.0,1.0,1.0,light
33,22,255,255,255,1.0,1.0,1.0,light
33,23,255,255,255,1.0,1.0,1.0,light
33,24,255,255,255,1.0,1.0,1.0,light
33,25,255,255,255,1.0,1.0,1.0,light
33,26,255,255,255,1.0,1.0,1.0,light
33,27,255,255,255,1.0,1.0,1.0,light
33,28,255,255,255,1.0,1.0,1.0,light
33,29,255,255,255,1.0,1.0,1.0,light
33,30,255,255,255,1.0,1.0,1.0,light
33,31,255,255,255,1.0,1.0,1.0,light
33,32,255,255,255,1.0,1.0,1.0,light
33,33,255,255,255,1.0,1.0,1.0,light
33,34,255,255,255,1.0,1.0,1.0,light
33,35,255,255,255,1.0,1.0,1.0,light
33,36,255,255,255,1.0,1.0,1.0,light
33,37,255,255,255,1.0,1.0,1.0,light
33,38,116,117,123,0.45490196,0.45882353,0.48235294,mid
33,39,13,15,26,0.050980393,0.05882353,0.101960786,dark
33,40,39,36,49,0.15294118,0.14117648,0.19215687,dark
33,41,55,51,65,0.21568628,0.2,0.25490198,dark
33,42,56,50,64,0.21960784,0.19607843,0.2509804,dark
33,43,58,49,65,0.22745098,0.19215687,0.25490198,dark
33,44,49,44,58,0.19215687,0.17254902,0.22745098,dark
33,45,19,21,33,0.07450981,0.08235294,0.12941177,dark
33,46,53,51,58,0.20784314,0.2,0.22745098,dark
33,47,247,240,223,0.96862745,0.9411765,0.8745098,light
33,48,255,250,233,1.0,0.98039216,0.9137255,light
33,49,255,246,231,1.0,0.9647059,0.90588236,light
33,50,255,247,227,1.0,0.96862745,0.8901961,light
33,51,255,246,228,1.0,0.9647059,0.89411765,light
33,52,255,246,229,1.0,0.9647059,0.8980392,light
33,53,255,246,229,1.0,0.9647059,0.8980392,light
33,54,255,246,229,1.0,0.9647059,0.8980392,light
33,55,255,246,229,1.0,0.9647059,0.8980392,light
33,56,255,246,229,1.0,0.9647059,0.8980392,light
33,57,255,246,229,1.0,0.9647059,0.8980392,light
33,58,255,246,229,1.0,0.9647059,0.8980392,light
33,59,255,246,229,1.0,0.9647059,0.8980392,light
33,60,255,246,229,1.0,0.9647059,0.8980392,light
33,61,255,246,229,1.0,0.9647059,0.8980392,light
33,62,255,246,229,1.0,0.9647059,0.8980392,light
33,63,255,246,229,1.0,0.9647059,0.8980392,light
33,64,255,246,229,1.0,0.9647059,0.8980392,light
33,65,255,246,229,1.0,0.9647059,0.8980392,light
33,66,255,246,229,1.0,0.9647059,0.8980392,light
33,67,255,246,229,1.0,0.9647059,0.8980392,light
33,68,255,246,229,1.0,0.9647059,0.8980392,light
33,69,255,246,229,1.0,0.9647059,0.8980392,light
33,70,255,246,229,1.0,0.9647059,0.8980392,light
33,71,255,246,229,1.0,0.9647059,0.8980392,light
33,72,255,246,229,1.0,0.9647059,0.8980392,light
33,73,255,246,229,1.0,0.9647059,0.8980392,light
33,74,255,246,229,1.0,0.9647059,0.8980392,light
33,75,255,246,229,1.0,0.9647059,0.8980392,light
33,76,255,246,229,1.0,0.9647059,0.8980392,light
33,77,255,246,229,1.0,0.9647059,0.8980392,light
33,78,255,246,229,1.0,0.9647059,0.8980392,light
33,79,255,246,229,1.0,0.9647059,0.8980392,light
33,80,255,246,229,1.0,0.9647059,0.8980392,light
33,81,255,246,229,1.0,0.9647059,0.8980392,light
33,82,255,246,229,1.0,0.9647059,0.8980392,light
33,83,255,246,229,1.0,0.9647059,0.8980392,light
33,84,255,246,229,1.0,0.9647059,0.8980392,light
33,85,255,248,230,1.0,0.972549,0.9019608,light
33,86,255,255,237,1.0,1.0,0.92941177,light
33,87,136,131,129,0.53333336,0.5137255,0.5058824,mid
33,88,20,19,31,0.078431375,0.07450981,0.12156863,dark
33,89,27,27,39,0.105882354,0.105882354,0.15294118,dark
33,90,25,25,37,0.09803922,0.09803922,0.14509805,dark
33,91,25,25,37,0.09803922,0.09803922,0.14509805,dark
33,92,25,25,37,0.09803922,0.09803922,0.14509805,dark
33,93,25,25,37,0.09803922,0.09803922,0.14509805,dark
33,94,23,25,36,0.09019608,0.09803922,0.14117648,dark
33,95,23,25,37,0.09019608,0.09803922,0.14509805,dark
33,96,26,27,39,0.101960786,0.105882354,0.15294118,dark
33,97,31,33,41,0.12156863,0.12941177,0.16078432,dark
33,98,218,218,219,0.85490197,0.85490197,0.85882354,light
33,99,255,255,255,1.0,1.0,1.0,light
33,100,255,255,255,1.0,1.0,1.0,light
33,101,255,255,255,1.0,1.0,1.0,light
33,102,255,255,255,1.0,1.0,1.0,light
33,103,255,255,255,1.0,1.0,1.0,light
33,104,255,255,255,1.0,1.0,1.0,light
33,105,255,255,255,1.0,1.0,1.0,light
33,106,255,255,255,1.0,1.0,1.0,light
33,107,255,255,255,1.0,1.0,1.0,light
33,108,255,255,255,1.0,1.0,1.0,light
33,109,255,255,255,1.0,1.0,1.0,light
33,110,255,255,255,1.0,1.0,1.0,light
33,111,255,255,255,1.0,1.0,1.0,light
33,112,255,255,255,1.0,1.0,1.0,light
33,113,255,255,255,1.0,1.0,1.0,light
33,114,255,255,255,1.0,1.0,1.0,light
33,115,255,255,255,1.0,1.0,1.0,light
33,116,255,255,255,1.0,1.0,1.0,light
33,117,255,255,255,1.0,1.0,1.0,light
33,118,255,255,255,1.0,1.0,1.0,light
33,119,255,255,255,1.0,1.0,1.0,light
33,120,255,255,255,1.0,1.0,1.0,light
33,121,255,255,255,1.0,1.0,1.0,light
33,122,255,255,255,1.0,1.0,1.0,light
33,123,255,255,255,1.0,1.0,1.0,light
33,124,255,255,255,1.0,1.0,1.0,light
33,125,255,255,255,1.0,1.0,1.0,light
33,126,255,255,255,1.0,1.0,1.0,light
33,127,255,255,255,1.0,1.0,1.0,light
34,0,255,255,255,1.0,1.0,1.0,light
34,1,255,255,255,1.0,1.0,1.0,light
34,2,255,255,255,1.0,1.0,1.0,light
34,3,255,255,255,1.0,1.0,1.0,light
34,4,255,255,255,1.0,1.0,1.0,light
34,5,255,255,255,1.0,1.0,1.0,light
34,6,255,255,255,1.0,1.0,1.0,light
34,7,255,255,255,1.0,1.0,1.0,light
34,8,255,255,255,1.0,1.0,1.0,light
34,9,255,255,255,1.0,1.0,1.0,light
34,10,255,255,255,1.0,1.0,1.0,light
34,11,255,255,255,1.0,1.0,1.0,light
34,12,255,255,255,1.0,1.0,1.0,light
34,13,255,255,255,1.0,1.0,1.0,light
34,14,255,255,255,1.0,1.0,1.0,light
34,15,255,255,255,1.0,1.0,1.0,light
34,16,255,255,255,1.0,1.0,1.0,light
34,17,255,255,255,1.0,1.0,1.0,light
34,18,255,255,255,1.0,1.0,1.0,light
34,19,255,255,255,1.0,1.0,1.0,light
34,20,255,255,255,1.0,1.0,1.0,light
34,21,255,255,255,1.0,1.0,1.0,light
34,22,255,255,255,1.0,1.0,1.0,light
34,23,255,255,255,1.0,1.0,1.0,light
34,24,255,255,255,1.0,1.0,1.0,light
34,25,255,255,255,1.0,1.0,1.0,light
34,26,255,255,255,1.0,1.0,1.0,light
34,27,255,255,255,1.0,1.0,1.0,light
34,28,255,255,255,1.0,1.0,1.0,light
34,29,255,255,255,1.0,1.0,1.0,light
34,30,255,255,255,1.0,1.0,1.0,light
34,31,255,255,255,1.0,1.0,1.0,light
34,32,255,255,255,1.0,1.0,1.0,light
34,33,255,255,255,1.0,1.0,1.0,light
34,34,255,255,255,1.0,1.0,1.0,light
34,35,255,255,255,1.0,1.0,1.0,light
34,36,255,255,255,1.0,1.0,1.0,light
34,37,255,255,255,1.0,1.0,1.0,light
34,38,117,117,122,0.45882353,0.45882353,0.47843137,mid
34,39,15,15,27,0.05882353,0.05882353,0.105882354,dark
34,40,27,27,39,0.105882354,0.105882354,0.15294118,dark
34,41,30,29,42,0.11764706,0.11372549,0.16470589,dark
34,42,30,29,42,0.11764706,0.11372549,0.16470589,dark
34,43,30,29,42,0.11764706,0.11372549,0.16470589,dark
34,44,29,28,40,0.11372549,0.10980392,0.15686275,dark
34,45,20,21,33,0.078431375,0.08235294,0.12941177,dark
34,46,54,50,59,0.21176471,0.19607843,0.23137255,dark
34,47,244,237,221,0.95686275,0.92941177,0.8666667,light
34,48,255,248,231,1.0,0.972549,0.90588236,light
34,49,255,246,229,1.0,0.9647059,0.8980392,light
34,50,255,246,228,1.0,0.9647059,0.89411765,light
34,51,255,246,229,1.0,0.9647059,0.8980392,light
34,52,255,246,229,1.0,0.9647059,0.8980392,light
34,53,255,246,229,1.0,0.9647059,0.8980392,light
34,54,255,246,229,1.0,0.9647059,0.8980392,light
34,55,255,246,229,1.0,0.9647059,0.8980392,light
34,56,255,246,229,1.0,0.9647059,0.8980392,light
34,57,255,246,229,1.0,0.9647059,0.8980392,light
34,58,255,246,229,1.0,0.9647059,0.8980392,light
34,59,255,246,229,1.0,0.9647059,0.8980392,light
34,60,255,246,229,1.0,0.9647059,0.8980392,light
34,61,255,246,229,1.0,0.9647059,0.8980392,light
34,62,255,246,229,1.0,0.9647059,0.8980392,light
34,63,255,246,229,1.0,0.9647059,0.8980392,light
34,64,255,246,229,1.0,0.9647059,0.8980392,light
34,65,255,246,229,1.0,0.9647059,0.8980392,light
34,66,255,246,229,1.0,0.9647059,0.8980392,light
34,67,255,246,229,1.0,0.9647059,0.8980392,light
34,68,255,246,229,1.0,0.9647059,0.8980392,light
34,69,255,246,229,1.0,0.9647059,0.8980392,light
34,70,255,246,229,1.0,0.9647059,0.8980392,light
34,71,255,246,229,1.0,0.9647059,0.8980392,light
34,72,255,246,229,1.0,0.9647059,0.8980392,light
34,73,255,246,229,1.0,0.9647059,0.8980392,light
34,74,255,246,229,1.0,0.9647059,0.8980392,light
34,75,255,246,229,1.0,0.9647059,0.8980392,light
34,76,255,246,229,1.0,0.9647059,0.8980392,light
34,77,255,246,229,1.0,0.9647059,0.8980392,light
34,78,255,246,229,1.0,0.9647059,0.8980392,light
34,79,255,246,229,1.0,0.9647059,0.8980392,light
34,80,255,246,229,1.0,0.9647059,0.8980392,light
34,81,255,246,229,1.0,0.9647059,0.8980392,light
34,82,255,246,229,1.0,0.9647059,0.8980392,light
34,83,255,246,229,1.0,0.9647059,0.8980392,light
34,84,255,246,229,1.0,0.9647059,0.8980392,light
34,85,255,246,230,1.0,0.9647059,0.9019608,light
34,86,255,247,231,1.0,0.96862745,0.90588236,light
34,87,235,226,213,0.92156863,0.8862745,0.8352941,light
34,88,216,215,203,0.84705883,0.84313726,0.79607844,light
34,89,140,136,133,0.54901963,0.53333336,0.52156866,mid
34,90,18,17,30,0.07058824,0.06666667,0.11764706,dark
34,91,25,25,37,0.09803922,0.09803922,0.14509805,dark
34,92,25,25,37,0.09803922,0.09803922,0.14509805,dark
34,93,25,25,36,0.09803922,0.09803922,0.14117648,dark
34,94,22,22,35,0.08627451,0.08627451,0.13725491,dark
34,95,39,39,52,0.15294118,0.15294118,0.20392157,dark
34,96,200,202,203,0.78431374,0.7921569,0.79607844,light
34,97,217,217,219,0.8509804,0.8509804,0.85882354,light
34,98,249,249,249,0.9764706,0.9764706,0.9764706,light
34,99,255,255,255,1.0,1.0,1.0,light
34,100,255,255,255,1.0,1.0,1.0,light
34,101,255,255,255,1.0,1.0,1.0,light
34,102,255,255,255,1.0,1.0,1.0,light
34,103,255,255,255,1.0,1.0,1.0,light
34,104,255,255,255,1.0,1.0,1.0,light
34,105,255,255,255,1.0,1.0,1.0,light
34,106,255,255,255,1.0,1.0,1.0,light
34,107,255,255,255,1.0,1.0,1.0,light
34,108,255,255,255,1.0,1.0,1.0,light
34,109,255,255,255,1.0,1.0,1.0,light
34,110,255,255,255,1.0,1.0,1.0,light
34,111,255,255,255,1.0,1.0,1.0,light
34,112,255,255,255,1.0,1.0,1.0,light
34,113,255,255,255,1.0,1.0,1.0,light
34,114,255,255,255,1.0,1.0,1.0,light
34,115,255,255,255,1.0,1.0,1.0,light
34,116,255,255,255,1.0,1.0,1.0,light
34,117,255,255,255,1.0,1.0,1.0,light
34,118,255,255,255,1.0,1.0,1.0,light
34,119,255,255,255,1.0,1.0,1.0,light
34,120,255,255,255,1.0,1.0,1.0,light
34,121,255,255,255,1.0,1.0,1.0,light
34,122,255,255,255,1.0,1.0,1.0,light
34,123,255,255,255,1.0,1.0,1.0,light
34,124,255,255,255,1.0,1.0,1.0,light
34,125,255,255,255,1.0,1.0,1.0,light
34,126,255,255,255,1.0,1.0,1.0,light
34,127,255,255,255,1.0,1.0,1.0,light
35,0,255,255,255,1.0,1.0,1.0,light
35,1,255,255,255,1.0,1.0,1.0,light
35,2,255,255,255,1.0,1.0,1.0,light
35,3,255,255,255,1.0,1.0,1.0,light
35,4,255,255,255,1.0,1.0,1.0,light
35,5,255,255,255,1.0,1.0,1.0,light
35,6,255,255,255,1.0,1.0,1.0,light
35,7,255,255,255,1.0,1.0,1.0,light
35,8,255,255,255,1.0,1.0,1.0,light
35,9,255,255,255,1.0,1.0,1.0,light
35,10,255,255,255,1.0,1.0,1.0,light
35,11,255,255,255,1.0,1.0,1.0,light
35,12,255,255,255,1.0,1.0,1.0,light
35,13,255,255,255,1.0,1.0,1.0,light
35,14,255,255,255,1.0,1.0,1.0,light
35,15,255,255,255,1.0,1.0,1.0,light
35,16,255,255,255,1.0,1.0,1.0,light
35,17,255,255,255,1.0,1.0,1.0,light
35,18,255,255,255,1.0,1.0,1.0,light
35,19,255,255,255,1.0,1.0,1.0,light
35,20,255,255,255,1.0,1.0,1.0,light
35,21,255,255,255,1.0,1.0,1.0,light
35,22,255,255,255,1.0,1.0,1.0,light
35,23,255,255,255,1.0,1.0,1.0,light
35,24,255,255,255,1.0,1.0,1.0,light
35,25,255,255,255,1.0,1.0,1.0,light
35,26,255,255,255,1.0,1.0,1.0,light
35,27,255,255,255,1.0,1.0,1.0,light
35,28,255,255,255,1.0,1.0,1.0,light
35,29,255,255,255,1.0,1.0,1.0,light
35,30,255,255,255,1.0,1.0,1.0,light
35,31,255,255,255,1.0,1.0,1.0,light
35,32,255,255,255,1.0,1.0,1.0,light
35,33,255,255,255,1.0,1.0,1.0,light
35,34,255,255,255,1.0,1.0,1.0,light
35,35,255,255,255,1.0,1.0,1.0,light
35,36,255,255,254,1.0,1.0,0.99607843,light
35,37,255,255,255,1.0,1.0,1.0,light
35,38,114,114,118,0.44705883,0.44705883,0.4627451,mid
35,39,11,11,21,0.043137256,0.043137256,0.08235294,dark
35,40,22,22,33,0.08627451,0.08627451,0.12941177,dark
35,41,25,24,36,0.09803922,0.09411765,0.14117648,dark
35,42,24,24,34,0.09411765,0.09411765,0.13333334,dark
35,43,24,24,36,0.09411765,0.09411765,0.14117648,dark
35,44,25,25,37,0.09803922,0.09803922,0.14509805,dark
35,45,21,21,33,0.08235294,0.08235294,0.12941177,dark
35,46,54,50,59,0.21176471,0.19607843,0.23137255,dark
35,47,244,237,221,0.95686275,0.92941177,0.8666667,light
35,48,255,248,231,1.0,0.972549,0.90588236,light
35,49,255,246,229,1.0,0.9647059,0.8980392,light
35,50,255,246,229,1.0,0.9647059,0.8980392,light
35,51,255,246,229,1.0,0.9647059,0.8980392,light
35,52,255,246,229,1.0,0.9647059,0.8980392,light
35,53,255,246,229,1.0,0.9647059,0.8980392,light
35,54,255,246,229,1.0,0.9647059,0.8980392,light
35,55,255,246,229,1.0,0.9647059,0.8980392,light
35,56,255,246,229,1.0,0.9647059,0.8980392,light
35,57,255,246,229,1.0,0.9647059,0.8980392,light
35,58,255,246,229,1.0,0.9647059,0.8980392,light
35,59,255,246,229,1.0,0.9647059,0.8980392,light
35,60,255,246,229,1.0,0.9647059,0.8980392,light
35,61,255,246,229,1.0,0.9647059,0.8980392,light
35,62,255,246,229,1.0,0.9647059,0.8980392,light
35,63,255,246,229,1.0,0.9647059,0.8980392,light
35,64,255,246,229,1.0,0.9647059,0.8980392,light
35,65,255,246,229,1.0,0.9647059,0.8980392,light
35,66,255,246,229,1.0,0.9647059,0.8980392,light
35,67,255,246,229,1.0,0.9647059,0.8980392,light
35,68,255,246,229,1.0,0.9647059,0.8980392,light
35,69,255,246,229,1.0,0.9647059,0.8980392,light
35,70,255,246,229,1.0,0.9647059,0.8980392,light
35,71,255,246,229,1.0,0.9647059,0.8980392,light
35,72,255,246,229,1.0,0.9647059,0.8980392,light
35,73,255,246,229,1.0,0.9647059,0.8980392,light
35,74,255,246,229,1.0,0.9647059,0.8980392,light
35,75,255,246,229,1.0,0.9647059,0.8980392,light
35,76,255,246,229,1.0,0.9647059,0.8980392,light
35,77,255,246,229,1.0,0.9647059,0.8980392,light
35,78,255,246,229,1.0,0.9647059,0.8980392,light
35,79,255,246,229,1.0,0.9647059,0.8980392,light
35,80,255,246,229,1.0,0.9647059,0.8980392,light
35,81,255,246,229,1.0,0.9647059,0.8980392,light
35,82,255,246,229,1.0,0.9647059,0.8980392,light
35,83,255,246,229,1.0,0.9647059,0.8980392,light
35,84,255,246,229,1.0,0.9647059,0.8980392,light
35,85,255,246,229,1.0,0.9647059,0.8980392,light
35,86,255,246,229,1.0,0.9647059,0.8980392,light
35,87,255,249,231,1.0,0.9764706,0.90588236,light
35,88,255,255,242,1.0,1.0,0.9490196,light
35,89,166,161,154,0.6509804,0.6313726,0.6039216,mid
35,90,17,15,29,0.06666667,0.05882353,0.11372549,dark
35,91,25,25,37,0.09803922,0.09803922,0.14509805,dark
35,92,25,25,37,0.09803922,0.09803922,0.14509805,dark
35,93,24,24,37,0.09411765,0.09411765,0.14509805,dark
35,94,17,16,32,0.06666667,0.0627451,0.1254902,dark
35,95,39,38,49,0.15294118,0.14901961,0.19215687,dark
35,96,240,241,240,0.9411765,0.94509804,0.9411765,light
35,97,255,255,255,1.0,1.0,1.0,light
35,98,255,255,255,1.0,1.0,1.0,light
35,99,255,255,255,1.0,1.0,1.0,light
35,100,255,255,255,1.0,1.0,1.0,light
35,101,255,255,255,1.0,1.0,1.0,light
35,102,255,255,255,1.0,1.0,1.0,light
35,103,255,255,255,1.0,1.0,1.0,light
35,104,255,255,255,1.0,1.0,1.0,light
35,105,255,255,255,1.0,1.0,1.0,light
35,106,255,255,255,1.0,1.0,1.0,light
35,107,255,255,255,1.0,1.0,1.0,light
35,108,255,255,255,1.0,1.0,1.0,light
35,109,255,255,255,1.0,1.0,1.0,light
35,110,255,255,255,1.0,1.0,1.0,light
35,111,255,255,255,1.0,1.0,1.0,light
35,112,255,255,255,1.0,1.0,1.0,light
35,113,255,255,255,1.0,1.0,1.0,light
35,114,255,255,255,1.0,1.0,1.0,light
35,115,255,255,255,1.0,1.0,1.0,light
35,116,255,255,255,1.0,1.0,1.0,light
35,117,255,255,255,1.0,1.0,1.0,light
35,118,255,255,255,1.0,1.0,1.0,light
35,119,255,255,255,1.0,1.0,1.0,light
35,120,255,255,255,1.0,1.0,1.0,light
35,121,255,255,255,1.0,1.0,1.0,light
35,122,255,255,255,1.0,1.0,1.0,light
35,123,255,255,255,1.0,1.0,1.0,light
35,124,255,255,255,1.0,1.0,1.0,light
35,125,255,255,255,1.0,1.0,1.0,light
35,126,255,255,255,1.0,1.0,1.0,light
35,127,255,255,255,1.0,1.0,1.0,light
36,0,255,255,255,1.0,1.0,1.0,light
36,1,255,255,255,1.0,1.0,1.0,light
36,2,255,255,255,1.0,1.0,1.0,light
36,3,255,255,255,1.0,1.0,1.0,light
36,4,255,255,255,1.0,1.0,1.0,light
36,5,255,255,255,1.0,1.0,1.0,light
36,6,255,255,255,1.0,1.0,1.0,light
36,7,255,255,255,1.0,1.0,1.0,light
36,8,255,255,255,1.0,1.0,1.0,light
36,9,255,255,255,1.0,1.0,1.0,light
36,10,255,255,255,1.0,1.0,1.0,light
36,11,255,255,255,1.0,1.0,1.0,light
36,12,255,255,255,1.0,1.0,1.0,light
36,13,255,255,255,1.0,1.0,1.0,light
36,14,255,255,255,1.0,1.0,1.0,light
36,15,255,255,255,1.0,1.0,1.0,light
36,16,255,255,255,1.0,1.0,1.0,light
36,17,255,255,255,1.0,1.0,1.0,light
36,18,255,255,255,1.0,1.0,1.0,light
36,19,255,255,255,1.0,1.0,1.0,light
36,20,255,255,255,1.0,1.0,1.0,light
36,21,255,255,255,1.0,1.0,1.0,light
36,22,255,255,255,1.0,1.0,1.0,light
36,23,255,255,255,1.0,1.0,1.0,light
36,24,255,255,255,1.0,1.0,1.0,light
36,25,255,255,255,1.0,1.0,1.0,light
36,26,255,255,255,1.0,1.0,1.0,light
36,27,255,255,255,1.0,1.0,1.0,light
36,28,255,255,255,1.0,1.0,1.0,light
36,29,255,255,255,1.0,1.0,1.0,light
36,30,255,255,255,1.0,1.0,1.0,light
36,31,255,255,255,1.0,1.0,1.0,light
36,32,255,255,255,1.0,1.0,1.0,light
36,33,255,255,255,1.0,1.0,1.0,light
36,34,255,255,255,1.0,1.0,1.0,light
36,35,255,255,255,1.0,1.0,1.0,light
36,36,255,255,255,1.0,1.0,1.0,light
36,37,254,255,255,0.99607843,1.0,1.0,light
36,38,216,217,217,0.84705883,0.8509804,0.8509804,light
36,39,189,189,190,0.7411765,0.7411765,0.74509805,light
36,40,113,113,117,0.44313726,0.44313726,0.45882353,mid
36,41,18,17,33,0.07058824,0.06666667,0.12941177,dark
36,42,25,25,36,0.09803922,0.09803922,0.14117648,dark
36,43,25,25,37,0.09803922,0.09803922,0.14509805,dark
36,44,25,25,37,0.09803922,0.09803922,0.14509805,dark
36,45,21,21,34,0.08235294,0.08235294,0.13333334,dark
36,46,54,50,59,0.21176471,0.19607843,0.23137255,dark
36,47,244,237,221,0.95686275,0.92941177,0.8666667,light
36,48,255,248,231,1.0,0.972549,0.90588236,light
36,49,255,246,229,1.0,0.9647059,0.8980392,light
36,50,255,246,229,1.0,0.9647059,0.8980392,light
36,51,255,246,229,1.0,0.9647059,0.8980392,light
36,52,255,246,229,1.0,0.9647059,0.8980392,light
36,53,255,246,229,1.0,0.9647059,0.8980392,light
36,54,255,246,229,1.0,0.9647059,0.8980392,light
36,55,255,246,229,1.0,0.9647059,0.8980392,light
36,56,254,246,229,0.99607843,0.9647059,0.8980392,light
36,57,255,246,229,1.0,0.9647059,0.8980392,light
36,58,255,246,229,1.0,0.9647059,0.8980392,light
36,59,255,246,229,1.0,0.9647059,0.8980392,light
36,60,255,246,229,1.0,0.9647059,0.8980392,light
36,61,255,246,229,1.0,0.9647059,0.8980392,light
36,62,255,246,229,1.0,0.9647059,0.8980392,light
36,63,255,246,229,1.0,0.9647059,0.8980392,light
36,64,255,246,229,1.0,0.9647059,0.8980392,light
36,65,255,246,229,1.0,0.9647059,0.8980392,light
36,66,255,246,229,1.0,0.9647059,0.8980392,light
36,67,255,246,229,1.0,0.9647059,0.8980392,light
36,68,255,246,229,1.0,0.9647059,0.8980392,light
36,69,255,246,229,1.0,0.9647059,0.8980392,light
36,70,255,246,229,1.0,0.9647059,0.8980392,light
36,71,255,246,229,1.0,0.9647059,0.8980392,light
36,72,255,246,229,1.0,0.9647059,0.8980392,light
36,73,254,246,229,0.99607843,0.9647059,0.8980392,light
36,74,255,246,229,1.0,0.9647059,0.8980392,light
36,75,255,246,229,1.0,0.9647059,0.8980392,light
36,76,255,246,229,1.0,0.9647059,0.8980392,light
36,77,255,246,229,1.0,0.9647059,0.8980392,light
36,78,255,246,229,1.0,0.9647059,0.8980392,light
36,79,255,246,229,1.0,0.9647059,0.8980392,light
36,80,255,246,229,1.0,0.9647059,0.8980392,light
36,81,255,246,229,1.0,0.9647059,0.8980392,light
36,82,255,246,229,1.0,0.9647059,0.8980392,light
36,83,255,246,229,1.0,0.9647059,0.8980392,light
36,84,255,246,229,1.0,0.9647059,0.8980392,light
36,85,255,246,229,1.0,0.9647059,0.8980392,light
36,86,255,246,229,1.0,0.9647059,0.8980392,light
36,87,255,246,229,1.0,0.9647059,0.8980392,light
36,88,255,255,237,1.0,1.0,0.92941177,light
36,89,163,158,152,0.6392157,0.61960787,0.59607846,mid
36,90,16,15,29,0.0627451,0.05882353,0.11372549,dark
36,91,25,25,37,0.09803922,0.09803922,0.14509805,dark
36,92,21,21,33,0.08235294,0.08235294,0.12941177,dark
36,93,53,52,63,0.20784314,0.20392157,0.24705882,dark
36,94,186,188,189,0.7294118,0.7372549,0.7411765,light
36,95,195,196,197,0.7647059,0.76862746,0.77254903,light
36,96,247,248,248,0.96862745,0.972549,0.972549,light
36,97,255,255,255,1.0,1.0,1.0,light
36,98,255,255,255,1.0,1.0,1.0,light
36,99,255,255,255,1.0,1.0,1.0,light
36,100,255,255,255,1.0,1.0,1.0,light
36,101,255,255,255,1.0,1.0,1.0,light
36,102,255,255,255,1.0,1.0,1.0,light
36,103,255,255,255,1.0,1.0,1.0,light
36,104,255,255,255,1.0,1.0,1.0,light
36,105,255,255,255,1.0,1.0,1.0,light
36,106,255,255,255,1.0,1.0,1.0,light
36,107,255,255,255,1.0,1.0,1.0,light
36,108,255,255,255,1.0,1.0,1.0,light
36,109,255,255,255,1.0,1.0,1.0,light
36,110,255,255,255,1.0,1.0,1.0,light
36,111,255,255,255,1.0,1.0,1.0,light
36,112,255,255,255,1.0,1.0,1.0,light
36,113,255,255,255,1.0,1.0,1.0,light
36,114,255,255,255,1.0,1.0,1.0,light
36,115,255,255,255,1.0,1.0,1.0,light
36,116,255,255,255,1.0,1.0,1.0,light
36,117,255,255,255,1.0,1.0,1.0,light
36,118,255,255,255,1.0,1.0,1.0,light
36,119,255,255,255,1.0,1.0,1.0,light
36,120,255,255,255,1.0,1.0,1.0,light
36,121,255,255,255,1.0,1.0,1.0,light
36,122,255,255,255,1.0,1.0,1.0,light
36,123,255,255,255,1.0,1.0,1.0,light
36,124,255,255,255,1.0,1.0,1.0,light
36,125,255,255,255,1.0,1.0,1.0,light
36,126,255,255,255,1.0,1.0,1.0,light
36,127,255,255,255,1.0,1.0,1.0,light
37,0,255,255,255,1.0,1.0,1.0,light
37,1,255,255,255,1.0,1.0,1.0,light
37,2,255,255,255,1.0,1.0,1.0,light
37,3,255,255,255,1.0,1.0,1.0,light
37,4,255,255,255,1.0,1.0,1.0,light
37,5,255,255,255,1.0,1.0,1.0,light
37,6,255,255,255,1.0,1.0,1.0,light
37,7,255,255,255,1.0,1.0,1.0,light
37,8,255,255,255,1.0,1.0,1.0,light
37,9,255,255,255,1.0,1.0,1.0,light
37,10,255,255,255,1.0,1.0,1.0,light
37,11,255,255,255,1.0,1.0,1.0,light
37,12,255,255,255,1.0,1.0,1.0,light
37,13,255,255,255,1.0,1.0,1.0,light
37,14,255,255,255,1.0,1.0,1.0,light
37,15,255,255,255,1.0,1.0,1.0,light
37,16,255,255,255,1.0,1.0,1.0,light
37,17,255,255,255,1.0,1.0,1.0,light
37,18,255,255,255,1.0,1.0,1.0,light
37,19,255,255,255,1.0,1.0,1.0,light
37,20,255,255,255,1.0,1.0,1.0,light
37,21,255,255,255,1.0,1.0,1.0,light
37,22,255,255,255,1.0,1.0,1.0,light
37,23,255,255,255,1.0,1.0,1.0,light
37,24,255,255,255,1.0,1.0,1.0,light
37,25,255,255,255,1.0,1.0,1.0,light
37,26,255,255,255,1.0,1.0,1.0,light
37,27,255,255,255,1.0,1.0,1.0,light
37,28,255,255,255,1.0,1.0,1.0,light
37,29,255,255,255,1.0,1.0,1.0,light
37,30,255,255,255,1.0,1.0,1.0,light
37,31,255,255,255,1.0,1.0,1.0,light
37,32,255,255,255,1.0,1.0,1.0,light
37,33,255,255,255,1.0,1.0,1.0,light
37,34,255,255,255,1.0,1.0,1.0,light
37,35,255,255,255,1.0,1.0,1.0,light
37,36,255,255,255,1.0,1.0,1.0,light
37,37,255,255,255,1.0,1.0,1.0,light
37,38,255,255,255,1.0,1.0,1.0,light
37,39,255,255,255,1.0,1.0,1.0,light
37,40,147,147,150,0.5764706,0.5764706,0.5882353,mid
37,41,5,5,17,0.019607844,0.019607844,0.06666667,dark
37,42,18,18,28,0.07058824,0.07058824,0.10980392,dark
37,43,21,21,33,0.08235294,0.08235294,0.12941177,dark
37,44,20,19,34,0.078431375,0.07450981,0.13333334,dark
37,45,11,12,25,0.043137256,0.047058824,0.09803922,dark
37,46,45,44,49,0.1764706,0.17254902,0.19215687,dark
37,47,243,237,223,0.9529412,0.92941177,0.8745098,light
37,48,255,248,230,1.0,0.972549,0.9019608,light
37,49,255,246,229,1.0,0.9647059,0.8980392,light
37,50,255,246,229,1.0,0.9647059,0.8980392,light
37,51,255,246,229,1.0,0.9647059,0.8980392,light
37,52,255,246,229,1.0,0.9647059,0.8980392,light
37,53,255,246,229,1.0,0.9647059,0.8980392,light
37,54,255,245,230,1.0,0.9607843,0.9019608,light
37,55,255,247,231,1.0,0.96862745,0.90588236,light
37,56,255,250,232,1.0,0.98039216,0.9098039,light
37,57,255,250,230,1.0,0.98039216,0.9019608,light
37,58,255,250,230,1.0,0.98039216,0.9019608,light
37,59,255,249,230,1.0,0.9764706,0.9019608,light
37,60,255,246,229,1.0,0.9647059,0.8980392,light
37,61,255,246,229,1.0,0.9647059,0.8980392,light
37,62,255,246,229,1.0,0.9647059,0.8980392,light
37,63,255,246,229,1.0,0.9647059,0.8980392,light
37,64,255,246,229,1.0,0.9647059,0.8980392,light
37,65,255,246,229,1.0,0.9647059,0.8980392,light
37,66,255,246,229,1.0,0.9647059,0.8980392,light
37,67,255,246,229,1.0,0.9647059,0.8980392,light
37,68,255,246,229,1.0,0.9647059,0.8980392,light
37,69,255,246,229,1.0,0.9647059,0.8980392,light
37,70,255,246,229,1.0,0.9647059,0.8980392,light
37,71,255,245,229,1.0,0.9607843,0.8980392,light
37,72,255,247,231,1.0,0.96862745,0.90588236,light
37,73,255,250,232,1.0,0.98039216,0.9098039,light
37,74,255,250,230,1.0,0.98039216,0.9019608,light
37,75,255,250,230,1.0,0.98039216,0.9019608,light
37,76,255,249,230,1.0,0.9764706,0.9019608,light
37,77,255,246,229,1.0,0.9647059,0.8980392,light
37,78,255,246,229,1.0,0.9647059,0.8980392,light
37,79,255,246,229,1.0,0.9647059,0.8980392,light
37,80,255,246,229,1.0,0.9647059,0.8980392,light
37,81,255,246,229,1.0,0.9647059,0.8980392,light
37,82,255,246,229,1.0,0.9647059,0.8980392,light
37,83,255,246,229,1.0,0.9647059,0.8980392,light
37,84,255,246,229,1.0,0.9647059,0.8980392,light
37,85,255,246,229,1.0,0.9647059,0.8980392,light
37,86,255,246,229,1.0,0.9647059,0.8980392,light
37,87,255,246,229,1.0,0.9647059,0.8980392,light
37,88,255,255,237,1.0,1.0,0.92941177,light
37,89,160,155,152,0.627451,0.60784316,0.59607846,mid
37,90,9,10,23,0.03529412,0.039215688,0.09019608,dark
37,91,18,20,32,0.07058824,0.078431375,0.1254902,dark
37,92,17,17,29,0.06666667,0.06666667,0.11372549,dark
37,93,63,63,72,0.24705882,0.24705882,0.28235295,dark
37,94,255,255,255,1.0,1.0,1.0,light
37,95,255,255,255,1.0,1.0,1.0,light
37,96,255,255,255,1.0,1.0,1.0,light
37,97,255,255,255,1.0,1.0,1.0,light
37,98,255,255,255,1.0,1.0,1.0,light
37,99,255,255,255,1.0,1.0,1.0,light
37,100,255,255,255,1.0,1.0,1.0,light
37,101,255,255,255,1.0,1.0,1.0,light
37,102,255,255,255,1.0,1.0,1.0,light
37,103,255,255,255,1.0,1.0,1.0,light
37,104,255,255,255,1.0,1.0,1.0,light
37,105,255,255,255,1.0,1.0,1.0,light
37,106,255,255,255,1.0,1.0,1.0,light
37,107,255,255,255,1.0,1.0,1.0,light
37,108,255,255,255,1.0,1.0,1.0,light
37,109,255,255,255,1.0,1.0,1.0,light
37,110,255,255,255,1.0,1.0,1.0,light
37,111,255,255,255,1.0,1.0,1.0,light
37,112,255,255,255,1.0,1.0,1.0,light
37,113,255,255,255,1.0,1.0,1.0,light
37,114,255,255,255,1.0,1.0,1.0,light
37,115,255,255,255,1.0,1.0,1.0,light
37,116,255,255,255,1.0,1.0,1.0,light
37,117,255,255,255,1.0,1.0,1.0,light
37,118,255,255,255,1.0,1.0,1.0,light
37,119,255,255,255,1.0,1.0,1.0,light
37,120,255,255,255,1.0,1.0,1.0,light
37,121,255,255,255,1.0,1.0,1.0,light
37,122,255,255,255,1.0,1.0,1.0,light
37,123,255,255,255,1.0,1.0,1.0,light
37,124,255,255,255,1.0,1.0,1.0,light
37,125,255,255,255,1.0,1.0,1.0,light
37,126,255,255,255,1.0,1.0,1.0,light
37,127,255,255,255,1.0,1.0,1.0,light
38,0,255,255,255,1.0,1.0,1.0,light
38,1,255,255,255,1.0,1.0,1.0,light
38,2,255,255,255,1.0,1.0,1.0,light
38,3,255,255,255,1.0,1.0,1.0,light
38,4,255,255,255,1.0,1.0,1.0,light
38,5,255,255,255,1.0,1.0,1.0,light
38,6,255,255,255,1.0,1.0,1.0,light
38,7,255,255,255,1.0,1.0,1.0,light
38,8,255,255,255,1.0,1.0,1.0,light
38,9,255,255,255,1.0,1.0,1.0,light
38,10,255,255,255,1.0,1.0,1.0,light
38,11,255,255,255,1.0,1.0,1.0,light
38,12,255,255,255,1.0,1.0,1.0,light
38,13,255,255,255,1.0,1.0,1.0,light
38,14,255,255,255,1.0,1.0,1.0,light
38,15,255,255,255,1.0,1.0,1.0,light
38,16,255,255,255,1.0,1.0,1.0,light
38,17,255,255,255,1.0,1.0,1.0,light
38,18,255,255,255,1.0,1.0,1.0,light
38,19,255,255,255,1.0,1.0,1.0,light
38,20,255,255,255,1.0,1.0,1.0,light
38,21,255,255,255,1.0,1.0,1.0,light
38,22,255,255,255,1.0,1.0,1.0,light
38,23,255,255,255,1.0,1.0,1.0,light
38,24,255,255,255,1.0,1.0,1.0,light
38,25,255,255,255,1.0,1.0,1.0,light
38,26,255,255,255,1.0,1.0,1.0,light
38,27,255,255,255,1.0,1.0,1.0,light
38,28,255,255,255,1.0,1.0,1.0,light
38,29,255,255,255,1.0,1.0,1.0,light
38,30,255,255,255,1.0,1.0,1.0,light
38,31,255,255,255,1.0,1.0,1.0,light
38,32,255,255,255,1.0,1.0,1.0,light
38,33,255,255,255,1.0,1.0,1.0,light
38,34,255,255,255,1.0,1.0,1.0,light
38,35,255,255,255,1.0,1.0,1.0,light
38,36,255,255,255,1.0,1.0,1.0,light
38,37,255,255,255,1.0,1.0,1.0,light
38,38,255,255,255,1.0,1.0,1.0,light
38,39,255,255,255,1.0,1.0,1.0,light
38,40,212,212,213,0.83137256,0.83137256,0.8352941,light
38,41,159,159,162,0.62352943,0.62352943,0.63529414,mid
38,42,137,134,141,0.5372549,0.5254902,0.5529412,mid
38,43,83,72,93,0.3254902,0.28235295,0.3647059,dark
38,44,104,94,108,0.40784314,0.36862746,0.42352942,mid
38,45,161,157,154,0.6313726,0.6156863,0.6039216,mid
38,46,173,169,161,0.6784314,0.6627451,0.6313726,mid
38,47,250,243,227,0.98039216,0.9529412,0.8901961,light
38,48,255,247,229,1.0,0.96862745,0.8980392,light
38,49,255,246,229,1.0,0.9647059,0.8980392,light
38,50,255,246,229,1.0,0.9647059,0.8980392,light
38,51,255,246,229,1.0,0.9647059,0.8980392,light
38,52,255,246,229,1.0,0.9647059,0.8980392,light
38,53,255,246,229,1.0,0.9647059,0.8980392,light
38,54,255,248,231,1.0,0.972549,0.90588236,light
38,55,235,220,209,0.92156863,0.8627451,0.81960785,light
38,56,219,196,189,0.85882354,0.76862746,0.7411765,light
38,57,221,197,190,0.8666667,0.77254903,0.74509805,light
38,58,220,196,189,0.8627451,0.76862746,0.7411765,light
38,59,230,211,201,0.9019608,0.827451,0.7882353,light
38,60,255,247,230,1.0,0.96862745,0.9019608,light
38,61,255,246,229,1.0,0.9647059,0.8980392,light
38,62,255,246,229,1.0,0.9647059,0.8980392,light
38,63,255,246,229,1.0,0.9647059,0.8980392,light
38,64,255,246,229,1.0,0.9647059,0.8980392,light
38,65,255,246,229,1.0,0.9647059,0.8980392,light
38,66,255,246,229,1.0,0.9647059,0.8980392,light
38,67,255,246,229,1.0,0.9647059,0.8980392,light
38,68,255,246,229,1.0,0.9647059,0.8980392,light
38,69,255,246,229,1.0,0.9647059,0.8980392,light
38,70,255,246,229,1.0,0.9647059,0.8980392,light
38,71,255,248,231,1.0,0.972549,0.90588236,light
38,72,237,223,211,0.92941177,0.8745098,0.827451,light
38,73,219,195,189,0.85882354,0.7647059,0.7411765,light
38,74,221,197,190,0.8666667,0.77254903,0.74509805,light
38,75,220,196,189,0.8627451,0.76862746,0.7411765,light
38,76,228,208,199,0.89411765,0.8156863,0.78039217,light
38,77,255,246,229,1.0,0.9647059,0.8980392,light
38,78,255,246,229,1.0,0.9647059,0.8980392,light
38,79,255,246,229,1.0,0.9647059,0.8980392,light
38,80,255,246,229,1.0,0.9647059,0.8980392,light
38,81,255,246,229,1.0,0.9647059,0.8980392,light
38,82,255,246,229,1.0,0.9647059,0.8980392,light
38,83,255,246,229,1.0,0.9647059,0.8980392,light
38,84,255,246,229,1.0,0.9647059,0.8980392,light
38,85,255,246,229,1.0,0.9647059,0.8980392,light
38,86,255,246,229,1.0,0.9647059,0.8980392,light
38,87,255,246,229,1.0,0.9647059,0.8980392,light
38,88,255,252,233,1.0,0.9882353,0.9137255,light
38,89,204,191,185,0.8,0.7490196,0.7254902,light
38,90,126,106,114,0.49411765,0.41568628,0.44705883,mid
38,91,113,94,104,0.44313726,0.36862746,0.40784314,mid
38,92,70,53,64,0.27450982,0.20784314,0.2509804,dark
38,93,86,72,83,0.3372549,0.28235295,0.3254902,dark
38,94,158,146,153,0.61960787,0.57254905,0.6,mid
38,95,167,159,164,0.654902,0.62352943,0.6431373,mid
38,96,247,246,247,0.96862745,0.9647059,0.96862745,light
38,97,255,255,255,1.0,1.0,1.0,light
38,98,255,255,255,1.0,1.0,1.0,light
38,99,255,255,255,1.0,1.0,1.0,light
38,100,255,255,255,1.0,1.0,1.0,light
38,101,255,255,255,1.0,1.0,1.0,light
38,102,255,255,255,1.0,1.0,1.0,light
38,103,255,255,255,1.0,1.0,1.0,light
38,104,255,255,255,1.0,1.0,1.0,light
38,105,255,255,255,1.0,1.0,1.0,light
38,106,255,255,255,1.0,1.0,1.0,light
38,107,255,255,255,1.0,1.0,1.0,light
38,108,255,255,255,1.0,1.0,1.0,light
38,109,255,255,255,1.0,1.0,1.0,light
38,110,255,255,255,1.0,1.0,1.0,light
38,111,255,255,255,1.0,1.0,1.0,light
38,112,255,255,255,1.0,1.0,1.0,light
38,113,255,255,255,1.0,1.0,1.0,light
38,114,255,255,255,1.0,1.0,1.0,light
38,115,255,255,255,1.0,1.0,1.0,light
38,116,255,255,255,1.0,1.0,1.0,light
38,117,255,255,255,1.0,1.0,1.0,light
38,118,255,255,255,1.0,1.0,1.0,light
38,119,255,255,255,1.0,1.0,1.0,light
38,120,255,255,255,1.0,1.0,1.0,light
38,121,255,255,255,1.0,1.0,1.0,light
38,122,255,255,255,1.0,1.0,1.0,light
38,123,255,255,255,1.0,1.0,1.0,light
38,124,255,255,255,1.0,1.0,1.0,light
38,125,255,255,255,1.0,1.0,1.0,light
38,126,255,255,255,1.0,1.0,1.0,light
38,127,255,255,255,1.0,1.0,1.0,light
39,0,255,255,255,1.0,1.0,1.0,light
39,1,255,255,255,1.0,1.0,1.0,light
39,2,255,255,255,1.0,1.0,1.0,light
39,3,255,255,255,1.0,1.0,1.0,light
39,4,255,255,255,1.0,1.0,1.0,light
39,5,255,255,255,1.0,1.0,1.0,light
39,6,255,255,255,1.0,1.0,1.0,light
39,7,255,255,255,1.0,1.0,1.0,light
39,8,255,255,255,1.0,1.0,1.0,light
39,9,255,255,255,1.0,1.0,1.0,light
39,10,255,255,255,1.0,1.0,1.0,light
39,11,255,255,255,1.0,1.0,1.0,light
39,12,255,255,255,1.0,1.0,1.0,light
39,13,255,255,255,1.0,1.0,1.0,light
39,14,255,255,255,1.0,1.0,1.0,light
39,15,255,255,255,1.0,1.0,1.0,light
39,16,255,255,255,1.0,1.0,1.0,light
39,17,255,255,255,1.0,1.0,1.0,light
39,18,255,255,255,1.0,1.0,1.0,light
39,19,255,255,255,1.0,1.0,1.0,light
39,20,255,255,255,1.0,1.0,1.0,light
39,21,255,255,255,1.0,1.0,1.0,light
39,22,255,255,255,1.0,1.0,1.0,light
39,23,255,255,255,1.0,1.0,1.0,light
39,24,255,255,255,1.0,1.0,1.0,light
39,25,255,255,255,1.0,1.0,1.0,light
39,26,255,255,255,1.0,1.0,1.0,light
39,27,255,255,255,1.0,1.0,1.0,light
39,28,255,255,255,1.0,1.0,1.0,light
39,29,255,255,255,1.0,1.0,1.0,light
39,30,255,255,255,1.0,1.0,1.0,light
39,31,255,255,255,1.0,1.0,1.0,light
39,32,255,255,255,1.0,1.0,1.0,light
39,33,255,255,255,1.0,1.0,1.0,light
39,34,255,255,255,1.0,1.0,1.0,light
39,35,255,255,255,1.0,1.0,1.0,light
39,36,255,255,255,1.0,1.0,1.0,light
39,37,255,255,255,1.0,1.0,1.0,light
39,38,255,255,255,1.0,1.0,1.0,light
39,39,255,255,255,1.0,1.0,1.0,light
39,40,255,255,255,1.0,1.0,1.0,light
39,41,255,255,255,1.0,1.0,1.0,light
39,42,220,214,221,0.8627451,0.8392157,0.8666667,light
39,43,125,107,134,0.49019608,0.41960785,0.5254902,mid
39,44,161,146,159,0.6313726,0.57254905,0.62352943,mid
39,45,255,255,240,1.0,1.0,0.9411765,light
39,46,255,255,237,1.0,1.0,0.92941177,light
39,47,255,246,229,1.0,0.9647059,0.8980392,light
39,48,255,246,229,1.0,0.9647059,0.8980392,light
39,49,255,246,229,1.0,0.9647059,0.8980392,light
39,50,255,246,229,1.0,0.9647059,0.8980392,light
39,51,255,246,229,1.0,0.9647059,0.8980392,light
39,52,255,246,229,1.0,0.9647059,0.8980392,light
39,53,255,246,229,1.0,0.9647059,0.8980392,light
39,54,255,250,231,1.0,0.98039216,0.90588236,light
39,55,226,204,197,0.8862745,0.8,0.77254903,light
39,56,204,165,168,0.8,0.64705884,0.65882355,light
39,57,205,168,171,0.8039216,0.65882355,0.67058825,light
39,58,203,166,169,0.79607844,0.6509804,0.6627451,light
39,59,219,191,188,0.85882354,0.7490196,0.7372549,light
39,60,255,251,234,1.0,0.9843137,0.91764706,light
39,61,255,249,232,1.0,0.9764706,0.9098039,light
39,62,255,246,229,1.0,0.9647059,0.8980392,light
39,63,255,246,229,1.0,0.9647059,0.8980392,light
39,64,255,246,229,1.0,0.9647059,0.8980392,light
39,65,255,246,229,1.0,0.9647059,0.8980392,light
39,66,255,246,229,1.0,0.9647059,0.8980392,light
39,67,255,246,229,1.0,0.9647059,0.8980392,light
39,68,255,246,230,1.0,0.9647059,0.9019608,light
39,69,255,246,229,1.0,0.9647059,0.8980392,light
39,70,255,248,231,1.0,0.972549,0.90588236,light
39,71,255,253,235,1.0,0.99215686,0.92156863,light
39,72,230,211,203,0.9019608,0.827451,0.79607844,light
39,73,203,165,168,0.79607844,0.64705884,0.65882355,light
39,74,206,168,171,0.80784315,0.65882355,0.67058825,light
39,75,204,166,169,0.8,0.6509804,0.6627451,light
39,76,218,187,185,0.85490197,0.73333335,0.7254902,light
39,77,255,255,238,1.0,1.0,0.93333334,light
39,78,255,254,237,1.0,0.99607843,0.92941177,light
39,79,255,247,229,1.0,0.96862745,0.8980392,light
39,80,255,246,229,1.0,0.9647059,0.8980392,light
39,81,255,246,229,1.0,0.9647059,0.8980392,light
39,82,255,246,229,1.0,0.9647059,0.8980392,light
39,83,255,246,229,1.0,0.9647059,0.8980392,light
39,84,255,246,229,1.0,0.9647059,0.8980392,light
39,85,255,246,229,1.0,0.9647059,0.8980392,light
39,86,255,246,229,1.0,0.9647059,0.8980392,light
39,87,255,246,229,1.0,0.9647059,0.8980392,light
39,88,255,250,232,1.0,0.98039216,0.9098039,light
39,89,233,213,205,0.9137255,0.8352941,0.8039216,light
39,90,206,168,171,0.80784315,0.65882355,0.67058825,light
39,91,176,142,147,0.6901961,0.5568628,0.5764706,mid
39,92,103,74,84,0.40392157,0.2901961,0.32941177,dark
39,93,100,76,89,0.39215687,0.29803923,0.34901962,dark
39,94,95,69,82,0.37254903,0.27058825,0.32156864,dark
39,95,107,87,98,0.41960785,0.34117648,0.38431373,mid
39,96,241,240,241,0.94509804,0.9411765,0.94509804,light
39,97,255,255,255,1.0,1.0,1.0,light
39,98,255,255,255,1.0,1.0,1.0,light
39,99,255,255,255,1.0,1.0,1.0,light
39,100,255,255,255,1.0,1.0,1.0,light
39,101,255,255,255,1.0,1.0,1.0,light
39,102,255,255,255,1.0,1.0,1.0,light
39,103,255,255,255,1.0,1.0,1.0,light
39,104,255,255,255,1.0,1.0,1.0,light
39,105,255,255,255,1.0,1.0,1.0,light
39,106,255,255,255,1.0,1.0,1.0,light
39,107,255,255,255,1.0,1.0,1.0,light
39,108,255,255,255,1.0,1.0,1.0,light
39,109,255,255,255,1.0,1.0,1.0,light
39,110,255,255,255,1.0,1.0,1.0,light
39,111,255,255,255,1.0,1.0,1.0,light
39,112,255,255,255,1.0,1.0,1.0,light
39,113,255,255,255,1.0,1.0,1.0,light
39,114,255,255,255,1.0,1.0,1.0,light
39,115,255,255,255,1.0,1.0,1.0,light
39,116,255,255,255,1.0,1.0,1.0,light
39,117,255,255,255,1.0,1.0,1.0,light
39,118,255,255,255,1.0,1.0,1.0,light
39,119,255,255,255,1.0,1.0,1.0,light
39,120,255,255,255,1.0,1.0,1.0,light
39,121,255,255,255,1.0,1.0,1.0,light
39,122,255,255,255,1.0,1.0,1.0,light
39,123,255,255,255,1.0,1.0,1.0,light
39,124,255,255,255,1.0,1.0,1.0,light
39,125,255,255,255,1.0,1.0,1.0,light
39,126,255,255,255,1.0,1.0,1.0,light
39,127,255,255,255,1.0,1.0,1.0,light
40,0,255,255,255,1.0,1.0,1.0,light
40,1,255,255,255,1.0,1.0,1.0,light
40,2,255,255,255,1.0,1.0,1.0,light
40,3,255,255,255,1.0,1.0,1.0,light
40,4,255,255,255,1.0,1.0,1.0,light
40,5,255,255,255,1.0,1.0,1.0,light
40,6,255,255,255,1.0,1.0,1.0,light
40,7,255,255,255,1.0,1.0,1.0,light
40,8,255,255,255,1.0,1.0,1.0,light
40,9,255,255,255,1.0,1.0,1.0,light
40,10,255,255,255,1.0,1.0,1.0,light
40,11,255,255,255,1.0,1.0,1.0,light
40,12,255,255,255,1.0,1.0,1.0,light
40,13,255,255,255,1.0,1.0,1.0,light
40,14,255,255,255,1.0,1.0,1.0,light
40,15,255,255,255,1.0,1.0,1.0,light
40,16,255,255,255,1.0,1.0,1.0,light
40,17,255,255,255,1.0,1.0,1.0,light
40,18,255,255,255,1.0,1.0,1.0,light
40,19,255,255,255,1.0,1.0,1.0,light
40,20,255,255,255,1.0,1.0,1.0,light
40,21,255,255,255,1.0,1.0,1.0,light
40,22,255,255,255,1.0,1.0,1.0,light
40,23,255,255,255,1.0,1.0,1.0,light
40,24,255,255,255,1.0,1.0,1.0,light
40,25,255,255,255,1.0,1.0,1.0,light
40,26,255,255,255,1.0,1.0,1.0,light
40,27,255,255,255,1.0,1.0,1.0,light
40,28,255,255,255,1.0,1.0,1.0,light
40,29,255,255,255,1.0,1.0,1.0,light
40,30,255,255,255,1.0,1.0,1.0,light
40,31,255,255,255,1.0,1.0,1.0,light
40,32,255,255,255,1.0,1.0,1.0,light
40,33,255,255,255,1.0,1.0,1.0,light
40,34,255,255,255,1.0,1.0,1.0,light
40,35,255,255,255,1.0,1.0,1.0,light
40,36,255,255,255,1.0,1.0,1.0,light
40,37,255,255,255,1.0,1.0,1.0,light
40,38,255,255,255,1.0,1.0,1.0,light
40,39,255,255,255,1.0,1.0,1.0,light
40,40,255,255,255,1.0,1.0,1.0,light
40,41,255,255,255,1.0,1.0,1.0,light
40,42,212,207,215,0.83137256,0.8117647,0.84313726,light
40,43,120,105,128,0.47058824,0.4117647,0.5019608,mid
40,44,155,141,157,0.60784316,0.5529412,0.6156863,mid
40,45,255,247,232,1.0,0.96862745,0.9098039,light
40,46,255,246,229,1.0,0.9647059,0.8980392,light
40,47,255,246,229,1.0,0.9647059,0.8980392,light
40,48,255,246,229,1.0,0.9647059,0.8980392,light
40,49,255,246,229,1.0,0.9647059,0.8980392,light
40,50,255,246,229,1.0,0.9647059,0.8980392,light
40,51,255,246,229,1.0,0.9647059,0.8980392,light
40,52,255,246,229,1.0,0.9647059,0.8980392,light
40,53,255,246,229,1.0,0.9647059,0.8980392,light
40,54,255,252,233,1.0,0.9882353,0.9137255,light
40,55,181,168,163,0.70980394,0.65882355,0.6392157,light
40,56,113,93,102,0.44313726,0.3647059,0.4,mid
40,57,117,101,106,0.45882353,0.39607844,0.41568628,mid
40,58,113,97,103,0.44313726,0.38039216,0.40392157,mid
40,59,147,130,132,0.5764706,0.50980395,0.5176471,mid
40,60,229,210,202,0.8980392,0.8235294,0.7921569,light
40,61,230,215,205,0.9019608,0.84313726,0.8039216,light
40,62,253,245,229,0.99215686,0.9607843,0.8980392,light
40,63,255,246,229,1.0,0.9647059,0.8980392,light
40,64,255,246,229,1.0,0.9647059,0.8980392,light
40,65,255,246,229,1.0,0.9647059,0.8980392,light
40,66,255,246,229,1.0,0.9647059,0.8980392,light
40,67,255,246,229,1.0,0.9647059,0.8980392,light
40,68,254,246,231,0.99607843,0.9647059,0.90588236,light
40,69,255,247,232,1.0,0.96862745,0.9098039,light
40,70,237,223,210,0.92941177,0.8745098,0.8235294,light
40,71,230,212,202,0.9019608,0.83137256,0.7921569,light
40,72,176,157,155,0.6901961,0.6156863,0.60784316,mid
40,73,114,95,100,0.44705883,0.37254903,0.39215687,mid
40,74,118,100,106,0.4627451,0.39215687,0.41568628,mid
40,75,117,98,104,0.45882353,0.38431373,0.40784314,mid
40,76,127,112,116,0.49803922,0.4392157,0.45490196,mid
40,77,161,153,152,0.6313726,0.6,0.59607846,mid
40,78,173,166,160,0.6784314,0.6509804,0.627451,mid
40,79,249,243,226,0.9764706,0.9529412,0.8862745,light
40,80,255,247,230,1.0,0.96862745,0.9019608,light
40,81,255,246,229,1.0,0.9647059,0.8980392,light
40,82,255,246,229,1.0,0.9647059,0.8980392,light
40,83,255,246,229,1.0,0.9647059,0.8980392,light
40,84,255,246,229,1.0,0.9647059,0.8980392,light
40,85,255,246,229,1.0,0.9647059,0.8980392,light
40,86,255,246,229,1.0,0.9647059,0.8980392,light
40,87,255,246,229,1.0,0.9647059,0.8980392,light
40,88,254,248,231,0.99607843,0.972549,0.90588236,light
40,89,242,228,215,0.9490196,0.89411765,0.84313726,light
40,90,225,204,196,0.88235295,0.8,0.76862746,light
40,91,203,178,177,0.79607844,0.69803923,0.69411767,light
40,92,149,117,125,0.58431375,0.45882353,0.49019608,mid
40,93,140,113,120,0.54901963,0.44313726,0.47058824,mid
40,94,102,77,87,0.4,0.3019608,0.34117648,mid
40,95,113,94,102,0.44313726,0.36862746,0.4,mid
40,96,242,241,242,0.9490196,0.94509804,0.9490196,light
40,97,255,255,255,1.0,1.0,1.0,light
40,98,255,255,255,1.0,1.0,1.0,light
40,99,255,255,255,1.0,1.0,1.0,light
40,100,255,255,255,1.0,1.0,1.0,light
40,101,255,255,255,1.0,1.0,1.0,light
40,102,255,255,255,1.0,1.0,1.0,light
40,103,255,255,255,1.0,1.0,1.0,light
40,104,255,255,255,1.0,1.0,1.0,light
40,105,255,255,255,1.0,1.0,1.0,light
40,106,255,255,255,1.0,1.0,1.0,light
40,107,255,255,255,1.0,1.0,1.0,light
40,108,255,255,255,1.0,1.0,1.0,light
40,109,255,255,255,1.0,1.0,1.0,light
40,110,255,255,255,1.0,1.0,1.0,light
40,111,255,255,255,1.0,1.0,1.0,light
40,112,255,255,255,1.0,1.0,1.0,light
40,113,255,255,255,1.0,1.0,1.0,light
40,114,255,255,255,1.0,1.0,1.0,light
40,115,255,255,255,1.0,1.0,1.0,light
40,116,255,255,255,1.0,1.0,1.0,light
40,117,255,255,255,1.0,1.0,1.0,light
40,118,255,255,255,1.0,1.0,1.0,light
40,119,255,255,255,1.0,1.0,1.0,light
40,120,255,255,255,1.0,1.0,1.0,light
40,121,255,255,255,1.0,1.0,1.0,light
40,122,255,255,255,1.0,1.0,1.0,light
40,123,255,255,255,1.0,1.0,1.0,light
40,124,255,255,255,1.0,1.0,1.0,light
40,125,255,255,255,1.0,1.0,1.0,light
40,126,255,255,255,1.0,1.0,1.0,light
40,127,255,255,255,1.0,1.0,1.0,light
41,0,255,255,255,1.0,1.0,1.0,light
41,1,255,255,255,1.0,1.0,1.0,light
41,2,255,255,255,1.0,1.0,1.0,light
41,3,255,255,255,1.0,1.0,1.0,light
41,4,255,255,255,1.0,1.0,1.0,light
41,5,255,255,255,1.0,1.0,1.0,light
41,6,255,255,255,1.0,1.0,1.0,light
41,7,255,255,255,1.0,1.0,1.0,light
41,8,255,255,255,1.0,1.0,1.0,light
41,9,255,255,255,1.0,1.0,1.0,light
41,10,255,255,255,1.0,1.0,1.0,light
41,11,255,255,255,1.0,1.0,1.0,light
41,12,255,255,255,1.0,1.0,1.0,light
41,13,255,255,255,1.0,1.0,1.0,light
41,14,255,255,255,1.0,1.0,1.0,light
41,15,255,255,255,1.0,1.0,1.0,light
41,16,255,255,255,1.0,1.0,1.0,light
41,17,255,255,255,1.0,1.0,1.0,light
41,18,255,255,255,1.0,1.0,1.0,light
41,19,255,255,255,1.0,1.0,1.0,light
41,20,255,255,255,1.0,1.0,1.0,light
41,21,255,255,255,1.0,1.0,1.0,light
41,22,255,255,255,1.0,1.0,1.0,light
41,23,255,255,255,1.0,1.0,1.0,light
41,24,255,255,255,1.0,1.0,1.0,light
41,25,255,255,255,1.0,1.0,1.0,light
41,26,255,255,255,1.0,1.0,1.0,light
41,27,255,255,255,1.0,1.0,1.0,light
41,28,255,255,255,1.0,1.0,1.0,light
41,29,255,255,255,1.0,1.0,1.0,light
41,30,255,255,255,1.0,1.0,1.0,light
41,31,255,255,255,1.0,1.0,1.0,light
41,32,255,255,255,1.0,1.0,1.0,light
41,33,255,255,255,1.0,1.0,1.0,light
41,34,255,255,255,1.0,1.0,1.0,light
41,35,255,255,255,1.0,1.0,1.0,light
41,36,255,255,255,1.0,1.0,1.0,light
41,37,255,255,255,1.0,1.0,1.0,light
41,38,255,255,255,1.0,1.0,1.0,light
41,39,255,255,255,1.0,1.0,1.0,light
41,40,255,255,255,1.0,1.0,1.0,light
41,41,255,255,255,1.0,1.0,1.0,light
41,42,212,207,215,0.83137256,0.8117647,0.84313726,light
41,43,120,105,128,0.47058824,0.4117647,0.5019608,mid
41,44,155,141,157,0.60784316,0.5529412,0.6156863,mid
41,45,255,247,232,1.0,0.96862745,0.9098039,light
41,46,255,246,229,1.0,0.9647059,0.8980392,light
41,47,255,246,229,1.0,0.9647059,0.8980392,light
41,48,255,246,229,1.0,0.9647059,0.8980392,light
41,49,255,246,229,1.0,0.9647059,0.8980392,light
41,50,255,246,229,1.0,0.9647059,0.8980392,light
41,51,255,246,229,1.0,0.9647059,0.8980392,light
41,52,255,246,229,1.0,0.9647059,0.8980392,light
41,53,255,251,233,1.0,0.9843137,0.9137255,light
41,54,255,255,244,1.0,1.0,0.95686275,light
41,55,130,128,126,0.50980395,0.5019608,0.49411765,mid
41,56,5,8,22,0.019607844,0.03137255,0.08627451,dark
41,57,17,17,31,0.06666667,0.06666667,0.12156863,dark
41,58,11,12,27,0.043137256,0.047058824,0.105882354,dark
41,59,68,58,69,0.26666668,0.22745098,0.27058825,dark
41,60,208,169,169,0.8156863,0.6627451,0.6627451,light
41,61,211,182,177,0.827451,0.7137255,0.69411767,light
41,62,255,247,232,1.0,0.96862745,0.9098039,light
41,63,255,250,231,1.0,0.98039216,0.90588236,light
41,64,255,246,229,1.0,0.9647059,0.8980392,light
41,65,255,246,229,1.0,0.9647059,0.8980392,light
41,66,255,246,229,1.0,0.9647059,0.8980392,light
41,67,255,246,229,1.0,0.9647059,0.8980392,light
41,68,255,247,229,1.0,0.96862745,0.8980392,light
41,69,255,248,234,1.0,0.972549,0.91764706,light
41,70,219,195,189,0.85882354,0.7647059,0.7411765,light
41,71,205,165,167,0.8039216,0.64705884,0.654902,light
41,72,115,94,102,0.4509804,0.36862746,0.4,mid
41,73,11,12,24,0.043137256,0.047058824,0.09411765,dark
41,74,18,18,32,0.07058824,0.07058824,0.1254902,dark
41,75,16,16,31,0.0627451,0.0627451,0.12156863,dark
41,76,24,22,36,0.09411765,0.08627451,0.14117648,dark
41,77,44,37,55,0.17254902,0.14509805,0.21568628,dark
41,78,75,66,76,0.29411766,0.25882354,0.29803923,dark
41,79,252,245,230,0.9882353,0.9607843,0.9019608,light
41,80,255,255,236,1.0,1.0,0.9254902,light
41,81,255,247,230,1.0,0.96862745,0.9019608,light
41,82,255,246,229,1.0,0.9647059,0.8980392,light
41,83,255,246,229,1.0,0.9647059,0.8980392,light
41,84,255,246,229,1.0,0.9647059,0.8980392,light
41,85,255,246,229,1.0,0.9647059,0.8980392,light
41,86,255,246,229,1.0,0.9647059,0.8980392,light
41,87,255,246,229,1.0,0.9647059,0.8980392,light
41,88,254,247,226,0.99607843,0.96862745,0.8862745,light
41,89,255,249,229,1.0,0.9764706,0.8980392,light
41,90,255,253,234,1.0,0.99215686,0.91764706,light
41,91,239,227,214,0.9372549,0.8901961,0.8392157,light
41,92,203,166,170,0.79607844,0.6509804,0.6666667,light
41,93,185,152,156,0.7254902,0.59607846,0.6117647,mid
41,94,102,78,88,0.4,0.30588236,0.34509805,mid
41,95,112,93,102,0.4392157,0.3647059,0.4,mid
41,96,242,241,242,0.9490196,0.94509804,0.9490196,light
41,97,255,255,255,1.0,1.0,1.0,light
41,98,255,255,255,1.0,1.0,1.0,light
41,99,255,255,255,1.0,1.0,1.0,light
41,100,255,255,255,1.0,1.0,1.0,light
41,101,255,255,255,1.0,1.0,1.0,light
41,102,255,255,255,1.0,1.0,1.0,light
41,103,255,255,255,1.0,1.0,1.0,light
41,104,255,255,255,1.0,1.0,1.0,light
41,105,255,255,255,1.0,1.0,1.0,light
41,106,255,255,255,1.0,1.0,1.0,light
41,107,255,255,255,1.0,1.0,1.0,light
41,108,255,255,255,1.0,1.0,1.0,light
41,109,255,255,255,1.0,1.0,1.0,light
41,110,255,255,255,1.0,1.0,1.0,light
41,111,255,255,255,1.0,1.0,1.0,light
41,112,255,255,255,1.0,1.0,1.0,light
41,113,255,255,255,1.0,1.0,1.0,light
41,114,255,255,255,1.0,1.0,1.0,light
41,115,255,255,255,1.0,1.0,1.0,light
41,116,255,255,255,1.0,1.0,1.0,light
41,117,255,255,255,1.0,1.0,1.0,light
41,118,255,255,255,1.0,1.0,1.0,light
41,119,255,255,255,1.0,1.0,1.0,light
41,120,255,255,255,1.0,1.0,1.0,light
41,121,255,255,255,1.0,1.0,1.0,light
41,122,255,255,255,1.0,1.0,1.0,light
41,123,255,255,255,1.0,1.0,1.0,light
41,124,255,255,255,1.0,1.0,1.0,light
41,125,255,255,255,1.0,1.0,1.0,light
41,126,255,255,255,1.0,1.0,1.0,light
41,127,255,255,255,1.0,1.0,1.0,light
42,0,255,255,255,1.0,1.0,1.0,light
42,1,255,255,255,1.0,1.0,1.0,light
42,2,255,255,255,1.0,1.0,1.0,light
42,3,255,255,255,1.0,1.0,1.0,light
42,4,255,255,255,1.0,1.0,1.0,light
42,5,255,255,255,1.0,1.0,1.0,light
42,6,255,255,255,1.0,1.0,1.0,light
42,7,255,255,255,1.0,1.0,1.0,light
42,8,255,255,255,1.0,1.0,1.0,light
42,9,255,255,255,1.0,1.0,1.0,light
42,10,255,255,255,1.0,1.0,1.0,light
42,11,255,255,255,1.0,1.0,1.0,light
42,12,255,255,255,1.0,1.0,1.0,light
42,13,255,255,255,1.0,1.0,1.0,light
42,14,255,255,255,1.0,1.0,1.0,light
42,15,255,255,255,1.0,1.0,1.0,light
42,16,255,255,255,1.0,1.0,1.0,light
42,17,255,255,255,1.0,1.0,1.0,light
42,18,255,255,255,1.0,1.0,1.0,light
42,19,255,255,255,1.0,1.0,1.0,light
42,20,255,255,255,1.0,1.0,1.0,light
42,21,255,255,255,1.0,1.0,1.0,light
42,22,255,255,255,1.0,1.0,1.0,light
42,23,255,255,255,1.0,1.0,1.0,light
42,24,255,255,255,1.0,1.0,1.0,light
42,25,255,255,255,1.0,1.0,1.0,light
42,26,255,255,255,1.0,1.0,1.0,light
42,27,255,255,255,1.0,1.0,1.0,light
42,28,255,255,255,1.0,1.0,1.0,light
42,29,255,255,255,1.0,1.0,1.0,light
42,30,255,255,255,1.0,1.0,1.0,light
42,31,255,255,255,1.0,1.0,1.0,light
42,32,255,255,255,1.0,1.0,1.0,light
42,33,255,255,255,1.0,1.0,1.0,light
42,34,255,255,255,1.0,1.0,1.0,light
42,35,255,255,255,1.0,1.0,1.0,light
42,36,255,255,255,1.0,1.0,1.0,light
42,37,255,255,255,1.0,1.0,1.0,light
42,38,255,255,255,1.0,1.0,1.0,light
42,39,255,255,255,1.0,1.0,1.0,light
42,40,255,255,255,1.0,1.0,1.0,light
42,41,255,255,255,1.0,1.0,1.0,light
42,42,212,207,215,0.83137256,0.8117647,0.84313726,light
42,43,120,105,128,0.47058824,0.4117647,0.5019608,mid
42,44,155,142,156,0.60784316,0.5568628,0.6117647,mid
42,45,255,247,232,1.0,0.96862745,0.9098039,light
42,46,255,246,229,1.0,0.9647059,0.8980392,light
42,47,255,246,229,1.0,0.9647059,0.8980392,light
42,48,255,246,229,1.0,0.9647059,0.8980392,light
42,49,255,246,229,1.0,0.9647059,0.8980392,light
42,50,255,246,229,1.0,0.9647059,0.8980392,light
42,51,255,246,229,1.0,0.9647059,0.8980392,light
42,52,255,248,231,1.0,0.972549,0.90588236,light
42,53,211,203,192,0.827451,0.79607844,0.7529412,light
42,54,186,184,177,0.7294118,0.72156864,0.69411767,light
42,55,107,102,104,0.41960785,0.4,0.40784314,mid
42,56,29,27,39,0.11372549,0.105882354,0.15294118,dark
42,57,35,34,44,0.13725491,0.13333334,0.17254902,dark
42,58,32,31,42,0.1254902,0.12156863,0.16470589,dark
42,59,62,58,67,0.24313726,0.22745098,0.2627451,dark
42,60,140,119,123,0.54901963,0.46666667,0.48235294,mid
42,61,156,135,137,0.6117647,0.5294118,0.5372549,mid
42,62,233,217,209,0.9137255,0.8509804,0.81960785,light
42,63,238,222,210,0.93333334,0.87058824,0.8235294,light
42,64,253,244,227,0.99215686,0.95686275,0.8901961,light
42,65,255,246,229,1.0,0.9647059,0.8980392,light
42,66,255,246,229,1.0,0.9647059,0.8980392,light
42,67,255,246,229,1.0,0.9647059,0.8980392,light
42,68,255,246,228,1.0,0.9647059,0.89411765,light
42,69,255,250,233,1.0,0.98039216,0.9137255,light
42,70,219,198,192,0.85882354,0.7764706,0.7529412,light
42,71,206,168,169,0.80784315,0.65882355,0.6627451,light
42,72,118,100,107,0.4627451,0.39215687,0.41960785,mid
42,73,16,18,31,0.0627451,0.07058824,0.12156863,dark
42,74,27,28,40,0.105882354,0.10980392,0.15686275,dark
42,75,34,33,45,0.13333334,0.12941177,0.1764706,dark
42,76,38,38,48,0.14901961,0.14901961,0.1882353,dark
42,77,52,48,61,0.20392157,0.1882353,0.23921569,dark
42,78,73,65,78,0.28627452,0.25490198,0.30588236,dark
42,79,183,174,169,0.7176471,0.68235296,0.6627451,light
42,80,192,184,176,0.7529412,0.72156864,0.6901961,light
42,81,247,238,223,0.96862745,0.93333334,0.8745098,light
42,82,255,247,230,1.0,0.96862745,0.9019608,light
42,83,255,246,230,1.0,0.9647059,0.9019608,light
42,84,255,247,228,1.0,0.96862745,0.89411765,light
42,85,255,246,228,1.0,0.9647059,0.89411765,light
42,86,255,246,229,1.0,0.9647059,0.8980392,light
42,87,255,246,229,1.0,0.9647059,0.8980392,light
42,88,255,246,229,1.0,0.9647059,0.8980392,light
42,89,255,246,229,1.0,0.9647059,0.8980392,light
42,90,255,248,232,1.0,0.972549,0.9098039,light
42,91,243,232,218,0.9529412,0.9098039,0.85490197,light
42,92,220,193,190,0.8627451,0.75686276,0.74509805,light
42,93,198,174,172,0.7764706,0.68235296,0.6745098,light
42,94,102,78,89,0.4,0.30588236,0.34901962,mid
42,95,113,92,102,0.44313726,0.36078432,0.4,mid
42,96,242,241,241,0.9490196,0.94509804,0.94509804,light
42,97,255,255,255,1.0,1.0,1.0,light
42,98,255,255,255,1.0,1.0,1.0,light
42,99,255,255,255,1.0,1.0,1.0,light
42,100,255,255,255,1.0,1.0,1.0,light
42,101,255,255,255,1.0,1.0,1.0,light
42,102,255,255,255,1.0,1.0,1.0,light
42,103,255,255,255,1.0,1.0,1.0,light
42,104,255,255,255,1.0,1.0,1.0,light
42,105,255,255,255,1.0,1.0,1.0,light
42,106,255,255,255,1.0,1.0,1.0,light
42,107,255,255,255,1.0,1.0,1.0,light
42,108,255,255,255,1.0,1.0,1.0,light
42,109,255,255,255,1.0,1.0,1.0,light
42,110,255,255,255,1.0,1.0,1.0,light
42,111,255,255,255,1.0,1.0,1.0,light
42,112,255,255,255,1.0,1.0,1.0,light
42,113,255,255,255,1.0,1.0,1.0,light
42,114,255,255,255,1.0,1.0,1.0,light
42,115,255,255,255,1.0,1.0,1.0,light
42,116,255,255,255,1.0,1.0,1.0,light
42,117,255,255,255,1.0,1.0,1.0,light
42,118,255,255,255,1.0,1.0,1.0,light
42,119,255,255,255,1.0,1.0,1.0,light
42,120,255,255,255,1.0,1.0,1.0,light
42,121,255,255,255,1.0,1.0,1.0,light
42,122,255,255,255,1.0,1.0,1.0,light
42,123,255,255,255,1.0,1.0,1.0,light
42,124,255,255,255,1.0,1.0,1.0,light
42,125,255,255,255,1.0,1.0,1.0,light
42,126,255,255,255,1.0,1.0,1.0,light
42,127,255,255,255,1.0,1.0,1.0,light
43,0,255,255,255,1.0,1.0,1.0,light
43,1,255,255,255,1.0,1.0,1.0,light
43,2,255,255,255,1.0,1.0,1.0,light
43,3,255,255,255,1.0,1.0,1.0,light
43,4,255,255,255,1.0,1.0,1.0,light
43,5,255,255,255,1.0,1.0,1.0,light
43,6,255,255,255,1.0,1.0,1.0,light
43,7,255,255,255,1.0,1.0,1.0,light
43,8,255,255,255,1.0,1.0,1.0,light
43,9,255,255,255,1.0,1.0,1.0,light
43,10,255,255,255,1.0,1.0,1.0,light
43,11,255,255,255,1.0,1.0,1.0,light
43,12,255,255,255,1.0,1.0,1.0,light
43,13,255,255,255,1.0,1.0,1.0,light
43,14,255,255,255,1.0,1.0,1.0,light
43,15,255,255,255,1.0,1.0,1.0,light
43,16,255,255,255,1.0,1.0,1.0,light
43,17,255,255,255,1.0,1.0,1.0,light
43,18,255,255,255,1.0,1.0,1.0,light
43,19,255,255,255,1.0,1.0,1.0,light
43,20,255,255,255,1.0,1.0,1.0,light
43,21,255,255,255,1.0,1.0,1.0,light
43,22,255,255,255,1.0,1.0,1.0,light
43,23,255,255,255,1.0,1.0,1.0,light
43,24,255,255,255,1.0,1.0,1.0,light
43,25,255,255,255,1.0,1.0,1.0,light
43,26,255,255,255,1.0,1.0,1.0,light
43,27,255,255,255,1.0,1.0,1.0,light
43,28,255,255,255,1.0,1.0,1.0,light
43,29,255,255,255,1.0,1.0,1.0,light
43,30,255,255,255,1.0,1.0,1.0,light
43,31,255,255,255,1.0,1.0,1.0,light
43,32,255,255,255,1.0,1.0,1.0,light
43,33,255,255,255,1.0,1.0,1.0,light
43,34,255,255,255,1.0,1.0,1.0,light
43,35,255,255,255,1.0,1.0,1.0,light
43,36,255,255,255,1.0,1.0,1.0,light
43,37,255,255,255,1.0,1.0,1.0,light
43,38,255,255,255,1.0,1.0,1.0,light
43,39,255,255,255,1.0,1.0,1.0,light
43,40,255,255,255,1.0,1.0,1.0,light
43,41,255,255,255,1.0,1.0,1.0,light
43,42,212,207,215,0.83137256,0.8117647,0.84313726,light
43,43,120,104,129,0.47058824,0.40784314,0.5058824,mid
43,44,155,142,155,0.60784316,0.5568628,0.60784316,mid
43,45,255,247,231,1.0,0.96862745,0.90588236,light
43,46,255,246,229,1.0,0.9647059,0.8980392,light
43,47,255,246,229,1.0,0.9647059,0.8980392,light
43,48,255,246,229,1.0,0.9647059,0.8980392,light
43,49,255,246,229,1.0,0.9647059,0.8980392,light
43,50,255,246,229,1.0,0.9647059,0.8980392,light
43,51,254,247,230,0.99607843,0.96862745,0.9019608,light
43,52,255,253,235,1.0,0.99215686,0.92156863,light
43,53,119,113,114,0.46666667,0.44313726,0.44705883,mid
43,54,43,36,52,0.16862746,0.14117648,0.20392157,dark
43,55,51,45,60,0.2,0.1764706,0.23529412,dark
43,56,51,46,63,0.2,0.18039216,0.24705882,dark
43,57,52,49,63,0.20392157,0.19215687,0.24705882,dark
43,58,58,52,67,0.22745098,0.20392157,0.2627451,dark
43,59,47,42,55,0.18431373,0.16470589,0.21568628,dark
43,60,14,16,30,0.05490196,0.0627451,0.11764706,dark
43,61,49,44,53,0.19215687,0.17254902,0.20784314,dark
43,62,194,159,164,0.7607843,0.62352943,0.6431373,light
43,63,203,170,169,0.79607844,0.6666667,0.6627451,light
43,64,249,240,223,0.9764706,0.9411765,0.8745098,light
43,65,255,247,229,1.0,0.96862745,0.8980392,light
43,66,255,246,229,1.0,0.9647059,0.8980392,light
43,67,255,246,229,1.0,0.9647059,0.8980392,light
43,68,255,246,229,1.0,0.9647059,0.8980392,light
43,69,255,249,231,1.0,0.9764706,0.90588236,light
43,70,221,197,192,0.8666667,0.77254903,0.7529412,light
43,71,206,168,170,0.80784315,0.65882355,0.6666667,light
43,72,117,99,107,0.45882353,0.3882353,0.41960785,mid
43,73,14,17,30,0.05490196,0.06666667,0.11764706,dark
43,74,35,33,47,0.13725491,0.12941177,0.18431373,dark
43,75,59,52,69,0.23137255,0.20392157,0.27058825,dark
43,76,55,51,66,0.21568628,0.2,0.25882354,dark
43,77,50,46,61,0.19607843,0.18039216,0.23921569,dark
43,78,51,44,62,0.2,0.17254902,0.24313726,dark
43,79,48,41,56,0.1882353,0.16078432,0.21960784,dark
43,80,60,52,64,0.23529412,0.20392157,0.2509804,dark
43,81,235,226,213,0.92156863,0.8862745,0.8352941,light
43,82,255,255,237,1.0,1.0,0.92941177,light
43,83,255,247,232,1.0,0.96862745,0.9098039,light
43,84,255,246,229,1.0,0.9647059,0.8980392,light
43,85,255,247,228,1.0,0.96862745,0.89411765,light
43,86,255,246,229,1.0,0.9647059,0.8980392,light
43,87,255,246,229,1.0,0.9647059,0.8980392,light
43,88,255,246,229,1.0,0.9647059,0.8980392,light
43,89,255,246,229,1.0,0.9647059,0.8980392,light
43,90,255,246,229,1.0,0.9647059,0.8980392,light
43,91,255,247,230,1.0,0.96862745,0.9019608,light
43,92,255,253,234,1.0,0.99215686,0.91764706,light
43,93,230,221,207,0.9019608,0.8666667,0.8117647,light
43,94,100,77,89,0.39215687,0.3019608,0.34901962,mid
43,95,111,89,102,0.43529412,0.34901962,0.4,mid
43,96,241,241,241,0.94509804,0.94509804,0.94509804,light
43,97,255,255,255,1.0,1.0,1.0,light
43,98,255,255,255,1.0,1.0,1.0,light
43,99,255,255,255,1.0,1.0,1.0,light
43,100,255,255,255,1.0,1.0,1.0,light
43,101,255,255,255,1.0,1.0,1.0,light
43,102,255,255,255,1.0,1.0,1.0,light
43,103,255,255,255,1.0,1.0,1.0,light
43,104,255,255,255,1.0,1.0,1.0,light
43,105,255,255,255,1.0,1.0,1.0,light
43,106,255,255,255,1.0,1.0,1.0,light
43,107,255,255,255,1.0,1.0,1.0,light
43,108,255,255,255,1.0,1.0,1.0,light
43,109,255,255,255,1.0,1.0,1.0,light
43,110,255,255,255,1.0,1.0,1.0,light
43,111,255,255,255,1.0,1.0,1.0,light
43,112,255,255,255,1.0,1.0,1.0,light
43,113,255,255,255,1.0,1.0,1.0,light
43,114,255,255,255,1.0,1.0,1.0,light
43,115,255,255,255,1.0,1.0,1.0,light
43,116,255,255,255,1.0,1.0,1.0,light
43,117,255,255,255,1.0,1.0,1.0,light
43,118,255,255,255,1.0,1.0,1.0,light
43,119,255,255,255,1.0,1.0,1.0,light
43,120,255,255,255,1.0,1.0,1.0,light
43,121,255,255,255,1.0,1.0,1.0,light
43,122,255,255,255,1.0,1.0,1.0,light
43,123,255,255,255,1.0,1.0,1.0,light
43,124,255,255,255,1.0,1.0,1.0,light
43,125,255,255,255,1.0,1.0,1.0,light
43,126,255,255,255,1.0,1.0,1.0,light
43,127,255,255,255,1.0,1.0,1.0,light
44,0,255,255,255,1.0,1.0,1.0,light
44,1,255,255,255,1.0,1.0,1.0,light
44,2,255,255,255,1.0,1.0,1.0,light
44,3,255,255,255,1.0,1.0,1.0,light
44,4,255,255,255,1.0,1.0,1.0,light
44,5,255,255,255,1.0,1.0,1.0,light
44,6,255,255,255,1.0,1.0,1.0,light
44,7,255,255,255,1.0,1.0,1.0,light
44,8,255,255,255,1.0,1.0,1.0,light
44,9,255,255,255,1.0,1.0,1.0,light
44,10,255,255,255,1.0,1.0,1.0,light
44,11,255,255,255,1.0,1.0,1.0,light
44,12,255,255,255,1.0,1.0,1.0,light
44,13,255,255,255,1.0,1.0,1.0,light
44,14,255,255,255,1.0,1.0,1.0,light
44,15,255,255,255,1.0,1.0,1.0,light
44,16,255,255,255,1.0,1.0,1.0,light
44,17,255,255,255,1.0,1.0,1.0,light
44,18,255,255,255,1.0,1.0,1.0,light
44,19,255,255,255,1.0,1.0,1.0,light
44,20,255,255,255,1.0,1.0,1.0,light
44,21,255,255,255,1.0,1.0,1.0,light
44,22,255,255,255,1.0,1.0,1.0,light
44,23,255,255,255,1.0,1.0,1.0,light
44,24,255,255,255,1.0,1.0,1.0,light
44,25,255,255,255,1.0,1.0,1.0,light
44,26,255,255,255,1.0,1.0,1.0,light
44,27,255,255,255,1.0,1.0,1.0,light
44,28,255,255,255,1.0,1.0,1.0,light
44,29,255,255,255,1.0,1.0,1.0,light
44,30,255,255,255,1.0,1.0,1.0,light
44,31,255,255,255,1.0,1.0,1.0,light
44,32,255,255,255,1.0,1.0,1.0,light
44,33,255,255,255,1.0,1.0,1.0,light
44,34,255,255,255,1.0,1.0,1.0,light
44,35,255,255,255,1.0,1.0,1.0,light
44,36,255,255,255,1.0,1.0,1.0,light
44,37,255,255,255,1.0,1.0,1.0,light
44,38,255,255,255,1.0,1.0,1.0,light
44,39,255,255,255,1.0,1.0,1.0,light
44,40,255,255,255,1.0,1.0,1.0,light
44,41,255,255,255,1.0,1.0,1.0,light
44,42,212,207,215,0.83137256,0.8117647,0.84313726,light
44,43,120,104,129,0.47058824,0.40784314,0.5058824,mid
44,44,155,142,155,0.60784316,0.5568628,0.60784316,mid
44,45,255,247,231,1.0,0.96862745,0.90588236,light
44,46,255,246,229,1.0,0.9647059,0.8980392,light
44,47,255,246,229,1.0,0.9647059,0.8980392,light
44,48,255,246,229,1.0,0.9647059,0.8980392,light
44,49,255,246,229,1.0,0.9647059,0.8980392,light
44,50,255,246,229,1.0,0.9647059,0.8980392,light
44,51,254,247,230,0.99607843,0.96862745,0.9019608,light
44,52,255,253,235,1.0,0.99215686,0.92156863,light
44,53,118,112,113,0.4627451,0.4392157,0.44313726,mid
44,54,39,35,52,0.15294118,0.13725491,0.20392157,dark
44,55,73,65,79,0.28627452,0.25490198,0.30980393,dark
44,56,99,86,98,0.3882353,0.3372549,0.38431373,mid
44,57,78,70,82,0.30588236,0.27450982,0.32156864,dark
44,58,54,49,66,0.21176471,0.19215687,0.25882354,dark
44,59,49,42,54,0.19215687,0.16470589,0.21176471,dark
44,60,20,21,35,0.078431375,0.08235294,0.13725491,dark
44,61,54,48,57,0.21176471,0.1882353,0.22352941,dark
44,62,196,162,166,0.76862746,0.63529414,0.6509804,light
44,63,205,172,171,0.8039216,0.6745098,0.67058825,light
44,64,249,240,223,0.9764706,0.9411765,0.8745098,light
44,65,255,247,229,1.0,0.96862745,0.8980392,light
44,66,255,246,229,1.0,0.9647059,0.8980392,light
44,67,255,246,229,1.0,0.9647059,0.8980392,light
44,68,255,246,229,1.0,0.9647059,0.8980392,light
44,69,255,249,231,1.0,0.9764706,0.90588236,light
44,70,221,197,192,0.8666667,0.77254903,0.7529412,light
44,71,205,168,169,0.8039216,0.65882355,0.6627451,light
44,72,122,101,109,0.47843137,0.39607844,0.42745098,mid
44,73,26,23,38,0.101960786,0.09019608,0.14901961,dark
44,74,36,33,47,0.14117648,0.12941177,0.18431373,dark
44,75,42,40,50,0.16470589,0.15686275,0.19607843,dark
44,76,56,49,58,0.21960784,0.19215687,0.22745098,dark
44,77,95,86,93,0.37254903,0.3372549,0.3647059,mid
44,78,89,80,90,0.34901962,0.3137255,0.3529412,dark
44,79,56,50,64,0.21960784,0.19607843,0.2509804,dark
44,80,61,56,70,0.23921569,0.21960784,0.27450982,dark
44,81,192,184,180,0.7529412,0.72156864,0.7058824,light
44,82,212,205,198,0.83137256,0.8039216,0.7764706,light
44,83,243,237,225,0.9529412,0.92941177,0.88235295,light
44,84,254,248,232,0.99607843,0.972549,0.9098039,light
44,85,255,246,230,1.0,0.9647059,0.9019608,light
44,86,255,246,229,1.0,0.9647059,0.8980392,light
44,87,255,246,229,1.0,0.9647059,0.8980392,light
44,88,255,246,229,1.0,0.9647059,0.8980392,light
44,89,255,246,229,1.0,0.9647059,0.8980392,light
44,90,255,246,229,1.0,0.9647059,0.8980392,light
44,91,255,246,229,1.0,0.9647059,0.8980392,light
44,92,255,250,232,1.0,0.98039216,0.9098039,light
44,93,233,221,209,0.9137255,0.8666667,0.81960785,light
44,94,127,97,106,0.49803922,0.38039216,0.41568628,mid
44,95,133,109,116,0.52156866,0.42745098,0.45490196,mid
44,96,242,241,243,0.9490196,0.94509804,0.9529412,light
44,97,255,255,255,1.0,1.0,1.0,light
44,98,255,255,255,1.0,1.0,1.0,light
44,99,255,255,255,1.0,1.0,1.0,light
44,100,255,255,255,1.0,1.0,1.0,light
44,101,255,255,255,1.0,1.0,1.0,light
44,102,255,255,255,1.0,1.0,1.0,light
44,103,255,255,255,1.0,1.0,1.0,light
44,104,255,255,255,1.0,1.0,1.0,light
44,105,255,255,255,1.0,1.0,1.0,light
44,106,255,255,255,1.0,1.0,1.0,light
44,107,255,255,255,1.0,1.0,1.0,light
44,108,255,255,255,1.0,1.0,1.0,light
44,109,255,255,255,1.0,1.0,1.0,light
44,110,255,255,255,1.0,1.0,1.0,light
44,111,255,255,255,1.0,1.0,1.0,light
44,112,255,255,255,1.0,1.0,1.0,light
44,113,255,255,255,1.0,1.0,1.0,light
44,114,255,255,255,1.0,1.0,1.0,light
44,115,255,255,255,1.0,1.0,1.0,light
44,116,255,255,255,1.0,1.0,1.0,light
44,117,255,255,255,1.0,1.0,1.0,light
44,118,255,255,255,1.0,1.0,1.0,light
44,119,255,255,255,1.0,1.0,1.0,light
44,120,255,255,255,1.0,1.0,1.0,light
44,121,255,255,255,1.0,1.0,1.0,light
44,122,255,255,255,1.0,1.0,1.0,light
44,123,255,255,255,1.0,1.0,1.0,light
44,124,255,255,255,1.0,1.0,1.0,light
44,125,255,255,255,1.0,1.0,1.0,light
44,126,255,255,255,1.0,1.0,1.0,light
44,127,255,255,255,1.0,1.0,1.0,light
45,0,255,255,255,1.0,1.0,1.0,light
45,1,255,255,255,1.0,1.0,1.0,light
45,2,255,255,255,1.0,1.0,1.0,light
45,3,255,255,255,1.0,1.0,1.0,light
45,4,255,255,255,1.0,1.0,1.0,light
45,5,255,255,255,1.0,1.0,1.0,light
45,6,255,255,255,1.0,1.0,1.0,light
45,7,255,255,255,1.0,1.0,1.0,light
45,8,255,255,255,1.0,1.0,1.0,light
45,9,255,255,255,1.0,1.0,1.0,light
45,10,255,255,255,1.0,1.0,1.0,light
45,11,255,255,255,1.0,1.0,1.0,light
45,12,255,255,255,1.0,1.0,1.0,light
45,13,255,255,255,1.0,1.0,1.0,light
45,14,255,255,255,1.0,1.0,1.0,light
45,15,255,255,255,1.0,1.0,1.0,light
45,16,255,255,255,1.0,1.0,1.0,light
45,17,255,255,255,1.0,1.0,1.0,light
45,18,255,255,255,1.0,1.0,1.0,light
45,19,255,255,255,1.0,1.0,1.0,light
45,20,255,255,255,1.0,1.0,1.0,light
45,21,255,255,255,1.0,1.0,1.0,light
45,22,255,255,255,1.0,1.0,1.0,light
45,23,255,255,255,1.0,1.0,1.0,light
45,24,255,255,255,1.0,1.0,1.0,light
45,25,255,255,255,1.0,1.0,1.0,light
45,26,255,255,255,1.0,1.0,1.0,light
45,27,255,255,255,1.0,1.0,1.0,light
45,28,255,255,255,1.0,1.0,1.0,light
45,29,255,255,255,1.0,1.0,1.0,light
45,30,255,255,255,1.0,1.0,1.0,light
45,31,255,255,255,1.0,1.0,1.0,light
45,32,255,255,255,1.0,1.0,1.0,light
45,33,255,255,255,1.0,1.0,1.0,light
45,34,255,255,255,1.0,1.0,1.0,light
45,35,255,255,255,1.0,1.0,1.0,light
45,36,255,255,255,1.0,1.0,1.0,light
45,37,255,255,255,1.0,1.0,1.0,light
45,38,255,255,255,1.0,1.0,1.0,light
45,39,255,255,255,1.0,1.0,1.0,light
45,40,255,255,255,1.0,1.0,1.0,light
45,41,255,255,255,1.0,1.0,1.0,light
45,42,212,207,215,0.83137256,0.8117647,0.84313726,light
45,43,120,104,129,0.47058824,0.40784314,0.5058824,mid
45,44,155,142,155,0.60784316,0.5568628,0.60784316,mid
45,45,255,247,231,1.0,0.96862745,0.90588236,light
45,46,255,246,229,1.0,0.9647059,0.8980392,light
45,47,255,246,229,1.0,0.9647059,0.8980392,light
45,48,255,246,229,1.0,0.9647059,0.8980392,light
45,49,255,246,229,1.0,0.9647059,0.8980392,light
45,50,255,246,229,1.0,0.9647059,0.8980392,light
45,51,255,249,232,1.0,0.9764706,0.9098039,light
45,52,255,255,240,1.0,1.0,0.9411765,light
45,53,104,99,101,0.40784314,0.3882353,0.39607844,mid
45,54,6,8,23,0.023529412,0.03137255,0.09019608,dark
45,55,136,125,130,0.53333336,0.49019608,0.50980395,mid
45,56,250,227,224,0.98039216,0.8901961,0.8784314,light
45,57,163,147,150,0.6392157,0.5764706,0.5882353,mid
45,58,49,44,59,0.19215687,0.17254902,0.23137255,dark
45,59,49,42,55,0.19215687,0.16470589,0.21568628,dark
45,60,21,20,36,0.08235294,0.078431375,0.14117648,dark
45,61,54,48,57,0.21176471,0.1882353,0.22352941,dark
45,62,196,161,164,0.76862746,0.6313726,0.6431373,light
45,63,204,171,171,0.8,0.67058825,0.67058825,light
45,64,250,241,225,0.98039216,0.94509804,0.88235295,light
45,65,255,250,230,1.0,0.98039216,0.9019608,light
45,66,255,247,230,1.0,0.96862745,0.9019608,light
45,67,255,248,230,1.0,0.972549,0.9019608,light
45,68,255,248,231,1.0,0.972549,0.90588236,light
45,69,255,251,232,1.0,0.9843137,0.9098039,light
45,70,221,196,192,0.8666667,0.76862746,0.7529412,light
45,71,204,165,168,0.8,0.64705884,0.65882355,light
45,72,133,111,119,0.52156866,0.43529412,0.46666667,mid
45,73,52,47,62,0.20392157,0.18431373,0.24313726,dark
45,74,37,34,43,0.14509805,0.13333334,0.16862746,dark
45,75,0,0,0,0.0,0.0,0.0,dark
45,76,52,47,47,0.20392157,0.18431373,0.18431373,dark
45,77,237,218,216,0.92941177,0.85490197,0.84705883,light
45,78,212,194,196,0.83137256,0.7607843,0.76862746,light
45,79,65,57,67,0.25490198,0.22352941,0.2627451,dark
45,80,53,49,63,0.20784314,0.19215687,0.24705882,dark
45,81,55,48,60,0.21568628,0.1882353,0.23529412,dark
45,82,56,46,58,0.21960784,0.18039216,0.22745098,dark
45,83,213,206,199,0.8352941,0.80784315,0.78039217,light
45,84,255,255,237,1.0,1.0,0.92941177,light
45,85,255,248,230,1.0,0.972549,0.9019608,light
45,86,255,246,229,1.0,0.9647059,0.8980392,light
45,87,255,246,229,1.0,0.9647059,0.8980392,light
45,88,255,246,229,1.0,0.9647059,0.8980392,light
45,89,255,246,229,1.0,0.9647059,0.8980392,light
45,90,255,246,229,1.0,0.9647059,0.8980392,light
45,91,255,246,229,1.0,0.9647059,0.8980392,light
45,92,255,248,230,1.0,0.972549,0.9019608,light
45,93,245,233,219,0.9607843,0.9137255,0.85882354,light
45,94,202,166,167,0.7921569,0.6509804,0.654902,light
45,95,204,172,173,0.8,0.6745098,0.6784314,light
45,96,249,247,246,0.9764706,0.96862745,0.9647059,light
45,97,255,255,255,1.0,1.0,1.0,light
45,98,255,255,255,1.0,1.0,1.0,light
45,99,255,255,255,1.0,1.0,1.0,light
45,100,255,255,255,1.0,1.0,1.0,light
45,101,255,255,255,1.0,1.0,1.0,light
45,102,255,255,255,1.0,1.0,1.0,light
45,103,255,255,255,1.0,1.0,1.0,light
45,104,255,255,255,1.0,1.0,1.0,light
45,105,255,255,255,1.0,1.0,1.0,light
45,106,255,255,255,1.0,1.0,1.0,light
45,107,255,255,255,1.0,1.0,1.0,light
45,108,255,255,255,1.0,1.0,1.0,light
45,109,255,255,255,1.0,1.0,1.0,light
45,110,255,255,255,1.0,1.0,1.0,light
45,111,255,255,255,1.0,1.0,1.0,light
45,112,255,255,255,1.0,1.0,1.0,light
45,113,255,255,255,1.0,1.0,1.0,light
45,114,255,255,255,1.0,1.0,1.0,light
45,115,255,255,255,1.0,1.0,1.0,light
45,116,255,255,255,1.0,1.0,1.0,light
45,117,255,255,255,1.0,1.0,1.0,light
45,118,255,255,255,1.0,1.0,1.0,light
45,119,255,255,255,1.0,1.0,1.0,light
45,120,255,255,255,1.0,1.0,1.0,light
45,121,255,255,255,1.0,1.0,1.0,light
45,122,255,255,255,1.0,1.0,1.0,light
45,123,255,255,255,1.0,1.0,1.0,light
45,124,255,255,255,1.0,1.0,1.0,light
45,125,255,255,255,1.0,1.0,1.0,light
45,126,255,255,255,1.0,1.0,1.0,light
45,127,255,255,255,1.0,1.0,1.0,light
46,0,255,255,255,1.0,1.0,1.0,light
46,1,255,255,255,1.0,1.0,1.0,light
46,2,255,255,255,1.0,1.0,1.0,light
46,3,255,255,255,1.0,1.0,1.0,light
46,4,255,255,255,1.0,1.0,1.0,light
46,5,255,255,255,1.0,1.0,1.0,light
46,6,255,255,255,1.0,1.0,1.0,light
46,7,255,255,255,1.0,1.0,1.0,light
46,8,255,255,255,1.0,1.0,1.0,light
46,9,255,255,255,1.0,1.0,1.0,light
46,10,255,255,255,1.0,1.0,1.0,light
46,11,255,255,255,1.0,1.0,1.0,light
46,12,255,255,255,1.0,1.0,1.0,light
46,13,255,255,255,1.0,1.0,1.0,light
46,14,255,255,255,1.0,1.0,1.0,light
46,15,255,255,255,1.0,1.0,1.0,light
46,16,255,255,255,1.0,1.0,1.0,light
46,17,255,255,255,1.0,1.0,1.0,light
46,18,255,255,255,1.0,1.0,1.0,light
46,19,255,255,255,1.0,1.0,1.0,light
46,20,255,255,255,1.0,1.0,1.0,light
46,21,255,255,255,1.0,1.0,1.0,light
46,22,255,255,255,1.0,1.0,1.0,light
46,23,255,255,255,1.0,1.0,1.0,light
46,24,255,255,255,1.0,1.0,1.0,light
46,25,255,255,255,1.0,1.0,1.0,light
46,26,255,255,255,1.0,1.0,1.0,light
46,27,255,255,255,1.0,1.0,1.0,light
46,28,255,255,255,1.0,1.0,1.0,light
46,29,255,255,255,1.0,1.0,1.0,light
46,30,255,255,255,1.0,1.0,1.0,light
46,31,255,255,255,1.0,1.0,1.0,light
46,32,255,255,255,1.0,1.0,1.0,light
46,33,255,255,255,1.0,1.0,1.0,light
46,34,255,255,255,1.0,1.0,1.0,light
46,35,255,255,255,1.0,1.0,1.0,light
46,36,255,255,255,1.0,1.0,1.0,light
46,37,255,255,255,1.0,1.0,1.0,light
46,38,255,255,255,1.0,1.0,1.0,light
46,39,255,255,255,1.0,1.0,1.0,light
46,40,255,255,255,1.0,1.0,1.0,light
46,41,255,255,255,1.0,1.0,1.0,light
46,42,212,207,215,0.83137256,0.8117647,0.84313726,light
46,43,120,104,129,0.47058824,0.40784314,0.5058824,mid
46,44,155,142,155,0.60784316,0.5568628,0.60784316,mid
46,45,255,247,231,1.0,0.96862745,0.90588236,light
46,46,255,246,229,1.0,0.9647059,0.8980392,light
46,47,255,246,229,1.0,0.9647059,0.8980392,light
46,48,255,246,229,1.0,0.9647059,0.8980392,light
46,49,255,246,229,1.0,0.9647059,0.8980392,light
46,50,255,246,229,1.0,0.9647059,0.8980392,light
46,51,236,228,214,0.9254902,0.89411765,0.8392157,light
46,52,231,228,217,0.90588236,0.89411765,0.8509804,light
46,53,94,91,93,0.36862746,0.35686275,0.3647059,mid
46,54,10,11,23,0.039215688,0.043137256,0.09019608,dark
46,55,120,111,117,0.47058824,0.43529412,0.45882353,mid
46,56,217,200,200,0.8509804,0.78431374,0.78431374,light
46,57,145,132,140,0.5686275,0.5176471,0.54901963,mid
46,58,52,44,62,0.20392157,0.17254902,0.24313726,dark
46,59,49,42,57,0.19215687,0.16470589,0.22352941,dark
46,60,20,20,35,0.078431375,0.078431375,0.13725491,dark
46,61,55,50,57,0.21568628,0.19607843,0.22352941,dark
46,62,199,173,172,0.78039217,0.6784314,0.6745098,light
46,63,207,182,178,0.8117647,0.7137255,0.69803923,light
46,64,243,230,220,0.9529412,0.9019608,0.8627451,light
46,65,247,237,223,0.96862745,0.92941177,0.8745098,light
46,66,247,236,223,0.96862745,0.9254902,0.8745098,light
46,67,247,236,223,0.96862745,0.9254902,0.8745098,light
46,68,247,236,224,0.96862745,0.9254902,0.8784314,light
46,69,247,238,225,0.96862745,0.93333334,0.88235295,light
46,70,221,199,194,0.8666667,0.78039217,0.7607843,light
46,71,208,179,176,0.8156863,0.7019608,0.6901961,light
46,72,135,117,122,0.5294118,0.45882353,0.47843137,mid
46,73,52,46,61,0.20392157,0.18039216,0.23921569,dark
46,74,36,34,42,0.14117648,0.13333334,0.16470589,dark
46,75,0,0,0,0.0,0.0,0.0,dark
46,76,43,42,41,0.16862746,0.16470589,0.16078432,dark
46,77,204,188,187,0.8,0.7372549,0.73333335,light
46,78,185,169,172,0.7254902,0.6627451,0.6745098,light
46,79,63,56,67,0.24705882,0.21960784,0.2627451,dark
46,80,54,49,63,0.21176471,0.19215687,0.24705882,dark
46,81,54,49,64,0.21176471,0.19215687,0.2509804,dark
46,82,55,48,60,0.21568628,0.1882353,0.23529412,dark
46,83,193,185,180,0.75686276,0.7254902,0.7058824,light
46,84,231,227,213,0.90588236,0.8901961,0.8352941,light
46,85,247,238,223,0.96862745,0.93333334,0.8745098,light
46,86,255,247,230,1.0,0.96862745,0.9019608,light
46,87,255,246,229,1.0,0.9647059,0.8980392,light
46,88,255,246,229,1.0,0.9647059,0.8980392,light
46,89,255,246,229,1.0,0.9647059,0.8980392,light
46,90,255,246,229,1.0,0.9647059,0.8980392,light
46,91,255,246,229,1.0,0.9647059,0.8980392,light
46,92,255,248,230,1.0,0.972549,0.9019608,light
46,93,245,233,219,0.9607843,0.9137255,0.85882354,light
46,94,200,166,165,0.78431374,0.6509804,0.64705884,light
46,95,205,171,172,0.8039216,0.67058825,0.6745098,light
46,96,249,247,247,0.9764706,0.96862745,0.96862745,light
46,97,255,255,255,1.0,1.0,1.0,light
46,98,255,255,255,1.0,1.0,1.0,light
46,99,255,255,255,1.0,1.0,1.0,light
46,100,255,255,255,1.0,1.0,1.0,light
46,101,255,255,255,1.0,1.0,1.0,light
46,102,255,255,255,1.0,1.0,1.0,light
46,103,255,255,255,1.0,1.0,1.0,light
46,104,255,255,255,1.0,1.0,1.0,light
46,105,255,255,255,1.0,1.0,1.0,light
46,106,255,255,255,1.0,1.0,1.0,light
46,107,255,255,255,1.0,1.0,1.0,light
46,108,255,255,255,1.0,1.0,1.0,light
46,109,255,255,255,1.0,1.0,1.0,light
46,110,255,255,255,1.0,1.0,1.0,light
46,111,255,255,255,1.0,1.0,1.0,light
46,112,255,255,255,1.0,1.0,1.0,light
46,113,255,255,255,1.0,1.0,1.0,light
46,114,255,255,255,1.0,1.0,1.0,light
46,115,255,255,255,1.0,1.0,1.0,light
46,116,255,255,255,1.0,1.0,1.0,light
46,117,255,255,255,1.0,1.0,1.0,light
46,118,255,255,255,1.0,1.0,1.0,light
46,119,255,255,255,1.0,1.0,1.0,light
46,120,255,255,255,1.0,1.0,1.0,light
46,121,255,255,255,1.0,1.0,1.0,light
46,122,255,255,255,1.0,1.0,1.0,light
46,123,255,255,255,1.0,1.0,1.0,light
46,124,255,255,255,1.0,1.0,1.0,light
46,125,255,255,255,1.0,1.0,1.0,light
46,126,255,255,255,1.0,1.0,1.0,light
46,127,255,255,255,1.0,1.0,1.0,light
47,0,255,255,255,1.0,1.0,1.0,light
47,1,255,255,255,1.0,1.0,1.0,light
47,2,255,255,255,1.0,1.0,1.0,light
47,3,255,255,255,1.0,1.0,1.0,light
47,4,255,255,255,1.0,1.0,1.0,light
47,5,255,255,255,1.0,1.0,1.0,light
47,6,255,255,255,1.0,1.0,1.0,light
47,7,255,255,255,1.0,1.0,1.0,light
47,8,255,255,255,1.0,1.0,1.0,light
47,9,255,255,255,1.0,1.0,1.0,light
47,10,255,255,255,1.0,1.0,1.0,light
47,11,255,255,255,1.0,1.0,1.0,light
47,12,255,255,255,1.0,1.0,1.0,light
47,13,255,255,255,1.0,1.0,1.0,light
47,14,255,255,255,1.0,1.0,1.0,light
47,15,255,255,255,1.0,1.0,1.0,light
47,16,255,255,255,1.0,1.0,1.0,light
47,17,255,255,255,1.0,1.0,1.0,light
47,18,255,255,255,1.0,1.0,1.0,light
47,19,255,255,255,1.0,1.0,1.0,light
47,20,255,255,255,1.0,1.0,1.0,light
47,21,255,255,255,1.0,1.0,1.0,light
47,22,255,255,255,1.0,1.0,1.0,light
47,23,255,255,255,1.0,1.0,1.0,light
47,24,255,255,255,1.0,1.0,1.0,light
47,25,255,255,255,1.0,1.0,1.0,light
47,26,255,255,255,1.0,1.0,1.0,light
47,27,255,255,255,1.0,1.0,1.0,light
47,28,255,255,255,1.0,1.0,1.0,light
47,29,255,255,255,1.0,1.0,1.0,light
47,30,255,255,255,1.0,1.0,1.0,light
47,31,255,255,255,1.0,1.0,1.0,light
47,32,255,255,255,1.0,1.0,1.0,light
47,33,255,255,255,1.0,1.0,1.0,light
47,34,255,255,255,1.0,1.0,1.0,light
47,35,255,255,255,1.0,1.0,1.0,light
47,36,255,255,255,1.0,1.0,1.0,light
47,37,255,255,255,1.0,1.0,1.0,light
47,38,255,255,255,1.0,1.0,1.0,light
47,39,255,255,255,1.0,1.0,1.0,light
47,40,255,255,255,1.0,1.0,1.0,light
47,41,255,255,255,1.0,1.0,1.0,light
47,42,212,207,215,0.83137256,0.8117647,0.84313726,light
47,43,119,103,128,0.46666667,0.40392157,0.5019608,mid
47,44,154,141,154,0.6039216,0.5529412,0.6039216,mid
47,45,255,248,232,1.0,0.972549,0.9098039,light
47,46,255,247,230,1.0,0.96862745,0.9019608,light
47,47,255,246,229,1.0,0.9647059,0.8980392,light
47,48,255,246,229,1.0,0.9647059,0.8980392,light
47,49,255,247,230,1.0,0.96862745,0.9019608,light
47,50,255,247,230,1.0,0.96862745,0.9019608,light
47,51,105,101,104,0.4117647,0.39607844,0.40784314,mid
47,52,61,54,67,0.23921569,0.21176471,0.2627451,dark
47,53,39,35,49,0.15294118,0.13725491,0.19215687,dark
47,54,23,22,36,0.09019608,0.08627451,0.14117648,dark
47,55,30,28,40,0.11764706,0.10980392,0.15686275,dark
47,56,33,33,41,0.12941177,0.12941177,0.16078432,dark
47,57,43,39,51,0.16862746,0.15294118,0.2,dark
47,58,58,51,66,0.22745098,0.2,0.25882354,dark
47,59,45,43,56,0.1764706,0.16862746,0.21960784,dark
47,60,15,18,30,0.05882353,0.07058824,0.11764706,dark
47,61,61,59,63,0.23921569,0.23137255,0.24705882,dark
47,62,248,239,227,0.972549,0.9372549,0.8901961,light
47,63,248,236,225,0.972549,0.9254902,0.88235295,light
47,64,203,175,173,0.79607844,0.6862745,0.6784314,light
47,65,201,167,169,0.7882353,0.654902,0.6627451,light
47,66,202,168,170,0.7921569,0.65882355,0.6666667,light
47,67,202,168,170,0.7921569,0.65882355,0.6666667,light
47,68,201,169,169,0.7882353,0.6627451,0.6627451,light
47,69,199,166,167,0.78039217,0.6509804,0.654902,light
47,70,229,213,205,0.8980392,0.8352941,0.8039216,light
47,71,252,251,237,0.9882353,0.9843137,0.92941177,light
47,72,160,151,150,0.627451,0.5921569,0.5882353,mid
47,73,48,41,58,0.1882353,0.16078432,0.22745098,dark
47,74,35,33,41,0.13725491,0.12941177,0.16078432,dark
47,75,0,0,0,0.0,0.0,0.0,dark
47,76,2,3,2,0.007843138,0.011764706,0.007843138,dark
47,77,12,9,9,0.047058824,0.03529412,0.03529412,dark
47,78,18,14,18,0.07058824,0.05490196,0.07058824,dark
47,79,53,48,62,0.20784314,0.1882353,0.24313726,dark
47,80,57,50,65,0.22352941,0.19607843,0.25490198,dark
47,81,56,50,64,0.21960784,0.19607843,0.2509804,dark
47,82,55,50,65,0.21568628,0.19607843,0.25490198,dark
47,83,62,57,70,0.24313726,0.22352941,0.27450982,dark
47,84,60,52,64,0.23529412,0.20392157,0.2509804,dark
47,85,192,183,176,0.7529412,0.7176471,0.6901961,light
47,86,255,253,235,1.0,0.99215686,0.92156863,light
47,87,255,246,229,1.0,0.9647059,0.8980392,light
47,88,255,246,229,1.0,0.9647059,0.8980392,light
47,89,255,246,229,1.0,0.9647059,0.8980392,light
47,90,255,246,229,1.0,0.9647059,0.8980392,light
47,91,255,246,229,1.0,0.9647059,0.8980392,light
47,92,255,249,231,1.0,0.9764706,0.90588236,light
47,93,245,234,219,0.9607843,0.91764706,0.85882354,light
47,94,200,166,165,0.78431374,0.6509804,0.64705884,light
47,95,205,171,172,0.8039216,0.67058825,0.6745098,light
47,96,249,247,247,0.9764706,0.96862745,0.96862745,light
47,97,255,255,255,1.0,1.0,1.0,light
47,98,255,255,255,1.0,1.0,1.0,light
47,99,255,255,255,1.0,1.0,1.0,light
47,100,255,255,255,1.0,1.0,1.0,light
47,101,255,255,255,1.0,1.0,1.0,light
47,102,255,255,255,1.0,1.0,1.0,light
47,103,255,255,255,1.0,1.0,1.0,light
47,104,255,255,255,1.0,1.0,1.0,light
47,105,255,255,255,1.0,1.0,1.0,light
47,106,255,255,255,1.0,1.0,1.0,light
47,107,255,255,255,1.0,1.0,1.0,light
47,108,255,255,255,1.0,1.0,1.0,light
47,109,255,255,255,1.0,1.0,1.0,light
47,110,255,255,255,1.0,1.0,1.0,light
47,111,255,255,255,1.0,1.0,1.0,light
47,112,255,255,255,1.0,1.0,1.0,light
47,113,255,255,255,1.0,1.0,1.0,light
47,114,255,255,255,1.0,1.0,1.0,light
47,115,255,255,255,1.0,1.0,1.0,light
47,116,255,255,255,1.0,1.0,1.0,light
47,117,255,255,255,1.0,1.0,1.0,light
47,118,255,255,255,1.0,1.0,1.0,light
47,119,255,255,255,1.0,1.0,1.0,light
47,120,255,255,255,1.0,1.0,1.0,light
47,121,255,255,255,1.0,1.0,1.0,light
47,122,255,255,255,1.0,1.0,1.0,light
47,123,255,255,255,1.0,1.0,1.0,light
47,124,255,255,255,1.0,1.0,1.0,light
47,125,255,255,255,1.0,1.0,1.0,light
47,126,255,255,255,1.0,1.0,1.0,light
47,127,255,255,255,1.0,1.0,1.0,light
48,0,255,255,255,1.0,1.0,1.0,light
48,1,255,255,255,1.0,1.0,1.0,light
48,2,255,255,255,1.0,1.0,1.0,light
48,3,255,255,255,1.0,1.0,1.0,light
48,4,255,255,255,1.0,1.0,1.0,light
48,5,255,255,255,1.0,1.0,1.0,light
48,6,255,255,255,1.0,1.0,1.0,light
48,7,255,255,255,1.0,1.0,1.0,light
48,8,255,255,255,1.0,1.0,1.0,light
48,9,255,255,255,1.0,1.0,1.0,light
48,10,255,255,255,1.0,1.0,1.0,light
48,11,255,255,255,1.0,1.0,1.0,light
48,12,255,255,255,1.0,1.0,1.0,light
48,13,255,255,255,1.0,1.0,1.0,light
48,14,255,255,255,1.0,1.0,1.0,light
48,15,255,255,255,1.0,1.0,1.0,light
48,16,255,255,255,1.0,1.0,1.0,light
48,17,255,255,255,1.0,1.0,1.0,light
48,18,255,255,255,1.0,1.0,1.0,light
48,19,255,255,255,1.0,1.0,1.0,light
48,20,255,255,255,1.0,1.0,1.0,light
48,21,255,255,255,1.0,1.0,1.0,light
48,22,255,255,255,1.0,1.0,1.0,light
48,23,255,255,255,1.0,1.0,1.0,light
48,24,255,255,255,1.0,1.0,1.0,light
48,25,255,255,255,1.0,1.0,1.0,light
48,26,255,255,255,1.0,1.0,1.0,light
48,27,255,255,255,1.0,1.0,1.0,light
48,28,255,255,255,1.0,1.0,1.0,light
48,29,255,255,255,1.0,1.0,1.0,light
48,30,255,255,255,1.0,1.0,1.0,light
48,31,255,255,255,1.0,1.0,1.0,light
48,32,255,255,255,1.0,1.0,1.0,light
48,33,255,255,255,1.0,1.0,1.0,light
48,34,255,255,255,1.0,1.0,1.0,light
48,35,255,255,255,1.0,1.0,1.0,light
48,36,255,255,255,1.0,1.0,1.0,light
48,37,255,255,255,1.0,1.0,1.0,light
48,38,255,255,255,1.0,1.0,1.0,light
48,39,255,255,255,1.0,1.0,1.0,light
48,40,255,255,255,1.0,1.0,1.0,light
48,41,255,255,255,1.0,1.0,1.0,light
48,42,214,209,217,0.8392157,0.81960785,0.8509804,light
48,43,126,111,134,0.49411765,0.43529412,0.5254902,mid
48,44,158,146,157,0.61960787,0.57254905,0.6156863,mid
48,45,249,239,230,0.9764706,0.9372549,0.9019608,light
48,46,250,241,228,0.98039216,0.94509804,0.89411765,light
48,47,255,246,229,1.0,0.9647059,0.8980392,light
48,48,255,246,230,1.0,0.9647059,0.9019608,light
48,49,255,247,229,1.0,0.96862745,0.8980392,light
48,50,255,247,230,1.0,0.96862745,0.9019608,light
48,51,97,92,98,0.38039216,0.36078432,0.38431373,mid
48,52,49,44,58,0.19215687,0.17254902,0.22745098,dark
48,53,36,33,46,0.14117648,0.12941177,0.18039216,dark
48,54,26,24,38,0.101960786,0.09411765,0.14901961,dark
48,55,25,24,38,0.09803922,0.09411765,0.14901961,dark
48,56,22,23,36,0.08627451,0.09019608,0.14117648,dark
48,57,38,34,48,0.14901961,0.13333334,0.1882353,dark
48,58,58,51,65,0.22745098,0.2,0.25490198,dark
48,59,49,46,59,0.19215687,0.18039216,0.23137255,dark
48,60,29,30,39,0.11372549,0.11764706,0.15294118,dark
48,61,72,70,70,0.28235295,0.27450982,0.27450982,dark
48,62,248,246,229,0.972549,0.9647059,0.8980392,light
48,63,251,241,226,0.9843137,0.94509804,0.8862745,light
48,64,204,175,174,0.8,0.6862745,0.68235296,light
48,65,203,166,170,0.79607844,0.6509804,0.6666667,light
48,66,202,168,170,0.7921569,0.65882355,0.6666667,light
48,67,202,168,170,0.7921569,0.65882355,0.6666667,light
48,68,203,168,168,0.79607844,0.65882355,0.65882355,light
48,69,200,166,165,0.78431374,0.6509804,0.64705884,light
48,70,231,216,205,0.90588236,0.84705883,0.8039216,light
48,71,255,255,240,1.0,1.0,0.9411765,light
48,72,166,159,155,0.6509804,0.62352943,0.60784316,mid
48,73,60,52,63,0.23529412,0.20392157,0.24705882,dark
48,74,45,40,47,0.1764706,0.15686275,0.18431373,dark
48,75,3,2,5,0.011764706,0.007843138,0.019607844,dark
48,76,2,2,3,0.007843138,0.007843138,0.011764706,dark
48,77,0,1,2,0.0,0.003921569,0.007843138,dark
48,78,8,8,12,0.03137255,0.03137255,0.047058824,dark
48,79,52,49,60,0.20392157,0.19215687,0.23529412,dark
48,80,57,50,65,0.22352941,0.19607843,0.25490198,dark
48,81,56,50,64,0.21960784,0.19607843,0.2509804,dark
48,82,55,50,64,0.21568628,0.19607843,0.2509804,dark
48,83,54,49,62,0.21176471,0.19215687,0.24313726,dark
48,84,47,41,56,0.18431373,0.16078432,0.21960784,dark
48,85,187,179,173,0.73333335,0.7019608,0.6784314,light
48,86,255,253,235,1.0,0.99215686,0.92156863,light
48,87,255,246,229,1.0,0.9647059,0.8980392,light
48,88,255,246,229,1.0,0.9647059,0.8980392,light
48,89,255,246,229,1.0,0.9647059,0.8980392,light
48,90,255,246,230,1.0,0.9647059,0.9019608,light
48,91,252,245,230,0.9882353,0.9607843,0.9019608,light
48,92,251,245,227,0.9843137,0.9607843,0.8901961,light
48,93,243,228,220,0.9529412,0.89411765,0.8627451,light
48,94,201,165,166,0.7882353,0.64705884,0.6509804,light
48,95,204,172,173,0.8,0.6745098,0.6784314,light
48,96,249,247,247,0.9764706,0.96862745,0.96862745,light
48,97,255,255,255,1.0,1.0,1.0,light
48,98,255,255,255,1.0,1.0,1.0,light
48,99,255,255,255,1.0,1.0,1.0,light
48,100,255,255,255,1.0,1.0,1.0,light
48,101,255,255,255,1.0,1.0,1.0,light
48,102,255,255,255,1.0,1.0,1.0,light
48,103,255,255,255,1.0,1.0,1.0,light
48,104,255,255,255,1.0,1.0,1.0,light
48,105,255,255,255,1.0,1.0,1.0,light
48,106,255,255,255,1.0,1.0,1.0,light
48,107,255,255,255,1.0,1.0,1.0,light
48,108,255,255,255,1.0,1.0,1.0,light
48,109,255,255,255,1.0,1.0,1.0,light
48,110,255,255,255,1.0,1.0,1.0,light
48,111,255,255,255,1.0,1.0,1.0,light
48,112,255,255,255,1.0,1.0,1.0,light
48,113,255,255,255,1.0,1.0,1.0,light
48,114,255,255,255,1.0,1.0,1.0,light
48,115,255,255,255,1.0,1.0,1.0,light
48,116,255,255,255,1.0,1.0,1.0,light
48,117,255,255,255,1.0,1.0,1.0,light
48,118,255,255,255,1.0,1.0,1.0,light
48,119,255,255,255,1.0,1.0,1.0,light
48,120,255,255,255,1.0,1.0,1.0,light
48,121,255,255,255,1.0,1.0,1.0,light
48,122,255,255,255,1.0,1.0,1.0,light
48,123,255,255,255,1.0,1.0,1.0,light
48,124,255,255,255,1.0,1.0,1.0,light
48,125,255,255,255,1.0,1.0,1.0,light
48,126,255,255,255,1.0,1.0,1.0,light
48,127,255,255,255,1.0,1.0,1.0,light
49,0,255,255,255,1.0,1.0,1.0,light
49,1,255,255,255,1.0,1.0,1.0,light
49,2,255,255,255,1.0,1.0,1.0,light
49,3,255,255,255,1.0,1.0,1.0,light
49,4,255,255,255,1.0,1.0,1.0,light
49,5,255,255,255,1.0,1.0,1.0,light
49,6,255,255,255,1.0,1.0,1.0,light
49,7,255,255,255,1.0,1.0,1.0,light
49,8,255,255,255,1.0,1.0,1.0,light
49,9,255,255,255,1.0,1.0,1.0,light
49,10,255,255,255,1.0,1.0,1.0,light
49,11,255,255,255,1.0,1.0,1.0,light
49,12,255,255,255,1.0,1.0,1.0,light
49,13,255,255,255,1.0,1.0,1.0,light
49,14,255,255,255,1.0,1.0,1.0,light
49,15,255,255,255,1.0,1.0,1.0,light
49,16,255,255,255,1.0,1.0,1.0,light
49,17,255,255,255,1.0,1.0,1.0,light
49,18,255,255,255,1.0,1.0,1.0,light
49,19,255,255,255,1.0,1.0,1.0,light
49,20,255,255,255,1.0,1.0,1.0,light
49,21,255,255,255,1.0,1.0,1.0,light
49,22,255,255,255,1.0,1.0,1.0,light
49,23,255,255,255,1.0,1.0,1.0,light
49,24,255,255,255,1.0,1.0,1.0,light
49,25,255,255,255,1.0,1.0,1.0,light
49,26,255,255,255,1.0,1.0,1.0,light
49,27,255,255,255,1.0,1.0,1.0,light
49,28,255,255,255,1.0,1.0,1.0,light
49,29,255,255,255,1.0,1.0,1.0,light
49,30,255,255,255,1.0,1.0,1.0,light
49,31,255,255,255,1.0,1.0,1.0,light
49,32,255,255,255,1.0,1.0,1.0,light
49,33,255,255,255,1.0,1.0,1.0,light
49,34,255,255,255,1.0,1.0,1.0,light
49,35,255,255,255,1.0,1.0,1.0,light
49,36,255,255,255,1.0,1.0,1.0,light
49,37,255,255,255,1.0,1.0,1.0,light
49,38,255,255,255,1.0,1.0,1.0,light
49,39,255,255,255,1.0,1.0,1.0,light
49,40,255,255,255,1.0,1.0,1.0,light
49,41,255,255,255,1.0,1.0,1.0,light
49,42,250,249,250,0.98039216,0.9764706,0.98039216,light
49,43,239,238,240,0.9372549,0.93333334,0.9411765,light
49,44,217,213,218,0.8509804,0.8352941,0.85490197,light
49,45,140,127,141,0.54901963,0.49803922,0.5529412,mid
49,46,156,143,155,0.6117647,0.56078434,0.60784316,mid
49,47,250,240,229,0.98039216,0.9411765,0.8980392,light
49,48,255,247,231,1.0,0.96862745,0.90588236,light
49,49,255,247,229,1.0,0.96862745,0.8980392,light
49,50,255,247,230,1.0,0.96862745,0.9019608,light
49,51,100,92,100,0.39215687,0.36078432,0.39215687,mid
49,52,50,45,60,0.19607843,0.1764706,0.23529412,dark
49,53,52,48,62,0.20392157,0.1882353,0.24313726,dark
49,54,50,47,61,0.19607843,0.18431373,0.23921569,dark
49,55,51,47,61,0.2,0.18431373,0.23921569,dark
49,56,51,47,61,0.2,0.18431373,0.23921569,dark
49,57,54,48,62,0.21176471,0.1882353,0.24313726,dark
49,58,51,45,59,0.2,0.1764706,0.23137255,dark
49,59,102,97,104,0.4,0.38039216,0.40784314,mid
49,60,227,223,211,0.8901961,0.8745098,0.827451,light
49,61,231,224,211,0.90588236,0.8784314,0.827451,light
49,62,253,246,228,0.99215686,0.9647059,0.89411765,light
49,63,254,247,226,0.99607843,0.96862745,0.8862745,light
49,64,248,236,223,0.972549,0.9254902,0.8745098,light
49,65,247,235,222,0.96862745,0.92156863,0.87058824,light
49,66,247,236,222,0.96862745,0.9254902,0.87058824,light
49,67,247,236,222,0.96862745,0.9254902,0.87058824,light
49,68,247,236,223,0.96862745,0.9254902,0.8745098,light
49,69,247,235,223,0.96862745,0.92156863,0.8745098,light
49,70,251,241,228,0.9843137,0.94509804,0.89411765,light
49,71,255,247,231,1.0,0.96862745,0.90588236,light
49,72,243,236,222,0.9529412,0.9254902,0.87058824,light
49,73,231,229,218,0.90588236,0.8980392,0.85490197,light
49,74,169,163,159,0.6627451,0.6392157,0.62352943,mid
49,75,43,37,48,0.16862746,0.14509805,0.1882353,dark
49,76,48,44,55,0.1882353,0.17254902,0.21568628,dark
49,77,49,44,55,0.19215687,0.17254902,0.21568628,dark
49,78,50,45,59,0.19607843,0.1764706,0.23137255,dark
49,79,56,50,64,0.21960784,0.19607843,0.2509804,dark
49,80,56,50,64,0.21960784,0.19607843,0.2509804,dark
49,81,56,50,64,0.21960784,0.19607843,0.2509804,dark
49,82,56,50,64,0.21960784,0.19607843,0.2509804,dark
49,83,56,50,64,0.21960784,0.19607843,0.2509804,dark
49,84,49,43,58,0.19215687,0.16862746,0.22745098,dark
49,85,188,180,174,0.7372549,0.7058824,0.68235296,light
49,86,255,253,235,1.0,0.99215686,0.92156863,light
49,87,255,246,229,1.0,0.9647059,0.8980392,light
49,88,255,246,229,1.0,0.9647059,0.8980392,light
49,89,255,246,229,1.0,0.9647059,0.8980392,light
49,90,255,248,231,1.0,0.972549,0.90588236,light
49,91,238,226,215,0.93333334,0.8862745,0.84313726,light
49,92,203,176,169,0.79607844,0.6901961,0.6627451,light
49,93,208,172,173,0.8156863,0.6745098,0.6784314,light
49,94,201,164,166,0.7882353,0.6431373,0.6509804,light
49,95,203,172,174,0.79607844,0.6745098,0.68235296,light
49,96,249,247,248,0.9764706,0.96862745,0.972549,light
49,97,255,255,255,1.0,1.0,1.0,light
49,98,255,255,255,1.0,1.0,1.0,light
49,99,255,255,255,1.0,1.0,1.0,light
49,100,255,255,255,1.0,1.0,1.0,light
49,101,255,255,255,1.0,1.0,1.0,light
49,102,255,255,255,1.0,1.0,1.0,light
49,103,255,255,255,1.0,1.0,1.0,light
49,104,255,255,255,1.0,1.0,1.0,light
49,105,255,255,255,1.0,1.0,1.0,light
49,106,255,255,255,1.0,1.0,1.0,light
49,107,255,255,255,1.0,1.0,1.0,light
49,108,255,255,255,1.0,1.0,1.0,light
49,109,255,255,255,1.0,1.0,1.0,light
49,110,255,255,255,1.0,1.0,1.0,light
49,111,255,255,255,1.0,1.0,1.0,light
49,112,255,255,255,1.0,1.0,1.0,light
49,113,255,255,255,1.0,1.0,1.0,light
49,114,255,255,255,1.0,1.0,1.0,light
49,115,255,255,255,1.0,1.0,1.0,light
49,116,255,255,255,1.0,1.0,1.0,light
49,117,255,255,255,1.0,1.0,1.0,light
49,118,255,255,255,1.0,1.0,1.0,light
49,119,255,255,255,1.0,1.0,1.0,light
49,120,255,255,255,1.0,1.0,1.0,light
49,121,255,255,255,1.0,1.0,1.0,light
49,122,255,255,255,1.0,1.0,1.0,light
49,123,255,255,255,1.0,1.0,1.0,light
49,124,255,255,255,1.0,1.0,1.0,light
49,125,255,255,255,1.0,1.0,1.0,light
49,126,255,255,255,1.0,1.0,1.0,light
49,127,255,255,255,1.0,1.0,1.0,light
50,0,255,255,255,1.0,1.0,1.0,light
50,1,255,255,255,1.0,1.0,1.0,light
50,2,255,255,255,1.0,1.0,1.0,light
50,3,255,255,255,1.0,1.0,1.0,light
50,4,255,255,255,1.0,1.0,1.0,light
50,5,255,255,255,1.0,1.0,1.0,light
50,6,255,255,255,1.0,1.0,1.0,light
50,7,255,255,255,1.0,1.0,1.0,light
50,8,255,255,255,1.0,1.0,1.0,light
50,9,255,255,255,1.0,1.0,1.0,light
50,10,255,255,255,1.0,1.0,1.0,light
50,11,255,255,255,1.0,1.0,1.0,light
50,12,255,255,255,1.0,1.0,1.0,light
50,13,255,255,255,1.0,1.0,1.0,light
50,14,255,255,255,1.0,1.0,1.0,light
50,15,255,255,255,1.0,1.0,1.0,light
50,16,255,255,255,1.0,1.0,1.0,light
50,17,255,255,255,1.0,1.0,1.0,light
50,18,255,255,255,1.0,1.0,1.0,light
50,19,255,255,255,1.0,1.0,1.0,light
50,20,255,255,255,1.0,1.0,1.0,light
50,21,255,255,255,1.0,1.0,1.0,light
50,22,255,255,255,1.0,1.0,1.0,light
50,23,255,255,255,1.0,1.0,1.0,light
50,24,255,255,255,1.0,1.0,1.0,light
50,25,255,255,255,1.0,1.0,1.0,light
50,26,255,255,255,1.0,1.0,1.0,light
50,27,255,255,255,1.0,1.0,1.0,light
50,28,255,255,255,1.0,1.0,1.0,light
50,29,255,255,255,1.0,1.0,1.0,light
50,30,255,255,255,1.0,1.0,1.0,light
50,31,255,255,255,1.0,1.0,1.0,light
50,32,255,255,255,1.0,1.0,1.0,light
50,33,255,255,255,1.0,1.0,1.0,light
50,34,255,255,255,1.0,1.0,1.0,light
50,35,255,255,255,1.0,1.0,1.0,light
50,36,255,255,255,1.0,1.0,1.0,light
50,37,255,255,255,1.0,1.0,1.0,light
50,38,255,255,255,1.0,1.0,1.0,light
50,39,255,255,255,1.0,1.0,1.0,light
50,40,255,255,255,1.0,1.0,1.0,light
50,41,255,255,255,1.0,1.0,1.0,light
50,42,255,255,255,1.0,1.0,1.0,light
50,43,255,255,255,1.0,1.0,1.0,light
50,44,228,225,229,0.89411765,0.88235295,0.8980392,light
50,45,123,107,133,0.48235294,0.41960785,0.52156866,mid
50,46,141,126,145,0.5529412,0.49411765,0.5686275,mid
50,47,249,240,226,0.9764706,0.9411765,0.8862745,light
50,48,255,247,230,1.0,0.96862745,0.9019608,light
50,49,255,247,230,1.0,0.96862745,0.9019608,light
50,50,255,247,230,1.0,0.96862745,0.9019608,light
50,51,100,92,100,0.39215687,0.36078432,0.39215687,mid
50,52,50,45,60,0.19607843,0.1764706,0.23529412,dark
50,53,54,50,64,0.21176471,0.19607843,0.2509804,dark
50,54,56,50,65,0.21960784,0.19607843,0.25490198,dark
50,55,56,50,65,0.21960784,0.19607843,0.25490198,dark
50,56,56,50,65,0.21960784,0.19607843,0.25490198,dark
50,57,56,50,64,0.21960784,0.19607843,0.2509804,dark
50,58,50,44,59,0.19607843,0.17254902,0.23137255,dark
50,59,111,105,111,0.43529412,0.4117647,0.43529412,mid
50,60,255,255,238,1.0,1.0,0.93333334,light
50,61,255,250,230,1.0,0.98039216,0.9019608,light
50,62,255,246,229,1.0,0.9647059,0.8980392,light
50,63,255,247,228,1.0,0.96862745,0.89411765,light
50,64,255,248,230,1.0,0.972549,0.9019608,light
50,65,255,248,230,1.0,0.972549,0.9019608,light
50,66,255,247,230,1.0,0.96862745,0.9019608,light
50,67,255,247,230,1.0,0.96862745,0.9019608,light
50,68,255,247,231,1.0,0.96862745,0.90588236,light
50,69,255,248,231,1.0,0.972549,0.90588236,light
50,70,255,246,230,1.0,0.9647059,0.9019608,light
50,71,255,245,229,1.0,0.9607843,0.8980392,light
50,72,255,247,230,1.0,0.96862745,0.9019608,light
50,73,255,255,238,1.0,1.0,0.93333334,light
50,74,191,183,175,0.7490196,0.7176471,0.6862745,light
50,75,51,41,58,0.2,0.16078432,0.22745098,dark
50,76,56,49,64,0.21960784,0.19215687,0.2509804,dark
50,77,57,50,64,0.22352941,0.19607843,0.2509804,dark
50,78,57,49,67,0.22352941,0.19215687,0.2627451,dark
50,79,57,49,66,0.22352941,0.19215687,0.25882354,dark
50,80,56,50,64,0.21960784,0.19607843,0.2509804,dark
50,81,56,50,64,0.21960784,0.19607843,0.2509804,dark
50,82,56,50,64,0.21960784,0.19607843,0.2509804,dark
50,83,56,50,64,0.21960784,0.19607843,0.2509804,dark
50,84,49,43,58,0.19215687,0.16862746,0.22745098,dark
50,85,188,180,174,0.7372549,0.7058824,0.68235296,light
50,86,255,253,235,1.0,0.99215686,0.92156863,light
50,87,255,246,229,1.0,0.9647059,0.8980392,light
50,88,255,246,229,1.0,0.9647059,0.8980392,light
50,89,255,246,229,1.0,0.9647059,0.8980392,light
50,90,255,248,231,1.0,0.972549,0.90588236,light
50,91,238,223,213,0.93333334,0.8745098,0.8352941,light
50,92,200,162,165,0.78431374,0.63529414,0.64705884,light
50,93,202,163,165,0.7921569,0.6392157,0.64705884,light
50,94,201,164,165,0.7882353,0.6431373,0.64705884,light
50,95,203,172,174,0.79607844,0.6745098,0.68235296,light
50,96,249,247,248,0.9764706,0.96862745,0.972549,light
50,97,255,255,255,1.0,1.0,1.0,light
50,98,255,255,255,1.0,1.0,1.0,light
50,99,255,255,255,1.0,1.0,1.0,light
50,100,255,255,255,1.0,1.0,1.0,light
50,101,255,255,255,1.0,1.0,1.0,light
50,102,255,255,255,1.0,1.0,1.0,light
50,103,255,255,255,1.0,1.0,1.0,light
50,104,255,255,255,1.0,1.0,1.0,light
50,105,255,255,255,1.0,1.0,1.0,light
50,106,255,255,255,1.0,1.0,1.0,light
50,107,255,255,255,1.0,1.0,1.0,light
50,108,255,255,255,1.0,1.0,1.0,light
50,109,255,255,255,1.0,1.0,1.0,light
50,110,255,255,255,1.0,1.0,1.0,light
50,111,255,255,255,1.0,1.0,1.0,light
50,112,255,255,255,1.0,1.0,1.0,light
50,113,255,255,255,1.0,1.0,1.0,light
50,114,255,255,255,1.0,1.0,1.0,light
50,115,255,255,255,1.0,1.0,1.0,light
50,116,255,255,255,1.0,1.0,1.0,light
50,117,255,255,255,1.0,1.0,1.0,light
50,118,255,255,255,1.0,1.0,1.0,light
50,119,255,255,255,1.0,1.0,1.0,light
50,120,255,255,255,1.0,1.0,1.0,light
50,121,255,255,255,1.0,1.0,1.0,light
50,122,255,255,255,1.0,1.0,1.0,light
50,123,255,255,255,1.0,1.0,1.0,light
50,124,255,255,255,1.0,1.0,1.0,light
50,125,255,255,255,1.0,1.0,1.0,light
50,126,255,255,255,1.0,1.0,1.0,light
50,127,255,255,255,1.0,1.0,1.0,light
51,0,255,255,255,1.0,1.0,1.0,light
51,1,255,255,255,1.0,1.0,1.0,light
51,2,255,255,255,1.0,1.0,1.0,light
51,3,255,255,255,1.0,1.0,1.0,light
51,4,255,255,255,1.0,1.0,1.0,light
51,5,255,255,255,1.0,1.0,1.0,light
51,6,255,255,255,1.0,1.0,1.0,light
51,7,255,255,255,1.0,1.0,1.0,light
51,8,255,255,255,1.0,1.0,1.0,light
51,9,255,255,255,1.0,1.0,1.0,light
51,10,255,255,255,1.0,1.0,1.0,light
51,11,255,255,255,1.0,1.0,1.0,light
51,12,255,255,255,1.0,1.0,1.0,light
51,13,255,255,255,1.0,1.0,1.0,light
51,14,255,255,255,1.0,1.0,1.0,light
51,15,255,255,255,1.0,1.0,1.0,light
51,16,255,255,255,1.0,1.0,1.0,light
51,17,255,255,255,1.0,1.0,1.0,light
51,18,255,255,255,1.0,1.0,1.0,light
51,19,255,255,255,1.0,1.0,1.0,light
51,20,255,255,255,1.0,1.0,1.0,light
51,21,255,255,255,1.0,1.0,1.0,light
51,22,255,255,255,1.0,1.0,1.0,light
51,23,255,255,255,1.0,1.0,1.0,light
51,24,255,255,255,1.0,1.0,1.0,light
51,25,255,255,255,1.0,1.0,1.0,light
51,26,255,255,255,1.0,1.0,1.0,light
51,27,255,255,255,1.0,1.0,1.0,light
51,28,255,255,255,1.0,1.0,1.0,light
51,29,255,255,255,1.0,1.0,1.0,light
51,30,255,255,255,1.0,1.0,1.0,light
51,31,255,255,255,1.0,1.0,1.0,light
51,32,255,255,255,1.0,1.0,1.0,light
51,33,255,255,255,1.0,1.0,1.0,light
51,34,255,255,255,1.0,1.0,1.0,light
51,35,255,255,255,1.0,1.0,1.0,light
51,36,255,255,255,1.0,1.0,1.0,light
51,37,255,255,255,1.0,1.0,1.0,light
51,38,255,255,255,1.0,1.0,1.0,light
51,39,255,255,255,1.0,1.0,1.0,light
51,40,254,255,255,0.99607843,1.0,1.0,light
51,41,255,255,255,1.0,1.0,1.0,light
51,42,221,217,223,0.8666667,0.8509804,0.8745098,light
51,43,152,140,157,0.59607846,0.54901963,0.6156863,mid
51,44,149,137,155,0.58431375,0.5372549,0.60784316,mid
51,45,127,110,134,0.49803922,0.43137255,0.5254902,mid
51,46,144,129,145,0.5647059,0.5058824,0.5686275,mid
51,47,248,241,226,0.972549,0.94509804,0.8862745,light
51,48,255,247,230,1.0,0.96862745,0.9019608,light
51,49,254,247,230,0.99607843,0.96862745,0.9019608,light
51,50,255,248,231,1.0,0.972549,0.90588236,light
51,51,100,92,96,0.39215687,0.36078432,0.3764706,mid
51,52,50,44,60,0.19607843,0.17254902,0.23529412,dark
51,53,54,50,64,0.21176471,0.19607843,0.2509804,dark
51,54,56,50,64,0.21960784,0.19607843,0.2509804,dark
51,55,56,50,64,0.21960784,0.19607843,0.2509804,dark
51,56,56,50,64,0.21960784,0.19607843,0.2509804,dark
51,57,56,50,64,0.21960784,0.19607843,0.2509804,dark
51,58,50,44,59,0.19607843,0.17254902,0.23137255,dark
51,59,110,104,109,0.43137255,0.40784314,0.42745098,mid
51,60,255,251,233,1.0,0.9843137,0.9137255,light
51,61,255,246,229,1.0,0.9647059,0.8980392,light
51,62,255,246,229,1.0,0.9647059,0.8980392,light
51,63,255,246,229,1.0,0.9647059,0.8980392,light
51,64,255,246,229,1.0,0.9647059,0.8980392,light
51,65,255,246,229,1.0,0.9647059,0.8980392,light
51,66,255,246,229,1.0,0.9647059,0.8980392,light
51,67,255,246,229,1.0,0.9647059,0.8980392,light
51,68,255,246,229,1.0,0.9647059,0.8980392,light
51,69,254,247,229,0.99607843,0.96862745,0.8980392,light
51,70,254,246,229,0.99607843,0.9647059,0.8980392,light
51,71,255,245,229,1.0,0.9607843,0.8980392,light
51,72,255,246,229,1.0,0.9647059,0.8980392,light
51,73,255,248,231,1.0,0.972549,0.90588236,light
51,74,241,232,217,0.94509804,0.9098039,0.8509804,light
51,75,211,205,196,0.827451,0.8039216,0.76862746,light
51,76,178,170,165,0.69803923,0.6666667,0.64705884,light
51,77,55,49,63,0.21568628,0.19215687,0.24705882,dark
51,78,55,49,64,0.21568628,0.19215687,0.2509804,dark
51,79,56,50,64,0.21960784,0.19607843,0.2509804,dark
51,80,56,50,64,0.21960784,0.19607843,0.2509804,dark
51,81,56,50,64,0.21960784,0.19607843,0.2509804,dark
51,82,55,50,63,0.21568628,0.19607843,0.24705882,dark
51,83,54,50,65,0.21176471,0.19607843,0.25490198,dark
51,84,50,43,56,0.19607843,0.16862746,0.21960784,dark
51,85,189,180,172,0.7411765,0.7058824,0.6745098,light
51,86,255,253,235,1.0,0.99215686,0.92156863,light
51,87,255,246,229,1.0,0.9647059,0.8980392,light
51,88,255,246,229,1.0,0.9647059,0.8980392,light
51,89,255,247,228,1.0,0.96862745,0.89411765,light
51,90,255,250,230,1.0,0.98039216,0.9019608,light
51,91,238,224,211,0.93333334,0.8784314,0.827451,light
51,92,200,163,167,0.78431374,0.6392157,0.654902,light
51,93,201,165,167,0.7882353,0.64705884,0.654902,light
51,94,201,163,165,0.7882353,0.6392157,0.64705884,light
51,95,203,172,176,0.79607844,0.6745098,0.6901961,light
51,96,249,247,247,0.9764706,0.96862745,0.96862745,light
51,97,255,255,255,1.0,1.0,1.0,light
51,98,255,255,255,1.0,1.0,1.0,light
51,99,255,255,255,1.0,1.0,1.0,light
51,100,255,255,255,1.0,1.0,1.0,light
51,101,255,255,255,1.0,1.0,1.0,light
51,102,255,255,255,1.0,1.0,1.0,light
51,103,255,255,255,1.0,1.0,1.0,light
51,104,255,255,255,1.0,1.0,1.0,light
51,105,255,255,255,1.0,1.0,1.0,light
51,106,255,255,255,1.0,1.0,1.0,light
51,107,255,255,255,1.0,1.0,1.0,light
51,108,255,255,255,1.0,1.0,1.0,light
51,109,255,255,255,1.0,1.0,1.0,light
51,110,255,255,255,1.0,1.0,1.0,light
51,111,255,255,255,1.0,1.0,1.0,light
51,112,255,255,255,1.0,1.0,1.0,light
51,113,255,255,255,1.0,1.0,1.0,light
51,114,255,255,255,1.0,1.0,1.0,light
51,115,255,255,255,1.0,1.0,1.0,light
51,116,255,255,255,1.0,1.0,1.0,light
51,117,255,255,255,1.0,1.0,1.0,light
51,118,255,255,255,1.0,1.0,1.0,light
51,119,255,255,255,1.0,1.0,1.0,light
51,120,255,255,255,1.0,1.0,1.0,light
51,121,255,255,255,1.0,1.0,1.0,light
51,122,255,255,255,1.0,1.0,1.0,light
51,123,255,255,255,1.0,1.0,1.0,light
51,124,255,255,255,1.0,1.0,1.0,light
51,125,255,255,255,1.0,1.0,1.0,light
51,126,255,255,255,1.0,1.0,1.0,light
51,127,255,255,255,1.0,1.0,1.0,light
52,0,255,255,255,1.0,1.0,1.0,light
52,1,255,255,255,1.0,1.0,1.0,light
52,2,255,255,255,1.0,1.0,1.0,light
52,3,255,255,255,1.0,1.0,1.0,light
52,4,255,255,255,1.0,1.0,1.0,light
52,5,255,255,255,1.0,1.0,1.0,light
52,6,255,255,255,1.0,1.0,1.0,light
52,7,255,255,255,1.0,1.0,1.0,light
52,8,255,255,255,1.0,1.0,1.0,light
52,9,255,255,255,1.0,1.0,1.0,light
52,10,255,255,255,1.0,1.0,1.0,light
52,11,255,255,255,1.0,1.0,1.0,light
52,12,255,255,255,1.0,1.0,1.0,light
52,13,255,255,255,1.0,1.0,1.0,light
52,14,255,255,255,1.0,1.0,1.0,light
52,15,255,255,255,1.0,1.0,1.0,light
52,16,255,255,255,1.0,1.0,1.0,light
52,17,255,255,255,1.0,1.0,1.0,light
52,18,255,255,255,1.0,1.0,1.0,light
52,19,255,255,255,1.0,1.0,1.0,light
52,20,255,255,255,1.0,1.0,1.0,light
52,21,255,255,255,1.0,1.0,1.0,light
52,22,255,255,255,1.0,1.0,1.0,light
52,23,255,255,255,1.0,1.0,1.0,light
52,24,255,255,255,1.0,1.0,1.0,light
52,25,255,255,255,1.0,1.0,1.0,light
52,26,255,255,255,1.0,1.0,1.0,light
52,27,255,255,255,1.0,1.0,1.0,light
52,28,255,255,255,1.0,1.0,1.0,light
52,29,255,255,255,1.0,1.0,1.0,light
52,30,255,255,255,1.0,1.0,1.0,light
52,31,255,255,255,1.0,1.0,1.0,light
52,32,255,255,255,1.0,1.0,1.0,light
52,33,255,255,255,1.0,1.0,1.0,light
52,34,255,255,255,1.0,1.0,1.0,light
52,35,255,255,255,1.0,1.0,1.0,light
52,36,255,255,255,1.0,1.0,1.0,light
52,37,255,255,255,1.0,1.0,1.0,light
52,38,255,255,255,1.0,1.0,1.0,light
52,39,254,255,254,0.99607843,1.0,0.99607843,light
52,40,253,255,254,0.99215686,1.0,0.99607843,light
52,41,255,255,255,1.0,1.0,1.0,light
52,42,212,206,214,0.83137256,0.80784315,0.8392157,light
52,43,116,99,124,0.45490196,0.3882353,0.4862745,mid
52,44,121,106,129,0.4745098,0.41568628,0.5058824,mid
52,45,122,106,132,0.47843137,0.41568628,0.5176471,mid
52,46,140,125,145,0.54901963,0.49019608,0.5686275,mid
52,47,250,243,228,0.98039216,0.9529412,0.89411765,light
52,48,255,250,230,1.0,0.98039216,0.9019608,light
52,49,252,249,229,0.9882353,0.9764706,0.8980392,light
52,50,255,247,234,1.0,0.96862745,0.91764706,light
52,51,96,86,94,0.3764706,0.3372549,0.36862746,mid
52,52,45,37,52,0.1764706,0.14509805,0.20392157,dark
52,53,53,48,62,0.20784314,0.1882353,0.24313726,dark
52,54,56,50,64,0.21960784,0.19607843,0.2509804,dark
52,55,56,50,64,0.21960784,0.19607843,0.2509804,dark
52,56,56,50,64,0.21960784,0.19607843,0.2509804,dark
52,57,56,50,64,0.21960784,0.19607843,0.2509804,dark
52,58,50,44,59,0.19607843,0.17254902,0.23137255,dark
52,59,110,104,111,0.43137255,0.40784314,0.43529412,mid
52,60,255,250,235,1.0,0.98039216,0.92156863,light
52,61,255,248,230,1.0,0.972549,0.9019608,light
52,62,255,253,237,1.0,0.99215686,0.92941177,light
52,63,255,253,236,1.0,0.99215686,0.9254902,light
52,64,255,253,236,1.0,0.99215686,0.9254902,light
52,65,255,253,236,1.0,0.99215686,0.9254902,light
52,66,255,254,236,1.0,0.99607843,0.9254902,light
52,67,255,254,236,1.0,0.99607843,0.9254902,light
52,68,255,254,236,1.0,0.99607843,0.9254902,light
52,69,255,253,236,1.0,0.99215686,0.9254902,light
52,70,255,253,236,1.0,0.99215686,0.9254902,light
52,71,255,255,238,1.0,1.0,0.93333334,light
52,72,255,251,234,1.0,0.9843137,0.91764706,light
52,73,255,245,228,1.0,0.9607843,0.89411765,light
52,74,255,248,231,1.0,0.972549,0.90588236,light
52,75,255,255,238,1.0,1.0,0.93333334,light
52,76,216,207,197,0.84705883,0.8117647,0.77254903,light
52,77,55,49,63,0.21568628,0.19215687,0.24705882,dark
52,78,55,49,64,0.21568628,0.19215687,0.2509804,dark
52,79,56,50,64,0.21960784,0.19607843,0.2509804,dark
52,80,56,50,64,0.21960784,0.19607843,0.2509804,dark
52,81,56,50,64,0.21960784,0.19607843,0.2509804,dark
52,82,56,50,64,0.21960784,0.19607843,0.2509804,dark
52,83,51,45,59,0.2,0.1764706,0.23137255,dark
52,84,44,35,50,0.17254902,0.13725491,0.19607843,dark
52,85,187,177,171,0.73333335,0.69411767,0.67058825,light
52,86,255,253,235,1.0,0.99215686,0.92156863,light
52,87,255,246,229,1.0,0.9647059,0.8980392,light
52,88,254,247,228,0.99607843,0.96862745,0.89411765,light
52,89,255,248,230,1.0,0.972549,0.9019608,light
52,90,255,251,236,1.0,0.9843137,0.9254902,light
52,91,238,226,215,0.93333334,0.8862745,0.84313726,light
52,92,199,164,164,0.78039217,0.6431373,0.6431373,light
52,93,202,164,167,0.7921569,0.6431373,0.654902,light
52,94,199,161,166,0.78039217,0.6313726,0.6509804,light
52,95,198,171,175,0.7764706,0.67058825,0.6862745,light
52,96,249,247,246,0.9764706,0.96862745,0.9647059,light
52,97,255,255,255,1.0,1.0,1.0,light
52,98,255,255,255,1.0,1.0,1.0,light
52,99,255,255,255,1.0,1.0,1.0,light
52,100,255,255,255,1.0,1.0,1.0,light
52,101,255,255,255,1.0,1.0,1.0,light
52,102,255,255,255,1.0,1.0,1.0,light
52,103,255,255,255,1.0,1.0,1.0,light
52,104,255,255,255,1.0,1.0,1.0,light
52,105,255,255,255,1.0,1.0,1.0,light
52,106,255,255,255,1.0,1.0,1.0,light
52,107,255,255,255,1.0,1.0,1.0,light
52,108,255,255,255,1.0,1.0,1.0,light
52,109,255,255,255,1.0,1.0,1.0,light
52,110,255,255,255,1.0,1.0,1.0,light
52,111,255,255,255,1.0,1.0,1.0,light
52,112,255,255,255,1.0,1.0,1.0,light
52,113,255,255,255,1.0,1.0,1.0,light
52,114,255,255,255,1.0,1.0,1.0,light
52,115,255,255,255,1.0,1.0,1.0,light
52,116,255,255,255,1.0,1.0,1.0,light
52,117,255,255,255,1.0,1.0,1.0,light
52,118,255,255,255,1.0,1.0,1.0,light
52,119,255,255,255,1.0,1.0,1.0,light
52,120,255,255,255,1.0,1.0,1.0,light
52,121,255,255,255,1.0,1.0,1.0,light
52,122,255,255,255,1.0,1.0,1.0,light
52,123,255,255,255,1.0,1.0,1.0,light
52,124,255,255,255,1.0,1.0,1.0,light
52,125,255,255,255,1.0,1.0,1.0,light
52,126,255,255,255,1.0,1.0,1.0,light
52,127,255,255,255,1.0,1.0,1.0,light
53,0,255,255,255,1.0,1.0,1.0,light
53,1,255,255,255,1.0,1.0,1.0,light
53,2,255,255,255,1.0,1.0,1.0,light
53,3,255,255,255,1.0,1.0,1.0,light
53,4,255,255,255,1.0,1.0,1.0,light
53,5,255,255,255,1.0,1.0,1.0,light
53,6,255,255,255,1.0,1.0,1.0,light
53,7,255,255,255,1.0,1.0,1.0,light
53,8,255,255,255,1.0,1.0,1.0,light
53,9,255,255,255,1.0,1.0,1.0,light
53,10,255,255,255,1.0,1.0,1.0,light
53,11,255,255,255,1.0,1.0,1.0,light
53,12,255,255,255,1.0,1.0,1.0,light
53,13,255,255,255,1.0,1.0,1.0,light
53,14,255,255,255,1.0,1.0,1.0,light
53,15,255,255,255,1.0,1.0,1.0,light
53,16,255,255,255,1.0,1.0,1.0,light
53,17,255,255,255,1.0,1.0,1.0,light
53,18,255,255,255,1.0,1.0,1.0,light
53,19,255,255,255,1.0,1.0,1.0,light
53,20,255,255,255,1.0,1.0,1.0,light
53,21,255,255,255,1.0,1.0,1.0,light
53,22,255,255,255,1.0,1.0,1.0,light
53,23,255,255,255,1.0,1.0,1.0,light
53,24,255,255,255,1.0,1.0,1.0,light
53,25,255,255,255,1.0,1.0,1.0,light
53,26,255,255,255,1.0,1.0,1.0,light
53,27,255,255,255,1.0,1.0,1.0,light
53,28,255,255,255,1.0,1.0,1.0,light
53,29,255,255,255,1.0,1.0,1.0,light
53,30,255,255,255,1.0,1.0,1.0,light
53,31,255,255,255,1.0,1.0,1.0,light
53,32,255,255,255,1.0,1.0,1.0,light
53,33,255,255,255,1.0,1.0,1.0,light
53,34,255,255,255,1.0,1.0,1.0,light
53,35,255,255,255,1.0,1.0,1.0,light
53,36,255,255,255,1.0,1.0,1.0,light
53,37,255,255,255,1.0,1.0,1.0,light
53,38,255,255,255,1.0,1.0,1.0,light
53,39,255,255,255,1.0,1.0,1.0,light
53,40,214,209,215,0.8392157,0.81960785,0.84313726,light
53,41,163,155,168,0.6392157,0.60784316,0.65882355,mid
53,42,184,173,183,0.72156864,0.6784314,0.7176471,light
53,43,211,202,202,0.827451,0.7921569,0.7921569,light
53,44,212,201,200,0.83137256,0.7882353,0.78431374,light
53,45,211,202,200,0.827451,0.7921569,0.78431374,light
53,46,212,199,200,0.83137256,0.78039217,0.78431374,light
53,47,215,193,187,0.84313726,0.75686276,0.73333335,light
53,48,218,195,190,0.85490197,0.7647059,0.74509805,light
53,49,249,239,225,0.9764706,0.9372549,0.88235295,light
53,50,255,248,229,1.0,0.972549,0.8980392,light
53,51,203,195,185,0.79607844,0.7647059,0.7254902,light
53,52,187,183,177,0.73333335,0.7176471,0.69411767,light
53,53,100,94,100,0.39215687,0.36862746,0.39215687,mid
53,54,51,45,59,0.2,0.1764706,0.23137255,dark
53,55,56,50,64,0.21960784,0.19607843,0.2509804,dark
53,56,56,50,64,0.21960784,0.19607843,0.2509804,dark
53,57,56,50,64,0.21960784,0.19607843,0.2509804,dark
53,58,50,44,59,0.19607843,0.17254902,0.23137255,dark
53,59,111,104,111,0.43529412,0.40784314,0.43529412,mid
53,60,255,253,237,1.0,0.99215686,0.92941177,light
53,61,227,223,209,0.8901961,0.8745098,0.81960785,light
53,62,105,101,102,0.4117647,0.39607844,0.4,mid
53,63,101,99,100,0.39607844,0.3882353,0.39215687,mid
53,64,102,99,100,0.4,0.3882353,0.39215687,mid
53,65,102,99,100,0.4,0.3882353,0.39215687,mid
53,66,102,99,100,0.4,0.3882353,0.39215687,mid
53,67,102,100,100,0.4,0.39215687,0.39215687,mid
53,68,102,100,100,0.4,0.39215687,0.39215687,mid
53,69,102,100,100,0.4,0.39215687,0.39215687,mid
53,70,102,99,101,0.4,0.3882353,0.39607844,mid
53,71,96,94,96,0.3764706,0.36862746,0.3764706,mid
53,72,175,167,162,0.6862745,0.654902,0.63529414,mid
53,73,255,252,236,1.0,0.9882353,0.9254902,light
53,74,255,246,229,1.0,0.9647059,0.8980392,light
53,75,255,251,234,1.0,0.9843137,0.91764706,light
53,76,212,203,193,0.83137256,0.79607844,0.75686276,light
53,77,55,49,63,0.21568628,0.19215687,0.24705882,dark
53,78,55,49,64,0.21568628,0.19215687,0.2509804,dark
53,79,56,50,64,0.21960784,0.19607843,0.2509804,dark
53,80,56,50,64,0.21960784,0.19607843,0.2509804,dark
53,81,55,50,64,0.21568628,0.19607843,0.2509804,dark
53,82,55,49,61,0.21568628,0.19215687,0.23921569,dark
53,83,158,152,152,0.61960787,0.59607846,0.59607846,mid
53,84,187,182,174,0.73333335,0.7137255,0.68235296,light
53,85,233,224,210,0.9137255,0.8784314,0.8235294,light
53,86,255,248,231,1.0,0.972549,0.90588236,light
53,87,255,246,229,1.0,0.9647059,0.8980392,light
53,88,255,249,230,1.0,0.9764706,0.9019608,light
53,89,238,224,212,0.93333334,0.8784314,0.83137256,light
53,90,216,191,188,0.84705883,0.7490196,0.7372549,light
53,91,213,184,183,0.8352941,0.72156864,0.7176471,light
53,92,203,162,161,0.79607844,0.63529414,0.6313726,light
53,93,206,175,175,0.80784315,0.6862745,0.6862745,light
53,94,233,223,224,0.9137255,0.8745098,0.8784314,light
53,95,234,227,226,0.91764706,0.8901961,0.8862745,light
53,96,252,251,248,0.9882353,0.9843137,0.972549,light
53,97,255,255,255,1.0,1.0,1.0,light
53,98,255,255,255,1.0,1.0,1.0,light
53,99,255,255,255,1.0,1.0,1.0,light
53,100,255,255,255,1.0,1.0,1.0,light
53,101,255,255,255,1.0,1.0,1.0,light
53,102,255,255,255,1.0,1.0,1.0,light
53,103,255,255,255,1.0,1.0,1.0,light
53,104,255,255,255,1.0,1.0,1.0,light
53,105,255,255,255,1.0,1.0,1.0,light
53,106,255,255,255,1.0,1.0,1.0,light
53,107,255,255,255,1.0,1.0,1.0,light
53,108,255,255,255,1.0,1.0,1.0,light
53,109,255,255,255,1.0,1.0,1.0,light
53,110,255,255,255,1.0,1.0,1.0,light
53,111,255,255,255,1.0,1.0,1.0,light
53,112,255,255,255,1.0,1.0,1.0,light
53,113,255,255,255,1.0,1.0,1.0,light
53,114,255,255,255,1.0,1.0,1.0,light
53,115,255,255,255,1.0,1.0,1.0,light
53,116,255,255,255,1.0,1.0,1.0,light
53,117,255,255,255,1.0,1.0,1.0,light
53,118,255,255,255,1.0,1.0,1.0,light
53,119,255,255,255,1.0,1.0,1.0,light
53,120,255,255,255,1.0,1.0,1.0,light
53,121,255,255,255,1.0,1.0,1.0,light
53,122,255,255,255,1.0,1.0,1.0,light
53,123,255,255,255,1.0,1.0,1.0,light
53,124,255,255,255,1.0,1.0,1.0,light
53,125,255,255,255,1.0,1.0,1.0,light
53,126,255,255,255,1.0,1.0,1.0,light
53,127,255,255,255,1.0,1.0,1.0,light
54,0,255,255,255,1.0,1.0,1.0,light
54,1,255,255,255,1.0,1.0,1.0,light
54,2,255,255,255,1.0,1.0,1.0,light
54,3,255,255,255,1.0,1.0,1.0,light
54,4,255,255,255,1.0,1.0,1.0,light
54,5,255,255,255,1.0,1.0,1.0,light
54,6,255,255,255,1.0,1.0,1.0,light
54,7,255,255,255,1.0,1.0,1.0,light
54,8,255,255,255,1.0,1.0,1.0,light
54,9,255,255,255,1.0,1.0,1.0,light
54,10,255,255,255,1.0,1.0,1.0,light
54,11,255,255,255,1.0,1.0,1.0,light
54,12,255,255,255,1.0,1.0,1.0,light
54,13,255,255,255,1.0,1.0,1.0,light
54,14,255,255,255,1.0,1.0,1.0,light
54,15,255,255,255,1.0,1.0,1.0,light
54,16,255,255,255,1.0,1.0,1.0,light
54,17,255,255,255,1.0,1.0,1.0,light
54,18,255,255,255,1.0,1.0,1.0,light
54,19,255,255,255,1.0,1.0,1.0,light
54,20,255,255,255,1.0,1.0,1.0,light
54,21,255,255,255,1.0,1.0,1.0,light
54,22,255,255,255,1.0,1.0,1.0,light
54,23,255,255,255,1.0,1.0,1.0,light
54,24,255,255,255,1.0,1.0,1.0,light
54,25,255,255,255,1.0,1.0,1.0,light
54,26,255,255,255,1.0,1.0,1.0,light
54,27,255,255,255,1.0,1.0,1.0,light
54,28,255,255,255,1.0,1.0,1.0,light
54,29,255,255,255,1.0,1.0,1.0,light
54,30,255,255,255,1.0,1.0,1.0,light
54,31,255,255,255,1.0,1.0,1.0,light
54,32,255,255,255,1.0,1.0,1.0,light
54,33,255,255,255,1.0,1.0,1.0,light
54,34,255,255,255,1.0,1.0,1.0,light
54,35,255,255,255,1.0,1.0,1.0,light
54,36,255,255,255,1.0,1.0,1.0,light
54,37,253,255,254,0.99215686,1.0,0.99607843,light
54,38,255,255,255,1.0,1.0,1.0,light
54,39,255,255,255,1.0,1.0,1.0,light
54,40,193,187,195,0.75686276,0.73333335,0.7647059,light
54,41,108,91,116,0.42352942,0.35686275,0.45490196,mid
54,42,166,152,163,0.6509804,0.59607846,0.6392157,mid
54,43,255,255,237,1.0,1.0,0.92941177,light
54,44,255,254,233,1.0,0.99607843,0.9137255,light
54,45,255,255,242,1.0,1.0,0.9490196,light
54,46,255,248,233,1.0,0.972549,0.9137255,light
54,47,201,166,168,0.7882353,0.6509804,0.65882355,light
54,48,200,165,167,0.78431374,0.64705884,0.654902,light
54,49,247,236,221,0.96862745,0.9254902,0.8666667,light
54,50,255,247,231,1.0,0.96862745,0.90588236,light
54,51,255,253,235,1.0,0.99215686,0.92156863,light
54,52,255,255,244,1.0,1.0,0.95686275,light
54,53,120,113,117,0.47058824,0.44313726,0.45882353,mid
54,54,41,33,50,0.16078432,0.12941177,0.19607843,dark
54,55,48,41,58,0.1882353,0.16078432,0.22745098,dark
54,56,49,40,57,0.19215687,0.15686275,0.22352941,dark
54,57,52,45,59,0.20392157,0.1764706,0.23137255,dark
54,58,50,45,60,0.19607843,0.1764706,0.23529412,dark
54,59,114,104,109,0.44705883,0.40784314,0.42745098,mid
54,60,255,255,238,1.0,1.0,0.93333334,light
54,61,213,207,195,0.8352941,0.8117647,0.7647059,light
54,62,13,11,21,0.050980393,0.043137256,0.08235294,dark
54,63,7,6,21,0.02745098,0.023529412,0.08235294,dark
54,64,15,17,28,0.05882353,0.06666667,0.10980392,dark
54,65,16,17,29,0.0627451,0.06666667,0.11372549,dark
54,66,17,17,30,0.06666667,0.06666667,0.11764706,dark
54,67,17,17,30,0.06666667,0.06666667,0.11764706,dark
54,68,17,16,31,0.06666667,0.0627451,0.12156863,dark
54,69,17,17,31,0.06666667,0.06666667,0.12156863,dark
54,70,11,11,25,0.043137256,0.043137256,0.09803922,dark
54,71,0,0,10,0.0,0.0,0.039215688,dark
54,72,122,119,117,0.47843137,0.46666667,0.45882353,mid
54,73,255,255,240,1.0,1.0,0.9411765,light
54,74,255,246,229,1.0,0.9647059,0.8980392,light
54,75,255,251,234,1.0,0.9843137,0.91764706,light
54,76,210,201,191,0.8235294,0.7882353,0.7490196,light
54,77,47,40,55,0.18431373,0.15686275,0.21568628,dark
54,78,47,40,56,0.18431373,0.15686275,0.21960784,dark
54,79,48,41,57,0.1882353,0.16078432,0.22352941,dark
54,80,48,41,58,0.1882353,0.16078432,0.22745098,dark
54,81,47,40,58,0.18431373,0.15686275,0.22745098,dark
54,82,47,40,54,0.18431373,0.15686275,0.21176471,dark
54,83,214,208,200,0.8392157,0.8156863,0.78431374,light
54,84,255,255,240,1.0,1.0,0.9411765,light
54,85,255,248,232,1.0,0.972549,0.9098039,light
54,86,255,246,229,1.0,0.9647059,0.8980392,light
54,87,255,246,229,1.0,0.9647059,0.8980392,light
54,88,255,250,230,1.0,0.98039216,0.9019608,light
54,89,230,213,202,0.9019608,0.8352941,0.7921569,light
54,90,197,159,161,0.77254903,0.62352943,0.6313726,light
54,91,202,163,166,0.7921569,0.6392157,0.6509804,light
54,92,203,165,167,0.79607844,0.64705884,0.654902,light
54,93,211,185,185,0.827451,0.7254902,0.7254902,light
54,94,255,255,255,1.0,1.0,1.0,light
54,95,255,255,255,1.0,1.0,1.0,light
54,96,255,255,254,1.0,1.0,0.99607843,light
54,97,255,255,255,1.0,1.0,1.0,light
54,98,255,255,255,1.0,1.0,1.0,light
54,99,255,255,255,1.0,1.0,1.0,light
54,100,255,255,255,1.0,1.0,1.0,light
54,101,255,255,255,1.0,1.0,1.0,light
54,102,255,255,255,1.0,1.0,1.0,light
54,103,255,255,255,1.0,1.0,1.0,light
54,104,255,255,255,1.0,1.0,1.0,light
54,105,255,255,255,1.0,1.0,1.0,light
54,106,255,255,255,1.0,1.0,1.0,light
54,107,255,255,255,1.0,1.0,1.0,light
54,108,255,255,255,1.0,1.0,1.0,light
54,109,255,255,255,1.0,1.0,1.0,light
54,110,255,255,255,1.0,1.0,1.0,light
54,111,255,255,255,1.0,1.0,1.0,light
54,112,255,255,255,1.0,1.0,1.0,light
54,113,255,255,255,1.0,1.0,1.0,light
54,114,255,255,255,1.0,1.0,1.0,light
54,115,255,255,255,1.0,1.0,1.0,light
54,116,255,255,255,1.0,1.0,1.0,light
54,117,255,255,255,1.0,1.0,1.0,light
54,118,255,255,255,1.0,1.0,1.0,light
54,119,255,255,255,1.0,1.0,1.0,light
54,120,255,255,255,1.0,1.0,1.0,light
54,121,255,255,255,1.0,1.0,1.0,light
54,122,255,255,255,1.0,1.0,1.0,light
54,123,255,255,255,1.0,1.0,1.0,light
54,124,255,255,255,1.0,1.0,1.0,light
54,125,255,255,255,1.0,1.0,1.0,light
54,126,255,255,255,1.0,1.0,1.0,light
54,127,255,255,255,1.0,1.0,1.0,light
55,0,255,255,255,1.0,1.0,1.0,light
55,1,255,255,255,1.0,1.0,1.0,light
55,2,255,255,255,1.0,1.0,1.0,light
55,3,255,255,255,1.0,1.0,1.0,light
55,4,255,255,255,1.0,1.0,1.0,light
55,5,255,255,255,1.0,1.0,1.0,light
55,6,255,255,255,1.0,1.0,1.0,light
55,7,255,255,255,1.0,1.0,1.0,light
55,8,255,255,255,1.0,1.0,1.0,light
55,9,255,255,255,1.0,1.0,1.0,light
55,10,255,255,255,1.0,1.0,1.0,light
55,11,255,255,255,1.0,1.0,1.0,light
55,12,255,255,255,1.0,1.0,1.0,light
55,13,255,255,255,1.0,1.0,1.0,light
55,14,255,255,255,1.0,1.0,1.0,light
55,15,255,255,255,1.0,1.0,1.0,light
55,16,255,255,255,1.0,1.0,1.0,light
55,17,255,255,255,1.0,1.0,1.0,light
55,18,255,255,255,1.0,1.0,1.0,light
55,19,255,255,255,1.0,1.0,1.0,light
55,20,255,255,255,1.0,1.0,1.0,light
55,21,255,255,255,1.0,1.0,1.0,light
55,22,255,255,255,1.0,1.0,1.0,light
55,23,255,255,255,1.0,1.0,1.0,light
55,24,255,255,255,1.0,1.0,1.0,light
55,25,255,255,255,1.0,1.0,1.0,light
55,26,255,255,255,1.0,1.0,1.0,light
55,27,255,255,255,1.0,1.0,1.0,light
55,28,255,255,255,1.0,1.0,1.0,light
55,29,255,255,255,1.0,1.0,1.0,light
55,30,255,255,255,1.0,1.0,1.0,light
55,31,255,255,255,1.0,1.0,1.0,light
55,32,255,255,255,1.0,1.0,1.0,light
55,33,255,255,255,1.0,1.0,1.0,light
55,34,255,255,255,1.0,1.0,1.0,light
55,35,255,255,255,1.0,1.0,1.0,light
55,36,255,255,255,1.0,1.0,1.0,light
55,37,254,255,254,0.99607843,1.0,0.99607843,light
55,38,214,209,214,0.8392157,0.81960785,0.8392157,light
55,39,181,174,182,0.70980394,0.68235296,0.7137255,light
55,40,190,181,186,0.74509805,0.70980394,0.7294118,light
55,41,191,183,182,0.7490196,0.7176471,0.7137255,light
55,42,216,204,200,0.84705883,0.8,0.78431374,light
55,43,255,251,232,1.0,0.9843137,0.9098039,light
55,44,231,224,211,0.90588236,0.8784314,0.827451,light
55,45,147,141,141,0.5764706,0.5529412,0.5529412,mid
55,46,153,145,144,0.6,0.5686275,0.5647059,mid
55,47,199,163,165,0.78039217,0.6392157,0.64705884,light
55,48,203,169,168,0.79607844,0.6627451,0.65882355,light
55,49,247,237,221,0.96862745,0.92941177,0.8666667,light
55,50,255,247,231,1.0,0.96862745,0.90588236,light
55,51,255,246,230,1.0,0.9647059,0.9019608,light
55,52,255,249,233,1.0,0.9764706,0.9137255,light
55,53,193,186,179,0.75686276,0.7294118,0.7019608,light
55,54,159,151,149,0.62352943,0.5921569,0.58431375,mid
55,55,163,154,152,0.6392157,0.6039216,0.59607846,mid
55,56,163,159,156,0.6392157,0.62352943,0.6117647,mid
55,57,114,107,111,0.44705883,0.41960785,0.43529412,mid
55,58,27,25,39,0.105882354,0.09803922,0.15294118,dark
55,59,99,94,97,0.3882353,0.36862746,0.38039216,mid
55,60,255,253,236,1.0,0.99215686,0.9254902,light
55,61,237,229,214,0.92941177,0.8980392,0.8392157,light
55,62,151,146,141,0.5921569,0.57254905,0.5529412,mid
55,63,137,133,132,0.5372549,0.52156866,0.5176471,mid
55,64,35,34,43,0.13725491,0.13333334,0.16862746,dark
55,65,23,23,36,0.09019608,0.09019608,0.14117648,dark
55,66,25,25,37,0.09803922,0.09803922,0.14509805,dark
55,67,25,25,37,0.09803922,0.09803922,0.14509805,dark
55,68,25,25,38,0.09803922,0.09803922,0.14901961,dark
55,69,21,19,32,0.08235294,0.07450981,0.1254902,dark
55,70,98,95,99,0.38431373,0.37254903,0.3882353,mid
55,71,144,144,140,0.5647059,0.5647059,0.54901963,mid
55,72,197,192,181,0.77254903,0.7529412,0.70980394,light
55,73,255,251,234,1.0,0.9843137,0.91764706,light
55,74,255,246,229,1.0,0.9647059,0.8980392,light
55,75,255,248,231,1.0,0.972549,0.90588236,light
55,76,235,226,212,0.92156863,0.8862745,0.83137256,light
55,77,162,153,151,0.63529414,0.6,0.5921569,mid
55,78,162,153,151,0.63529414,0.6,0.5921569,mid
55,79,163,154,152,0.6392157,0.6039216,0.59607846,mid
55,80,163,154,152,0.6392157,0.6039216,0.59607846,mid
55,81,162,153,152,0.63529414,0.6,0.59607846,mid
55,82,162,154,151,0.63529414,0.6039216,0.5921569,mid
55,83,234,226,214,0.91764706,0.8862745,0.8392157,light
55,84,255,248,231,1.0,0.972549,0.90588236,light
55,85,255,246,229,1.0,0.9647059,0.8980392,light
55,86,255,246,229,1.0,0.9647059,0.8980392,light
55,87,255,246,229,1.0,0.9647059,0.8980392,light
55,88,255,250,230,1.0,0.98039216,0.9019608,light
55,89,231,214,203,0.90588236,0.8392157,0.79607844,light
55,90,200,162,165,0.78431374,0.63529414,0.64705884,light
55,91,192,157,162,0.7529412,0.6156863,0.63529414,mid
55,92,163,136,149,0.6392157,0.53333336,0.58431375,mid
55,93,156,136,149,0.6117647,0.53333336,0.58431375,mid
55,94,132,130,135,0.5176471,0.50980395,0.5294118,mid
55,95,142,142,145,0.5568628,0.5568628,0.5686275,mid
55,96,245,245,244,0.9607843,0.9607843,0.95686275,light
55,97,255,255,255,1.0,1.0,1.0,light
55,98,255,255,255,1.0,1.0,1.0,light
55,99,255,255,255,1.0,1.0,1.0,light
55,100,255,255,255,1.0,1.0,1.0,light
55,101,255,255,255,1.0,1.0,1.0,light
55,102,255,255,255,1.0,1.0,1.0,light
55,103,255,255,255,1.0,1.0,1.0,light
55,104,255,255,255,1.0,1.0,1.0,light
55,105,255,255,255,1.0,1.0,1.0,light
55,106,255,255,255,1.0,1.0,1.0,light
55,107,255,255,255,1.0,1.0,1.0,light
55,108,255,255,255,1.0,1.0,1.0,light
55,109,255,255,255,1.0,1.0,1.0,light
55,110,255,255,255,1.0,1.0,1.0,light
55,111,255,255,255,1.0,1.0,1.0,light
55,112,255,255,255,1.0,1.0,1.0,light
55,113,255,255,255,1.0,1.0,1.0,light
55,114,255,255,255,1.0,1.0,1.0,light
55,115,255,255,255,1.0,1.0,1.0,light
55,116,255,255,255,1.0,1.0,1.0,light
55,117,255,255,255,1.0,1.0,1.0,light
55,118,255,255,255,1.0,1.0,1.0,light
55,119,255,255,255,1.0,1.0,1.0,light
55,120,255,255,255,1.0,1.0,1.0,light
55,121,255,255,255,1.0,1.0,1.0,light
55,122,255,255,255,1.0,1.0,1.0,light
55,123,255,255,255,1.0,1.0,1.0,light
55,124,255,255,255,1.0,1.0,1.0,light
55,125,255,255,255,1.0,1.0,1.0,light
55,126,255,255,255,1.0,1.0,1.0,light
55,127,255,255,255,1.0,1.0,1.0,light
56,0,255,255,255,1.0,1.0,1.0,light
56,1,255,255,255,1.0,1.0,1.0,light
56,2,255,255,255,1.0,1.0,1.0,light
56,3,255,255,255,1.0,1.0,1.0,light
56,4,255,255,255,1.0,1.0,1.0,light
56,5,255,255,255,1.0,1.0,1.0,light
56,6,255,255,255,1.0,1.0,1.0,light
56,7,255,255,255,1.0,1.0,1.0,light
56,8,255,255,255,1.0,1.0,1.0,light
56,9,255,255,255,1.0,1.0,1.0,light
56,10,255,255,255,1.0,1.0,1.0,light
56,11,255,255,255,1.0,1.0,1.0,light
56,12,255,255,255,1.0,1.0,1.0,light
56,13,255,255,255,1.0,1.0,1.0,light
56,14,255,255,255,1.0,1.0,1.0,light
56,15,255,255,255,1.0,1.0,1.0,light
56,16,255,255,255,1.0,1.0,1.0,light
56,17,255,255,255,1.0,1.0,1.0,light
56,18,255,255,255,1.0,1.0,1.0,light
56,19,255,255,255,1.0,1.0,1.0,light
56,20,255,255,255,1.0,1.0,1.0,light
56,21,255,255,255,1.0,1.0,1.0,light
56,22,255,255,255,1.0,1.0,1.0,light
56,23,255,255,255,1.0,1.0,1.0,light
56,24,255,255,255,1.0,1.0,1.0,light
56,25,255,255,255,1.0,1.0,1.0,light
56,26,255,255,255,1.0,1.0,1.0,light
56,27,255,255,255,1.0,1.0,1.0,light
56,28,255,255,255,1.0,1.0,1.0,light
56,29,255,255,255,1.0,1.0,1.0,light
56,30,255,255,255,1.0,1.0,1.0,light
56,31,255,255,255,1.0,1.0,1.0,light
56,32,255,255,255,1.0,1.0,1.0,light
56,33,255,255,255,1.0,1.0,1.0,light
56,34,255,255,255,1.0,1.0,1.0,light
56,35,254,255,254,0.99607843,1.0,0.99607843,light
56,36,255,255,255,1.0,1.0,1.0,light
56,37,255,255,255,1.0,1.0,1.0,light
56,38,174,165,176,0.68235296,0.64705884,0.6901961,mid
56,39,109,89,115,0.42745098,0.34901962,0.4509804,mid
56,40,185,171,177,0.7254902,0.67058825,0.69411767,light
56,41,255,255,237,1.0,1.0,0.92941177,light
56,42,255,250,232,1.0,0.98039216,0.9098039,light
56,43,255,252,231,1.0,0.9882353,0.90588236,light
56,44,209,202,194,0.81960785,0.7921569,0.7607843,light
56,45,43,38,56,0.16862746,0.14901961,0.21960784,dark
56,46,65,57,69,0.25490198,0.22352941,0.27058825,dark
56,47,199,164,166,0.78039217,0.6431373,0.6509804,light
56,48,210,175,172,0.8235294,0.6862745,0.6745098,light
56,49,250,240,224,0.98039216,0.9411765,0.8784314,light
56,50,255,250,234,1.0,0.98039216,0.91764706,light
56,51,255,246,231,1.0,0.9647059,0.90588236,light
56,52,255,245,229,1.0,0.9607843,0.8980392,light
56,53,255,252,235,1.0,0.9882353,0.92156863,light
56,54,255,254,235,1.0,0.99607843,0.92156863,light
56,55,255,254,235,1.0,0.99607843,0.92156863,light
56,56,255,255,244,1.0,1.0,0.95686275,light
56,57,163,159,152,0.6392157,0.62352943,0.59607846,mid
56,58,0,0,11,0.0,0.0,0.043137256,dark
56,59,83,82,83,0.3254902,0.32156864,0.3254902,dark
56,60,255,255,243,1.0,1.0,0.9529412,light
56,61,255,255,237,1.0,1.0,0.92941177,light
56,62,255,255,239,1.0,1.0,0.9372549,light
56,63,244,237,223,0.95686275,0.92941177,0.8745098,light
56,64,37,34,42,0.14509805,0.13333334,0.16470589,dark
56,65,13,12,28,0.050980393,0.047058824,0.10980392,dark
56,66,16,16,30,0.0627451,0.0627451,0.11764706,dark
56,67,16,16,30,0.0627451,0.0627451,0.11764706,dark
56,68,15,16,30,0.05882353,0.0627451,0.11764706,dark
56,69,8,6,18,0.03137255,0.023529412,0.07058824,dark
56,70,164,159,154,0.6431373,0.62352943,0.6039216,mid
56,71,255,255,248,1.0,1.0,0.972549,light
56,72,255,252,234,1.0,0.9882353,0.91764706,light
56,73,255,246,229,1.0,0.9647059,0.8980392,light
56,74,255,246,229,1.0,0.9647059,0.8980392,light
56,75,255,246,229,1.0,0.9647059,0.8980392,light
56,76,255,249,231,1.0,0.9764706,0.90588236,light
56,77,255,255,238,1.0,1.0,0.93333334,light
56,78,255,255,238,1.0,1.0,0.93333334,light
56,79,255,255,238,1.0,1.0,0.93333334,light
56,80,255,255,238,1.0,1.0,0.93333334,light
56,81,255,254,235,1.0,0.99607843,0.92156863,light
56,82,255,255,236,1.0,1.0,0.9254902,light
56,83,255,248,231,1.0,0.972549,0.90588236,light
56,84,255,245,229,1.0,0.9607843,0.8980392,light
56,85,255,246,229,1.0,0.9647059,0.8980392,light
56,86,255,246,229,1.0,0.9647059,0.8980392,light
56,87,255,247,230,1.0,0.96862745,0.9019608,light
56,88,255,253,233,1.0,0.99215686,0.9137255,light
56,89,233,217,206,0.9137255,0.8509804,0.80784315,light
56,90,204,166,168,0.8,0.6509804,0.65882355,light
56,91,184,152,160,0.72156864,0.59607846,0.627451,mid
56,92,132,114,137,0.5176471,0.44705883,0.5372549,mid
56,93,111,97,120,0.43529412,0.38039216,0.47058824,mid
56,94,15,13,26,0.05882353,0.050980393,0.101960786,dark
56,95,34,33,42,0.13333334,0.12941177,0.16470589,dark
56,96,235,235,236,0.92156863,0.92156863,0.9254902,light
56,97,255,255,255,1.0,1.0,1.0,light
56,98,255,255,255,1.0,1.0,1.0,light
56,99,255,255,255,1.0,1.0,1.0,light
56,100,255,255,255,1.0,1.0,1.0,light
56,101,255,255,255,1.0,1.0,1.0,light
56,102,255,255,255,1.0,1.0,1.0,light
56,103,255,255,255,1.0,1.0,1.0,light
56,104,255,255,255,1.0,1.0,1.0,light
56,105,255,255,255,1.0,1.0,1.0,light
56,106,255,255,255,1.0,1.0,1.0,light
56,107,255,255,255,1.0,1.0,1.0,light
56,108,255,255,255,1.0,1.0,1.0,light
56,109,255,255,255,1.0,1.0,1.0,light
56,110,255,255,255,1.0,1.0,1.0,light
56,111,255,255,255,1.0,1.0,1.0,light
56,112,255,255,255,1.0,1.0,1.0,light
56,113,255,255,255,1.0,1.0,1.0,light
56,114,255,255,255,1.0,1.0,1.0,light
56,115,255,255,255,1.0,1.0,1.0,light
56,116,255,255,255,1.0,1.0,1.0,light
56,117,255,255,255,1.0,1.0,1.0,light
56,118,255,255,255,1.0,1.0,1.0,light
56,119,255,255,255,1.0,1.0,1.0,light
56,120,255,255,255,1.0,1.0,1.0,light
56,121,255,255,255,1.0,1.0,1.0,light
56,122,255,255,255,1.0,1.0,1.0,light
56,123,255,255,255,1.0,1.0,1.0,light
56,124,255,255,255,1.0,1.0,1.0,light
56,125,255,255,255,1.0,1.0,1.0,light
56,126,255,255,255,1.0,1.0,1.0,light
56,127,255,255,255,1.0,1.0,1.0,light
57,0,255,255,255,1.0,1.0,1.0,light
57,1,255,255,255,1.0,1.0,1.0,light
57,2,255,255,255,1.0,1.0,1.0,light
57,3,255,255,255,1.0,1.0,1.0,light
57,4,255,255,255,1.0,1.0,1.0,light
57,5,255,255,255,1.0,1.0,1.0,light
57,6,255,255,255,1.0,1.0,1.0,light
57,7,255,255,255,1.0,1.0,1.0,light
57,8,255,255,255,1.0,1.0,1.0,light
57,9,255,255,255,1.0,1.0,1.0,light
57,10,255,255,255,1.0,1.0,1.0,light
57,11,255,255,255,1.0,1.0,1.0,light
57,12,255,255,255,1.0,1.0,1.0,light
57,13,255,255,255,1.0,1.0,1.0,light
57,14,255,255,255,1.0,1.0,1.0,light
57,15,255,255,255,1.0,1.0,1.0,light
57,16,255,255,255,1.0,1.0,1.0,light
57,17,255,255,255,1.0,1.0,1.0,light
57,18,255,255,255,1.0,1.0,1.0,light
57,19,255,255,255,1.0,1.0,1.0,light
57,20,255,255,255,1.0,1.0,1.0,light
57,21,255,255,255,1.0,1.0,1.0,light
57,22,255,255,255,1.0,1.0,1.0,light
57,23,255,255,255,1.0,1.0,1.0,light
57,24,255,255,255,1.0,1.0,1.0,light
57,25,255,255,255,1.0,1.0,1.0,light
57,26,255,255,255,1.0,1.0,1.0,light
57,27,255,255,255,1.0,1.0,1.0,light
57,28,255,255,255,1.0,1.0,1.0,light
57,29,255,255,255,1.0,1.0,1.0,light
57,30,255,255,255,1.0,1.0,1.0,light
57,31,255,255,255,1.0,1.0,1.0,light
57,32,255,255,255,1.0,1.0,1.0,light
57,33,255,255,255,1.0,1.0,1.0,light
57,34,255,255,255,1.0,1.0,1.0,light
57,35,253,254,252,0.99215686,0.99607843,0.9882353,light
57,36,216,213,216,0.84705883,0.8352941,0.84705883,light
57,37,200,195,202,0.78431374,0.7647059,0.7921569,light
57,38,188,178,184,0.7372549,0.69803923,0.72156864,light
57,39,174,161,170,0.68235296,0.6313726,0.6666667,mid
57,40,213,202,202,0.8352941,0.7921569,0.7921569,light
57,41,255,250,231,1.0,0.98039216,0.90588236,light
57,42,255,246,230,1.0,0.9647059,0.9019608,light
57,43,255,251,235,1.0,0.9843137,0.92156863,light
57,44,211,204,195,0.827451,0.8,0.7647059,light
57,45,52,48,64,0.20392157,0.1882353,0.2509804,dark
57,46,68,56,70,0.26666668,0.21960784,0.27450982,dark
57,47,138,116,121,0.5411765,0.45490196,0.4745098,mid
57,48,149,123,127,0.58431375,0.48235294,0.49803922,mid
57,49,219,203,195,0.85882354,0.79607844,0.7647059,light
57,50,231,215,206,0.90588236,0.84313726,0.80784315,light
57,51,250,238,225,0.98039216,0.93333334,0.88235295,light
57,52,255,247,230,1.0,0.96862745,0.9019608,light
57,53,255,246,229,1.0,0.9647059,0.8980392,light
57,54,255,246,229,1.0,0.9647059,0.8980392,light
57,55,255,246,229,1.0,0.9647059,0.8980392,light
57,56,255,251,234,1.0,0.9843137,0.91764706,light
57,57,197,193,182,0.77254903,0.75686276,0.7137255,light
57,58,109,107,106,0.42745098,0.41960785,0.41568628,mid
57,59,130,125,125,0.50980395,0.49019608,0.49019608,mid
57,60,160,156,153,0.627451,0.6117647,0.6,mid
57,61,177,173,164,0.69411767,0.6784314,0.6431373,light
57,62,253,246,229,0.99215686,0.9647059,0.8980392,light
57,63,244,236,221,0.95686275,0.9254902,0.8666667,light
57,64,129,124,121,0.5058824,0.4862745,0.4745098,mid
57,65,115,112,112,0.4509804,0.4392157,0.4392157,mid
57,66,116,114,113,0.45490196,0.44705883,0.44313726,mid
57,67,116,114,113,0.45490196,0.44705883,0.44313726,mid
57,68,116,114,114,0.45490196,0.44705883,0.44705883,mid
57,69,112,108,108,0.4392157,0.42352942,0.42352942,mid
57,70,197,193,182,0.77254903,0.75686276,0.7137255,light
57,71,255,251,234,1.0,0.9843137,0.91764706,light
57,72,255,246,229,1.0,0.9647059,0.8980392,light
57,73,255,246,229,1.0,0.9647059,0.8980392,light
57,74,255,246,229,1.0,0.9647059,0.8980392,light
57,75,255,247,230,1.0,0.96862745,0.9019608,light
57,76,250,239,224,0.98039216,0.9372549,0.8784314,light
57,77,231,213,205,0.90588236,0.8352941,0.8039216,light
57,78,231,213,205,0.90588236,0.8352941,0.8039216,light
57,79,231,213,205,0.90588236,0.8352941,0.8039216,light
57,80,230,216,205,0.9019608,0.84705883,0.8039216,light
57,81,252,241,227,0.9882353,0.94509804,0.8901961,light
57,82,255,246,229,1.0,0.9647059,0.8980392,light
57,83,255,246,229,1.0,0.9647059,0.8980392,light
57,84,255,246,229,1.0,0.9647059,0.8980392,light
57,85,254,246,230,0.99607843,0.9647059,0.9019608,light
57,86,255,247,230,1.0,0.96862745,0.9019608,light
57,87,241,228,214,0.94509804,0.89411765,0.8392157,light
57,88,231,214,204,0.90588236,0.8392157,0.8,light
57,89,207,185,185,0.8117647,0.7254902,0.7254902,light
57,90,172,143,156,0.6745098,0.56078434,0.6117647,mid
57,91,149,125,137,0.58431375,0.49019608,0.5372549,mid
57,92,88,76,94,0.34509805,0.29803923,0.36862746,dark
57,93,76,69,85,0.29803923,0.27058825,0.33333334,dark
57,94,23,23,35,0.09019608,0.09019608,0.13725491,dark
57,95,42,42,52,0.16470589,0.16470589,0.20392157,dark
57,96,236,237,237,0.9254902,0.92941177,0.92941177,light
57,97,255,255,255,1.0,1.0,1.0,light
57,98,255,255,255,1.0,1.0,1.0,light
57,99,255,255,255,1.0,1.0,1.0,light
57,100,255,255,255,1.0,1.0,1.0,light
57,101,255,255,255,1.0,1.0,1.0,light
57,102,255,255,255,1.0,1.0,1.0,light
57,103,255,255,255,1.0,1.0,1.0,light
57,104,255,255,255,1.0,1.0,1.0,light
57,105,255,255,255,1.0,1.0,1.0,light
57,106,255,255,255,1.0,1.0,1.0,light
57,107,255,255,255,1.0,1.0,1.0,light
57,108,255,255,255,1.0,1.0,1.0,light
57,109,255,255,255,1.0,1.0,1.0,light
57,110,255,255,255,1.0,1.0,1.0,light
57,111,255,255,255,1.0,1.0,1.0,light
57,112,255,255,255,1.0,1.0,1.0,light
57,113,255,255,255,1.0,1.0,1.0,light
57,114,255,255,255,1.0,1.0,1.0,light
57,115,255,255,255,1.0,1.0,1.0,light
57,116,255,255,255,1.0,1.0,1.0,light
57,117,255,255,255,1.0,1.0,1.0,light
57,118,255,255,255,1.0,1.0,1.0,light
57,119,255,255,255,1.0,1.0,1.0,light
57,120,255,255,255,1.0,1.0,1.0,light
57,121,255,255,255,1.0,1.0,1.0,light
57,122,255,255,255,1.0,1.0,1.0,light
57,123,255,255,255,1.0,1.0,1.0,light
57,124,255,255,255,1.0,1.0,1.0,light
57,125,255,255,255,1.0,1.0,1.0,light
57,126,255,255,255,1.0,1.0,1.0,light
57,127,255,255,255,1.0,1.0,1.0,light
58,0,255,255,255,1.0,1.0,1.0,light
58,1,255,255,255,1.0,1.0,1.0,light
58,2,255,255,255,1.0,1.0,1.0,light
58,3,255,255,255,1.0,1.0,1.0,light
58,4,255,255,255,1.0,1.0,1.0,light
58,5,255,255,255,1.0,1.0,1.0,light
58,6,255,255,255,1.0,1.0,1.0,light
58,7,255,255,255,1.0,1.0,1.0,light
58,8,255,255,255,1.0,1.0,1.0,light
58,9,255,255,255,1.0,1.0,1.0,light
58,10,255,255,255,1.0,1.0,1.0,light
58,11,255,255,255,1.0,1.0,1.0,light
58,12,255,255,255,1.0,1.0,1.0,light
58,13,255,255,255,1.0,1.0,1.0,light
58,14,255,255,255,1.0,1.0,1.0,light
58,15,255,255,255,1.0,1.0,1.0,light
58,16,255,255,255,1.0,1.0,1.0,light
58,17,255,255,255,1.0,1.0,1.0,light
58,18,255,255,255,1.0,1.0,1.0,light
58,19,255,255,255,1.0,1.0,1.0,light
58,20,255,255,255,1.0,1.0,1.0,light
58,21,255,255,255,1.0,1.0,1.0,light
58,22,255,255,255,1.0,1.0,1.0,light
58,23,255,255,255,1.0,1.0,1.0,light
58,24,255,255,255,1.0,1.0,1.0,light
58,25,255,255,255,1.0,1.0,1.0,light
58,26,255,255,255,1.0,1.0,1.0,light
58,27,255,255,255,1.0,1.0,1.0,light
58,28,255,255,255,1.0,1.0,1.0,light
58,29,255,255,255,1.0,1.0,1.0,light
58,30,255,255,255,1.0,1.0,1.0,light
58,31,255,255,255,1.0,1.0,1.0,light
58,32,255,255,255,1.0,1.0,1.0,light
58,33,255,255,255,1.0,1.0,1.0,light
58,34,255,255,255,1.0,1.0,1.0,light
58,35,255,255,255,1.0,1.0,1.0,light
58,36,157,146,163,0.6156863,0.57254905,0.6392157,mid
58,37,111,92,118,0.43529412,0.36078432,0.4627451,mid
58,38,204,192,190,0.8,0.7529412,0.74509805,light
58,39,255,255,237,1.0,1.0,0.92941177,light
58,40,255,249,231,1.0,0.9764706,0.90588236,light
58,41,255,246,227,1.0,0.9647059,0.8901961,light
58,42,255,248,231,1.0,0.972549,0.90588236,light
58,43,255,255,241,1.0,1.0,0.94509804,light
58,44,216,209,199,0.84705883,0.81960785,0.78039217,light
58,45,54,49,64,0.21176471,0.19215687,0.2509804,dark
58,46,55,48,63,0.21568628,0.1882353,0.24705882,dark
58,47,50,43,58,0.19607843,0.16862746,0.22745098,dark
58,48,60,49,62,0.23529412,0.19215687,0.24313726,dark
58,49,180,151,155,0.7058824,0.5921569,0.60784316,mid
58,50,204,166,169,0.8,0.6509804,0.6627451,light
58,51,244,230,218,0.95686275,0.9019608,0.85490197,light
58,52,255,251,233,1.0,0.9843137,0.9137255,light
58,53,255,249,231,1.0,0.9764706,0.90588236,light
58,54,255,249,231,1.0,0.9764706,0.90588236,light
58,55,255,247,230,1.0,0.96862745,0.9019608,light
58,56,255,246,229,1.0,0.9647059,0.8980392,light
58,57,255,249,232,1.0,0.9764706,0.9098039,light
58,58,255,255,244,1.0,1.0,0.95686275,light
58,59,194,188,179,0.7607843,0.7372549,0.7019608,light
58,60,0,0,16,0.0,0.0,0.0627451,dark
58,61,53,50,57,0.20784314,0.19607843,0.22352941,dark
58,62,255,248,234,1.0,0.972549,0.91764706,light
58,63,255,255,236,1.0,1.0,0.9254902,light
58,64,255,255,242,1.0,1.0,0.9490196,light
58,65,255,255,245,1.0,1.0,0.9607843,light
58,66,255,255,246,1.0,1.0,0.9647059,light
58,67,255,255,246,1.0,1.0,0.9647059,light
58,68,255,255,245,1.0,1.0,0.9607843,light
58,69,255,255,243,1.0,1.0,0.9529412,light
58,70,255,255,238,1.0,1.0,0.93333334,light
58,71,255,253,235,1.0,0.99215686,0.92156863,light
58,72,255,251,233,1.0,0.9843137,0.9137255,light
58,73,255,248,231,1.0,0.972549,0.90588236,light
58,74,255,249,231,1.0,0.9764706,0.90588236,light
58,75,255,251,233,1.0,0.9843137,0.9137255,light
58,76,244,230,217,0.95686275,0.9019608,0.8509804,light
58,77,201,163,165,0.7882353,0.6392157,0.64705884,light
58,78,202,163,165,0.7921569,0.6392157,0.64705884,light
58,79,201,162,165,0.7882353,0.63529414,0.64705884,light
58,80,200,169,167,0.78431374,0.6627451,0.654902,light
58,81,249,238,224,0.9764706,0.93333334,0.8784314,light
58,82,255,251,232,1.0,0.9843137,0.9098039,light
58,83,255,249,231,1.0,0.9764706,0.90588236,light
58,84,255,249,231,1.0,0.9764706,0.90588236,light
58,85,255,250,231,1.0,0.98039216,0.90588236,light
58,86,255,252,236,1.0,0.9882353,0.9254902,light
58,87,225,203,196,0.88235295,0.79607844,0.76862746,light
58,88,201,162,164,0.7882353,0.63529414,0.6431373,light
58,89,172,143,156,0.6745098,0.56078434,0.6117647,mid
58,90,130,114,141,0.50980395,0.44705883,0.5529412,mid
58,91,100,87,109,0.39215687,0.34117648,0.42745098,mid
58,92,20,18,30,0.078431375,0.07058824,0.11764706,dark
58,93,22,22,31,0.08627451,0.08627451,0.12156863,dark
58,94,22,22,34,0.08627451,0.08627451,0.13333334,dark
58,95,44,44,53,0.17254902,0.17254902,0.20784314,dark
58,96,243,244,243,0.9529412,0.95686275,0.9529412,light
58,97,255,255,255,1.0,1.0,1.0,light
58,98,255,255,255,1.0,1.0,1.0,light
58,99,255,255,255,1.0,1.0,1.0,light
58,100,255,255,255,1.0,1.0,1.0,light
58,101,255,255,255,1.0,1.0,1.0,light
58,102,255,255,255,1.0,1.0,1.0,light
58,103,255,255,255,1.0,1.0,1.0,light
58,104,255,255,255,1.0,1.0,1.0,light
58,105,255,255,255,1.0,1.0,1.0,light
58,106,255,255,255,1.0,1.0,1.0,light
58,107,255,255,255,1.0,1.0,1.0,light
58,108,255,255,255,1.0,1.0,1.0,light
58,109,255,255,255,1.0,1.0,1.0,light
58,110,255,255,255,1.0,1.0,1.0,light
58,111,255,255,255,1.0,1.0,1.0,light
58,112,255,255,255,1.0,1.0,1.0,light
58,113,255,255,255,1.0,1.0,1.0,light
58,114,255,255,255,1.0,1.0,1.0,light
58,115,255,255,255,1.0,1.0,1.0,light
58,116,255,255,255,1.0,1.0,1.0,light
58,117,255,255,255,1.0,1.0,1.0,light
58,118,255,255,255,1.0,1.0,1.0,light
58,119,255,255,255,1.0,1.0,1.0,light
58,120,255,255,255,1.0,1.0,1.0,light
58,121,255,255,255,1.0,1.0,1.0,light
58,122,255,255,255,1.0,1.0,1.0,light
58,123,255,255,255,1.0,1.0,1.0,light
58,124,255,255,255,1.0,1.0,1.0,light
58,125,255,255,255,1.0,1.0,1.0,light
58,126,255,255,255,1.0,1.0,1.0,light
58,127,255,255,255,1.0,1.0,1.0,light
59,0,255,255,255,1.0,1.0,1.0,light
59,1,255,255,255,1.0,1.0,1.0,light
59,2,255,255,255,1.0,1.0,1.0,light
59,3,255,255,255,1.0,1.0,1.0,light
59,4,255,255,255,1.0,1.0,1.0,light
59,5,255,255,255,1.0,1.0,1.0,light
59,6,255,255,255,1.0,1.0,1.0,light
59,7,255,255,255,1.0,1.0,1.0,light
59,8,255,255,255,1.0,1.0,1.0,light
59,9,255,255,255,1.0,1.0,1.0,light
59,10,255,255,255,1.0,1.0,1.0,light
59,11,255,255,255,1.0,1.0,1.0,light
59,12,255,255,255,1.0,1.0,1.0,light
59,13,255,255,255,1.0,1.0,1.0,light
59,14,255,255,255,1.0,1.0,1.0,light
59,15,255,255,255,1.0,1.0,1.0,light
59,16,255,255,255,1.0,1.0,1.0,light
59,17,255,255,255,1.0,1.0,1.0,light
59,18,255,255,255,1.0,1.0,1.0,light
59,19,255,255,255,1.0,1.0,1.0,light
59,20,255,255,255,1.0,1.0,1.0,light
59,21,255,255,255,1.0,1.0,1.0,light
59,22,255,255,255,1.0,1.0,1.0,light
59,23,255,255,255,1.0,1.0,1.0,light
59,24,255,255,255,1.0,1.0,1.0,light
59,25,255,255,255,1.0,1.0,1.0,light
59,26,255,255,255,1.0,1.0,1.0,light
59,27,255,255,255,1.0,1.0,1.0,light
59,28,255,255,255,1.0,1.0,1.0,light
59,29,255,255,255,1.0,1.0,1.0,light
59,30,255,255,255,1.0,1.0,1.0,light
59,31,255,255,255,1.0,1.0,1.0,light
59,32,255,255,255,1.0,1.0,1.0,light
59,33,254,254,254,0.99607843,0.99607843,0.99607843,light
59,34,225,222,227,0.88235295,0.87058824,0.8901961,light
59,35,218,215,218,0.85490197,0.84313726,0.85490197,light
59,36,179,167,176,0.7019608,0.654902,0.6901961,light
59,37,156,144,155,0.6117647,0.5647059,0.60784316,mid
59,38,218,208,201,0.85490197,0.8156863,0.7882353,light
59,39,255,250,231,1.0,0.98039216,0.90588236,light
59,40,255,246,229,1.0,0.9647059,0.8980392,light
59,41,255,248,231,1.0,0.972549,0.90588236,light
59,42,237,228,214,0.92941177,0.89411765,0.8392157,light
59,43,199,194,186,0.78039217,0.7607843,0.7294118,light
59,44,168,162,158,0.65882355,0.63529414,0.61960787,mid
59,45,55,49,64,0.21568628,0.19215687,0.2509804,dark
59,46,56,49,64,0.21960784,0.19215687,0.2509804,dark
59,47,55,49,63,0.21568628,0.19215687,0.24705882,dark
59,48,60,54,67,0.23529412,0.21176471,0.2627451,dark
59,49,158,130,138,0.61960787,0.50980395,0.5411765,mid
59,50,176,142,145,0.6901961,0.5568628,0.5686275,mid
59,51,224,206,198,0.8784314,0.80784315,0.7764706,light
59,52,240,226,215,0.9411765,0.8862745,0.84313726,light
59,53,240,224,213,0.9411765,0.8784314,0.8352941,light
59,54,238,223,211,0.93333334,0.8745098,0.827451,light
59,55,247,235,221,0.96862745,0.92156863,0.8666667,light
59,56,255,247,230,1.0,0.96862745,0.9019608,light
59,57,255,247,228,1.0,0.96862745,0.89411765,light
59,58,255,253,234,1.0,0.99215686,0.91764706,light
59,59,205,195,188,0.8039216,0.7647059,0.7372549,light
59,60,70,55,66,0.27450982,0.21568628,0.25882354,dark
59,61,93,83,89,0.3647059,0.3254902,0.34901962,mid
59,62,188,184,176,0.7372549,0.72156864,0.6901961,light
59,63,191,186,178,0.7490196,0.7294118,0.69803923,light
59,64,191,185,178,0.7490196,0.7254902,0.69803923,light
59,65,192,185,178,0.7529412,0.7254902,0.69803923,light
59,66,192,185,178,0.7529412,0.7254902,0.69803923,light
59,67,192,185,178,0.7529412,0.7254902,0.69803923,light
59,68,191,185,179,0.7490196,0.7254902,0.7019608,light
59,69,191,186,175,0.7490196,0.7294118,0.6862745,light
59,70,192,186,174,0.7529412,0.7294118,0.68235296,light
59,71,191,183,174,0.7490196,0.7176471,0.68235296,light
59,72,215,203,192,0.84313726,0.79607844,0.7529412,light
59,73,241,225,214,0.94509804,0.88235295,0.8392157,light
59,74,238,224,212,0.93333334,0.8784314,0.83137256,light
59,75,239,226,213,0.9372549,0.8862745,0.8352941,light
59,76,226,208,202,0.8862745,0.8156863,0.7921569,light
59,77,182,150,159,0.7137255,0.5882353,0.62352943,mid
59,78,182,150,159,0.7137255,0.5882353,0.62352943,mid
59,79,181,149,160,0.70980394,0.58431375,0.627451,mid
59,80,182,154,161,0.7137255,0.6039216,0.6313726,mid
59,81,231,214,206,0.90588236,0.8392157,0.80784315,light
59,82,239,226,212,0.9372549,0.8862745,0.83137256,light
59,83,239,224,212,0.9372549,0.8784314,0.83137256,light
59,84,239,224,212,0.9372549,0.8784314,0.83137256,light
59,85,239,223,213,0.9372549,0.8745098,0.8352941,light
59,86,240,227,216,0.9411765,0.8901961,0.84705883,light
59,87,207,184,185,0.8117647,0.72156864,0.7254902,light
59,88,182,150,157,0.7137255,0.5882353,0.6156863,mid
59,89,149,126,137,0.58431375,0.49411765,0.5372549,mid
59,90,101,87,108,0.39607844,0.34117648,0.42352942,mid
59,91,78,71,90,0.30588236,0.2784314,0.3529412,dark
59,92,24,23,35,0.09411765,0.09019608,0.13725491,dark
59,93,26,24,37,0.101960786,0.09411765,0.14509805,dark
59,94,23,23,35,0.09019608,0.09019608,0.13725491,dark
59,95,38,38,48,0.14901961,0.14901961,0.1882353,dark
59,96,177,178,181,0.69411767,0.69803923,0.70980394,light
59,97,192,193,195,0.7529412,0.75686276,0.7647059,light
59,98,245,245,245,0.9607843,0.9607843,0.9607843,light
59,99,255,255,255,1.0,1.0,1.0,light
59,100,255,255,255,1.0,1.0,1.0,light
59,101,255,255,255,1.0,1.0,1.0,light
59,102,255,255,255,1.0,1.0,1.0,light
59,103,255,255,255,1.0,1.0,1.0,light
59,104,255,255,255,1.0,1.0,1.0,light
59,105,255,255,255,1.0,1.0,1.0,light
59,106,255,255,255,1.0,1.0,1.0,light
59,107,255,255,255,1.0,1.0,1.0,light
59,108,255,255,255,1.0,1.0,1.0,light
59,109,255,255,255,1.0,1.0,1.0,light
59,110,255,255,255,1.0,1.0,1.0,light
59,111,255,255,255,1.0,1.0,1.0,light
59,112,255,255,255,1.0,1.0,1.0,light
59,113,255,255,255,1.0,1.0,1.0,light
59,114,255,255,255,1.0,1.0,1.0,light
59,115,255,255,255,1.0,1.0,1.0,light
59,116,255,255,255,1.0,1.0,1.0,light
59,117,255,255,255,1.0,1.0,1.0,light
59,118,255,255,255,1.0,1.0,1.0,light
59,119,255,255,255,1.0,1.0,1.0,light
59,120,255,255,255,1.0,1.0,1.0,light
59,121,255,255,255,1.0,1.0,1.0,light
59,122,255,255,255,1.0,1.0,1.0,light
59,123,255,255,255,1.0,1.0,1.0,light
59,124,255,255,255,1.0,1.0,1.0,light
59,125,255,255,255,1.0,1.0,1.0,light
59,126,255,255,255,1.0,1.0,1.0,light
59,127,255,255,255,1.0,1.0,1.0,light
60,0,255,255,255,1.0,1.0,1.0,light
60,1,255,255,255,1.0,1.0,1.0,light
60,2,255,255,255,1.0,1.0,1.0,light
60,3,255,255,255,1.0,1.0,1.0,light
60,4,255,255,255,1.0,1.0,1.0,light
60,5,255,255,255,1.0,1.0,1.0,light
60,6,255,255,255,1.0,1.0,1.0,light
60,7,255,255,255,1.0,1.0,1.0,light
60,8,255,255,255,1.0,1.0,1.0,light
60,9,255,255,255,1.0,1.0,1.0,light
60,10,255,255,255,1.0,1.0,1.0,light
60,11,255,255,255,1.0,1.0,1.0,light
60,12,255,255,255,1.0,1.0,1.0,light
60,13,255,255,255,1.0,1.0,1.0,light
60,14,255,255,255,1.0,1.0,1.0,light
60,15,255,255,255,1.0,1.0,1.0,light
60,16,255,255,255,1.0,1.0,1.0,light
60,17,255,255,255,1.0,1.0,1.0,light
60,18,255,255,255,1.0,1.0,1.0,light
60,19,255,255,255,1.0,1.0,1.0,light
60,20,255,255,255,1.0,1.0,1.0,light
60,21,255,255,255,1.0,1.0,1.0,light
60,22,255,255,255,1.0,1.0,1.0,light
60,23,255,255,255,1.0,1.0,1.0,light
60,24,255,255,255,1.0,1.0,1.0,light
60,25,255,255,255,1.0,1.0,1.0,light
60,26,255,255,255,1.0,1.0,1.0,light
60,27,255,255,255,1.0,1.0,1.0,light
60,28,255,255,255,1.0,1.0,1.0,light
60,29,255,255,255,1.0,1.0,1.0,light
60,30,255,255,255,1.0,1.0,1.0,light
60,31,254,255,255,0.99607843,1.0,1.0,light
60,32,255,255,255,1.0,1.0,1.0,light
60,33,255,254,254,1.0,0.99607843,0.99607843,light
60,34,145,131,153,0.5686275,0.5137255,0.6,mid
60,35,116,100,127,0.45490196,0.39215687,0.49803922,mid
60,36,220,209,205,0.8627451,0.81960785,0.8039216,light
60,37,255,253,235,1.0,0.99215686,0.92156863,light
60,38,255,247,230,1.0,0.96862745,0.9019608,light
60,39,255,246,229,1.0,0.9647059,0.8980392,light
60,40,255,246,229,1.0,0.9647059,0.8980392,light
60,41,255,253,235,1.0,0.99215686,0.92156863,light
60,42,187,179,172,0.73333335,0.7019608,0.6745098,light
60,43,45,39,52,0.1764706,0.15294118,0.20392157,dark
60,44,53,47,59,0.20784314,0.18431373,0.23137255,dark
60,45,56,50,63,0.21960784,0.19607843,0.24705882,dark
60,46,56,50,64,0.21960784,0.19607843,0.2509804,dark
60,47,56,50,64,0.21960784,0.19607843,0.2509804,dark
60,48,59,50,64,0.23137255,0.19607843,0.2509804,dark
60,49,93,74,87,0.3647059,0.2901961,0.34117648,dark
60,50,101,77,88,0.39607844,0.3019608,0.34509805,mid
60,51,180,148,150,0.7058824,0.5803922,0.5882353,mid
60,52,205,170,169,0.8039216,0.6666667,0.6627451,light
60,53,203,167,167,0.79607844,0.654902,0.654902,light
60,54,201,164,164,0.7882353,0.6431373,0.6431373,light
60,55,229,210,202,0.8980392,0.8235294,0.7921569,light
60,56,255,251,233,1.0,0.9843137,0.9137255,light
60,57,255,248,230,1.0,0.972549,0.9019608,light
60,58,255,250,232,1.0,0.98039216,0.9098039,light
60,59,241,226,211,0.94509804,0.8862745,0.827451,light
60,60,208,170,172,0.8156863,0.6666667,0.6745098,light
60,61,169,145,147,0.6627451,0.5686275,0.5764706,mid
60,62,20,19,30,0.078431375,0.07450981,0.11764706,dark
60,63,16,15,29,0.0627451,0.05882353,0.11372549,dark
60,64,17,16,30,0.06666667,0.0627451,0.11764706,dark
60,65,17,16,29,0.06666667,0.0627451,0.11372549,dark
60,66,17,16,29,0.06666667,0.0627451,0.11372549,dark
60,67,17,16,29,0.06666667,0.0627451,0.11372549,dark
60,68,17,16,29,0.06666667,0.0627451,0.11372549,dark
60,69,17,16,29,0.06666667,0.0627451,0.11372549,dark
60,70,17,16,29,0.06666667,0.0627451,0.11372549,dark
60,71,7,11,23,0.02745098,0.043137256,0.09019608,dark
60,72,101,85,93,0.39607844,0.33333334,0.3647059,mid
60,73,207,169,173,0.8117647,0.6627451,0.6784314,light
60,74,200,164,165,0.78431374,0.6431373,0.64705884,light
60,75,204,166,164,0.8,0.6509804,0.6431373,light
60,76,184,153,159,0.72156864,0.6,0.62352943,mid
60,77,129,111,135,0.5058824,0.43529412,0.5294118,mid
60,78,128,111,135,0.5019608,0.43529412,0.5294118,mid
60,79,128,110,136,0.5019608,0.43137255,0.53333336,mid
60,80,134,112,134,0.5254902,0.4392157,0.5254902,mid
60,81,192,159,163,0.7529412,0.62352943,0.6392157,mid
60,82,203,166,163,0.79607844,0.6509804,0.6392157,light
60,83,202,165,164,0.7921569,0.64705884,0.6431373,light
60,84,202,164,164,0.7921569,0.6431373,0.6431373,light
60,85,203,165,167,0.79607844,0.64705884,0.654902,light
60,86,205,171,167,0.8039216,0.67058825,0.654902,light
60,87,163,139,151,0.6392157,0.54509807,0.5921569,mid
60,88,133,114,139,0.52156866,0.44705883,0.54509807,mid
60,89,87,77,96,0.34117648,0.3019608,0.3764706,dark
60,90,19,18,31,0.07450981,0.07058824,0.12156863,dark
60,91,23,24,35,0.09019608,0.09411765,0.13725491,dark
60,92,25,25,37,0.09803922,0.09803922,0.14509805,dark
60,93,25,25,37,0.09803922,0.09803922,0.14509805,dark
60,94,25,25,37,0.09803922,0.09803922,0.14509805,dark
60,95,25,25,37,0.09803922,0.09803922,0.14509805,dark
60,96,18,19,31,0.07058824,0.07450981,0.12156863,dark
60,97,22,24,33,0.08627451,0.09411765,0.12941177,dark
60,98,216,216,217,0.84705883,0.84705883,0.8509804,light
60,99,255,255,255,1.0,1.0,1.0,light
60,100,255,255,255,1.0,1.0,1.0,light
60,101,255,255,255,1.0,1.0,1.0,light
60,102,255,255,255,1.0,1.0,1.0,light
60,103,255,255,255,1.0,1.0,1.0,light
60,104,255,255,255,1.0,1.0,1.0,light
60,105,255,255,255,1.0,1.0,1.0,light
60,106,255,255,255,1.0,1.0,1.0,light
60,107,255,255,255,1.0,1.0,1.0,light
60,108,255,255,255,1.0,1.0,1.0,light
60,109,255,255,255,1.0,1.0,1.0,light
60,110,255,255,255,1.0,1.0,1.0,light
60,111,255,255,255,1.0,1.0,1.0,light
60,112,255,255,255,1.0,1.0,1.0,light
60,113,255,255,255,1.0,1.0,1.0,light
60,114,255,255,255,1.0,1.0,1.0,light
60,115,255,255,255,1.0,1.0,1.0,light
60,116,255,255,255,1.0,1.0,1.0,light
60,117,255,255,255,1.0,1.0,1.0,light
60,118,255,255,255,1.0,1.0,1.0,light
60,119,255,255,255,1.0,1.0,1.0,light
60,120,255,255,255,1.0,1.0,1.0,light
60,121,255,255,255,1.0,1.0,1.0,light
60,122,255,255,255,1.0,1.0,1.0,light
60,123,255,255,255,1.0,1.0,1.0,light
60,124,255,255,255,1.0,1.0,1.0,light
60,125,255,255,255,1.0,1.0,1.0,light
60,126,255,255,255,1.0,1.0,1.0,light
60,127,255,255,255,1.0,1.0,1.0,light
61,0,255,255,255,1.0,1.0,1.0,light
61,1,255,255,255,1.0,1.0,1.0,light
61,2,255,255,255,1.0,1.0,1.0,light
61,3,255,255,255,1.0,1.0,1.0,light
61,4,255,255,255,1.0,1.0,1.0,light
61,5,255,255,255,1.0,1.0,1.0,light
61,6,255,255,255,1.0,1.0,1.0,light
61,7,255,255,255,1.0,1.0,1.0,light
61,8,255,255,255,1.0,1.0,1.0,light
61,9,255,255,255,1.0,1.0,1.0,light
61,10,255,255,255,1.0,1.0,1.0,light
61,11,255,255,255,1.0,1.0,1.0,light
61,12,255,255,255,1.0,1.0,1.0,light
61,13,255,255,255,1.0,1.0,1.0,light
61,14,255,255,255,1.0,1.0,1.0,light
61,15,255,255,255,1.0,1.0,1.0,light
61,16,255,255,255,1.0,1.0,1.0,light
61,17,255,255,255,1.0,1.0,1.0,light
61,18,255,255,255,1.0,1.0,1.0,light
61,19,255,255,255,1.0,1.0,1.0,light
61,20,255,255,255,1.0,1.0,1.0,light
61,21,255,255,255,1.0,1.0,1.0,light
61,22,255,255,255,1.0,1.0,1.0,light
61,23,255,255,255,1.0,1.0,1.0,light
61,24,255,255,255,1.0,1.0,1.0,light
61,25,255,255,255,1.0,1.0,1.0,light
61,26,255,255,255,1.0,1.0,1.0,light
61,27,255,255,255,1.0,1.0,1.0,light
61,28,255,255,255,1.0,1.0,1.0,light
61,29,255,255,255,1.0,1.0,1.0,light
61,30,255,255,255,1.0,1.0,1.0,light
61,31,251,252,252,0.9843137,0.9882353,0.9882353,light
61,32,234,232,235,0.91764706,0.9098039,0.92156863,light
61,33,232,229,232,0.9098039,0.8980392,0.9098039,light
61,34,163,151,162,0.6392157,0.5921569,0.63529414,mid
61,35,144,130,146,0.5647059,0.50980395,0.57254905,mid
61,36,225,215,207,0.88235295,0.84313726,0.8117647,light
61,37,255,250,232,1.0,0.98039216,0.9098039,light
61,38,255,246,229,1.0,0.9647059,0.8980392,light
61,39,255,246,229,1.0,0.9647059,0.8980392,light
61,40,255,246,229,1.0,0.9647059,0.8980392,light
61,41,255,253,235,1.0,0.99215686,0.92156863,light
61,42,188,180,173,0.7372549,0.7058824,0.6784314,light
61,43,49,44,56,0.19215687,0.17254902,0.21960784,dark
61,44,56,50,62,0.21960784,0.19607843,0.24313726,dark
61,45,56,50,63,0.21960784,0.19607843,0.24705882,dark
61,46,56,50,64,0.21960784,0.19607843,0.2509804,dark
61,47,56,50,64,0.21960784,0.19607843,0.2509804,dark
61,48,59,50,63,0.23137255,0.19607843,0.24705882,dark
61,49,88,70,84,0.34509805,0.27450982,0.32941177,dark
61,50,93,74,87,0.3647059,0.2901961,0.34117648,dark
61,51,154,127,133,0.6039216,0.49803922,0.52156866,mid
61,52,174,143,148,0.68235296,0.56078434,0.5803922,mid
61,53,171,142,147,0.67058825,0.5568628,0.5764706,mid
61,54,165,139,145,0.64705884,0.54509807,0.5686275,mid
61,55,208,190,186,0.8156863,0.74509805,0.7294118,light
61,56,246,236,223,0.9647059,0.9254902,0.8745098,light
61,57,245,233,219,0.9607843,0.9137255,0.85882354,light
61,58,245,235,221,0.9607843,0.92156863,0.8666667,light
61,59,232,214,203,0.9098039,0.8392157,0.79607844,light
61,60,203,167,168,0.79607844,0.654902,0.65882355,light
61,61,174,147,147,0.68235296,0.5764706,0.5764706,mid
61,62,59,48,58,0.23137255,0.1882353,0.22745098,dark
61,63,52,47,58,0.20392157,0.18431373,0.22745098,dark
61,64,53,48,58,0.20784314,0.1882353,0.22745098,dark
61,65,53,48,58,0.20784314,0.1882353,0.22745098,dark
61,66,53,48,58,0.20784314,0.1882353,0.22745098,dark
61,67,53,48,58,0.20784314,0.1882353,0.22745098,dark
61,68,53,48,58,0.20784314,0.1882353,0.22745098,dark
61,69,53,48,58,0.20784314,0.1882353,0.22745098,dark
61,70,53,48,58,0.20784314,0.1882353,0.22745098,dark
61,71,48,42,53,0.1882353,0.16470589,0.20784314,dark
61,72,122,102,108,0.47843137,0.4,0.42352942,mid
61,73,207,170,172,0.8117647,0.6666667,0.6745098,light
61,74,199,161,167,0.78039217,0.6313726,0.654902,light
61,75,191,157,164,0.7490196,0.6156863,0.6431373,mid
61,76,176,147,157,0.6901961,0.5764706,0.6156863,mid
61,77,130,112,136,0.50980395,0.4392157,0.53333336,mid
61,78,130,112,136,0.50980395,0.4392157,0.53333336,mid
61,79,129,112,137,0.5058824,0.4392157,0.5372549,mid
61,80,134,113,136,0.5254902,0.44313726,0.53333336,mid
61,81,181,151,162,0.70980394,0.5921569,0.63529414,mid
61,82,190,157,163,0.74509805,0.6156863,0.6392157,mid
61,83,188,157,164,0.7372549,0.6156863,0.6431373,mid
61,84,188,157,164,0.7372549,0.6156863,0.6431373,mid
61,85,179,146,152,0.7019608,0.57254905,0.59607846,mid
61,86,175,142,147,0.6862745,0.5568628,0.5764706,mid
61,87,140,117,133,0.54901963,0.45882353,0.52156866,mid
61,88,111,98,122,0.43529412,0.38431373,0.47843137,mid
61,89,74,69,86,0.2901961,0.27058825,0.3372549,dark
61,90,21,22,32,0.08235294,0.08627451,0.1254902,dark
61,91,25,25,37,0.09803922,0.09803922,0.14509805,dark
61,92,25,25,37,0.09803922,0.09803922,0.14509805,dark
61,93,25,25,37,0.09803922,0.09803922,0.14509805,dark
61,94,25,25,37,0.09803922,0.09803922,0.14509805,dark
61,95,25,25,37,0.09803922,0.09803922,0.14509805,dark
61,96,23,24,36,0.09019608,0.09411765,0.14117648,dark
61,97,27,29,38,0.105882354,0.11372549,0.14901961,dark
61,98,217,217,218,0.8509804,0.8509804,0.85490197,light
61,99,255,255,255,1.0,1.0,1.0,light
61,100,255,255,255,1.0,1.0,1.0,light
61,101,255,255,255,1.0,1.0,1.0,light
61,102,255,255,255,1.0,1.0,1.0,light
61,103,255,255,255,1.0,1.0,1.0,light
61,104,255,255,255,1.0,1.0,1.0,light
61,105,255,255,255,1.0,1.0,1.0,light
61,106,255,255,255,1.0,1.0,1.0,light
61,107,255,255,255,1.0,1.0,1.0,light
61,108,255,255,255,1.0,1.0,1.0,light
61,109,255,255,255,1.0,1.0,1.0,light
61,110,255,255,255,1.0,1.0,1.0,light
61,111,255,255,255,1.0,1.0,1.0,light
61,112,255,255,255,1.0,1.0,1.0,light
61,113,255,255,255,1.0,1.0,1.0,light
61,114,255,255,255,1.0,1.0,1.0,light
61,115,255,255,255,1.0,1.0,1.0,light
61,116,255,255,255,1.0,1.0,1.0,light
61,117,255,255,255,1.0,1.0,1.0,light
61,118,255,255,255,1.0,1.0,1.0,light
61,119,255,255,255,1.0,1.0,1.0,light
61,120,255,255,255,1.0,1.0,1.0,light
61,121,255,255,255,1.0,1.0,1.0,light
61,122,255,255,255,1.0,1.0,1.0,light
61,123,255,255,255,1.0,1.0,1.0,light
61,124,255,255,255,1.0,1.0,1.0,light
61,125,255,255,255,1.0,1.0,1.0,light
61,126,255,255,255,1.0,1.0,1.0,light
61,127,255,255,255,1.0,1.0,1.0,light
62,0,255,255,255,1.0,1.0,1.0,light
62,1,255,255,255,1.0,1.0,1.0,light
62,2,255,255,255,1.0,1.0,1.0,light
62,3,255,255,255,1.0,1.0,1.0,light
62,4,255,255,255,1.0,1.0,1.0,light
62,5,255,255,255,1.0,1.0,1.0,light
62,6,255,255,255,1.0,1.0,1.0,light
62,7,255,255,255,1.0,1.0,1.0,light
62,8,255,255,255,1.0,1.0,1.0,light
62,9,255,255,255,1.0,1.0,1.0,light
62,10,255,255,255,1.0,1.0,1.0,light
62,11,255,255,255,1.0,1.0,1.0,light
62,12,255,255,255,1.0,1.0,1.0,light
62,13,255,255,255,1.0,1.0,1.0,light
62,14,255,255,255,1.0,1.0,1.0,light
62,15,255,255,255,1.0,1.0,1.0,light
62,16,255,255,255,1.0,1.0,1.0,light
62,17,255,255,255,1.0,1.0,1.0,light
62,18,255,255,255,1.0,1.0,1.0,light
62,19,255,255,255,1.0,1.0,1.0,light
62,20,255,255,255,1.0,1.0,1.0,light
62,21,255,255,255,1.0,1.0,1.0,light
62,22,255,255,255,1.0,1.0,1.0,light
62,23,255,255,255,1.0,1.0,1.0,light
62,24,255,255,255,1.0,1.0,1.0,light
62,25,255,255,255,1.0,1.0,1.0,light
62,26,255,255,255,1.0,1.0,1.0,light
62,27,255,255,255,1.0,1.0,1.0,light
62,28,255,255,255,1.0,1.0,1.0,light
62,29,255,255,255,1.0,1.0,1.0,light
62,30,255,255,255,1.0,1.0,1.0,light
62,31,245,243,243,0.9607843,0.9529412,0.9529412,light
62,32,139,125,144,0.54509807,0.49019608,0.5647059,mid
62,33,131,115,137,0.5137255,0.4509804,0.5372549,mid
62,34,232,222,215,0.9098039,0.87058824,0.84313726,light
62,35,253,246,230,0.99215686,0.9647059,0.9019608,light
62,36,253,245,231,0.99215686,0.9607843,0.90588236,light
62,37,255,246,229,1.0,0.9647059,0.8980392,light
62,38,255,246,229,1.0,0.9647059,0.8980392,light
62,39,255,246,229,1.0,0.9647059,0.8980392,light
62,40,255,246,229,1.0,0.9647059,0.8980392,light
62,41,255,253,235,1.0,0.99215686,0.92156863,light
62,42,188,180,173,0.7372549,0.7058824,0.6784314,light
62,43,49,44,57,0.19215687,0.17254902,0.22352941,dark
62,44,56,50,63,0.21960784,0.19607843,0.24705882,dark
62,45,56,50,63,0.21960784,0.19607843,0.24705882,dark
62,46,56,50,64,0.21960784,0.19607843,0.2509804,dark
62,47,56,50,64,0.21960784,0.19607843,0.2509804,dark
62,48,56,50,62,0.21960784,0.19607843,0.24313726,dark
62,49,59,50,63,0.23137255,0.19607843,0.24705882,dark
62,50,59,50,64,0.23137255,0.19607843,0.2509804,dark
62,51,34,31,43,0.13333334,0.12156863,0.16862746,dark
62,52,27,25,37,0.105882354,0.09803922,0.14509805,dark
62,53,28,26,38,0.10980392,0.101960786,0.14901961,dark
62,54,23,20,30,0.09019608,0.078431375,0.11764706,dark
62,55,122,102,107,0.47843137,0.4,0.41960785,mid
62,56,210,175,175,0.8235294,0.6862745,0.6862745,light
62,57,204,168,169,0.8,0.65882355,0.6627451,light
62,58,204,168,169,0.8,0.65882355,0.6627451,light
62,59,203,168,169,0.79607844,0.65882355,0.6627451,light
62,60,202,165,169,0.7921569,0.64705884,0.6627451,light
62,61,202,165,165,0.7921569,0.64705884,0.64705884,light
62,62,197,164,168,0.77254903,0.6431373,0.65882355,light
62,63,197,164,167,0.77254903,0.6431373,0.654902,light
62,64,197,164,168,0.77254903,0.6431373,0.65882355,light
62,65,197,164,168,0.77254903,0.6431373,0.65882355,light
62,66,197,164,168,0.77254903,0.6431373,0.65882355,light
62,67,197,165,167,0.77254903,0.64705884,0.654902,light
62,68,197,165,167,0.77254903,0.64705884,0.654902,light
62,69,197,164,168,0.77254903,0.6431373,0.65882355,light
62,70,197,164,168,0.77254903,0.6431373,0.65882355,light
62,71,198,163,166,0.7764706,0.6392157,0.6509804,light
62,72,199,165,166,0.78039217,0.64705884,0.6509804,light
62,73,203,168,168,0.79607844,0.65882355,0.65882355,light
62,74,178,149,157,0.69803923,0.58431375,0.6156863,mid
62,75,130,111,133,0.50980395,0.43529412,0.52156866,mid
62,76,133,112,136,0.52156866,0.4392157,0.53333336,mid
62,77,132,113,138,0.5176471,0.44313726,0.5411765,mid
62,78,132,113,138,0.5176471,0.44313726,0.5411765,mid
62,79,132,113,139,0.5176471,0.44313726,0.54509807,mid
62,80,131,113,139,0.5137255,0.44313726,0.54509807,mid
62,81,133,113,138,0.52156866,0.44313726,0.5411765,mid
62,82,133,114,137,0.52156866,0.44705883,0.5372549,mid
62,83,133,114,137,0.52156866,0.44705883,0.5372549,mid
62,84,136,117,140,0.53333336,0.45882353,0.54901963,mid
62,85,63,56,71,0.24705882,0.21960784,0.2784314,dark
62,86,26,23,33,0.101960786,0.09019608,0.12941177,dark
62,87,28,26,38,0.10980392,0.101960786,0.14901961,dark
62,88,27,25,37,0.105882354,0.09803922,0.14509805,dark
62,89,26,26,36,0.101960786,0.101960786,0.14117648,dark
62,90,24,26,36,0.09411765,0.101960786,0.14117648,dark
62,91,25,25,37,0.09803922,0.09803922,0.14509805,dark
62,92,25,25,37,0.09803922,0.09803922,0.14509805,dark
62,93,25,25,37,0.09803922,0.09803922,0.14509805,dark
62,94,25,25,37,0.09803922,0.09803922,0.14509805,dark
62,95,25,25,37,0.09803922,0.09803922,0.14509805,dark
62,96,23,24,36,0.09019608,0.09411765,0.14117648,dark
62,97,27,29,38,0.105882354,0.11372549,0.14901961,dark
62,98,217,217,218,0.8509804,0.8509804,0.85490197,light
62,99,255,255,255,1.0,1.0,1.0,light
62,100,255,255,255,1.0,1.0,1.0,light
62,101,255,255,255,1.0,1.0,1.0,light
62,102,255,255,255,1.0,1.0,1.0,light
62,103,255,255,255,1.0,1.0,1.0,light
62,104,255,255,255,1.0,1.0,1.0,light
62,105,255,255,255,1.0,1.0,1.0,light
62,106,255,255,255,1.0,1.0,1.0,light
62,107,255,255,255,1.0,1.0,1.0,light
62,108,255,255,255,1.0,1.0,1.0,light
62,109,255,255,255,1.0,1.0,1.0,light
62,110,255,255,255,1.0,1.0,1.0,light
62,111,255,255,255,1.0,1.0,1.0,light
62,112,255,255,255,1.0,1.0,1.0,light
62,113,255,255,255,1.0,1.0,1.0,light
62,114,255,255,255,1.0,1.0,1.0,light
62,115,255,255,255,1.0,1.0,1.0,light
62,116,255,255,255,1.0,1.0,1.0,light
62,117,255,255,255,1.0,1.0,1.0,light
62,118,255,255,255,1.0,1.0,1.0,light
62,119,255,255,255,1.0,1.0,1.0,light
62,120,255,255,255,1.0,1.0,1.0,light
62,121,255,255,255,1.0,1.0,1.0,light
62,122,255,255,255,1.0,1.0,1.0,light
62,123,255,255,255,1.0,1.0,1.0,light
62,124,255,255,255,1.0,1.0,1.0,light
62,125,255,255,255,1.0,1.0,1.0,light
62,126,255,255,255,1.0,1.0,1.0,light
62,127,255,255,255,1.0,1.0,1.0,light
63,0,255,255,255,1.0,1.0,1.0,light
63,1,255,255,255,1.0,1.0,1.0,light
63,2,255,255,255,1.0,1.0,1.0,light
63,3,255,255,255,1.0,1.0,1.0,light
63,4,255,255,255,1.0,1.0,1.0,light
63,5,255,255,255,1.0,1.0,1.0,light
63,6,255,255,255,1.0,1.0,1.0,light
63,7,255,255,255,1.0,1.0,1.0,light
63,8,255,255,255,1.0,1.0,1.0,light
63,9,255,255,255,1.0,1.0,1.0,light
63,10,255,255,255,1.0,1.0,1.0,light
63,11,255,255,255,1.0,1.0,1.0,light
63,12,255,255,255,1.0,1.0,1.0,light
63,13,255,255,255,1.0,1.0,1.0,light
63,14,255,255,255,1.0,1.0,1.0,light
63,15,255,255,255,1.0,1.0,1.0,light
63,16,255,255,255,1.0,1.0,1.0,light
63,17,255,255,255,1.0,1.0,1.0,light
63,18,255,255,255,1.0,1.0,1.0,light
63,19,255,255,255,1.0,1.0,1.0,light
63,20,255,255,255,1.0,1.0,1.0,light
63,21,255,255,255,1.0,1.0,1.0,light
63,22,255,255,255,1.0,1.0,1.0,light
63,23,255,255,255,1.0,1.0,1.0,light
63,24,255,255,255,1.0,1.0,1.0,light
63,25,255,255,255,1.0,1.0,1.0,light
63,26,255,255,255,1.0,1.0,1.0,light
63,27,255,255,255,1.0,1.0,1.0,light
63,28,255,255,255,1.0,1.0,1.0,light
63,29,255,255,255,1.0,1.0,1.0,light
63,30,255,255,255,1.0,1.0,1.0,light
63,31,245,243,244,0.9607843,0.9529412,0.95686275,light
63,32,136,122,143,0.53333336,0.47843137,0.56078434,mid
63,33,130,111,134,0.50980395,0.43529412,0.5254902,mid
63,34,235,225,213,0.92156863,0.88235295,0.8352941,light
63,35,255,250,231,1.0,0.98039216,0.90588236,light
63,36,255,246,229,1.0,0.9647059,0.8980392,light
63,37,255,246,229,1.0,0.9647059,0.8980392,light
63,38,255,246,229,1.0,0.9647059,0.8980392,light
63,39,255,246,229,1.0,0.9647059,0.8980392,light
63,40,255,246,229,1.0,0.9647059,0.8980392,light
63,41,255,253,235,1.0,0.99215686,0.92156863,light
63,42,188,180,174,0.7372549,0.7058824,0.68235296,light
63,43,49,43,58,0.19215687,0.16862746,0.22745098,dark
63,44,56,50,64,0.21960784,0.19607843,0.2509804,dark
63,45,56,50,64,0.21960784,0.19607843,0.2509804,dark
63,46,56,50,64,0.21960784,0.19607843,0.2509804,dark
63,47,56,50,64,0.21960784,0.19607843,0.2509804,dark
63,48,56,50,64,0.21960784,0.19607843,0.2509804,dark
63,49,56,50,64,0.21960784,0.19607843,0.2509804,dark
63,50,56,50,64,0.21960784,0.19607843,0.2509804,dark
63,51,32,31,44,0.1254902,0.12156863,0.17254902,dark
63,52,25,25,38,0.09803922,0.09803922,0.14901961,dark
63,53,25,26,38,0.09803922,0.101960786,0.14901961,dark
63,54,21,20,33,0.08235294,0.078431375,0.12941177,dark
63,55,110,94,103,0.43137255,0.36862746,0.40392157,mid
63,56,190,160,164,0.74509805,0.627451,0.6431373,mid
63,57,186,154,155,0.7294118,0.6039216,0.60784316,mid
63,58,186,154,155,0.7294118,0.6039216,0.60784316,mid
63,59,189,156,158,0.7411765,0.6117647,0.61960787,mid
63,60,197,160,165,0.77254903,0.627451,0.64705884,light
63,61,197,160,165,0.77254903,0.627451,0.64705884,light
63,62,197,161,165,0.77254903,0.6313726,0.64705884,light
63,63,198,161,164,0.7764706,0.6313726,0.6431373,light
63,64,198,161,164,0.7764706,0.6313726,0.6431373,light
63,65,198,161,164,0.7764706,0.6313726,0.6431373,light
63,66,198,161,164,0.7764706,0.6313726,0.6431373,light
63,67,198,161,164,0.7764706,0.6313726,0.6431373,light
63,68,198,161,164,0.7764706,0.6313726,0.6431373,light
63,69,198,161,164,0.7764706,0.6313726,0.6431373,light
63,70,198,161,164,0.7764706,0.6313726,0.6431373,light
63,71,198,161,164,0.7764706,0.6313726,0.6431373,light
63,72,197,161,164,0.77254903,0.6313726,0.6431373,light
63,73,198,162,166,0.7764706,0.63529414,0.6509804,light
63,74,172,145,155,0.6745098,0.5686275,0.60784316,mid
63,75,127,110,134,0.49803922,0.43137255,0.5254902,mid
63,76,128,110,135,0.5019608,0.43137255,0.5294118,mid
63,77,121,105,128,0.4745098,0.4117647,0.5019608,mid
63,78,121,105,128,0.4745098,0.4117647,0.5019608,mid
63,79,121,105,128,0.4745098,0.4117647,0.5019608,mid
63,80,120,106,128,0.47058824,0.41568628,0.5019608,mid
63,81,120,105,128,0.47058824,0.4117647,0.5019608,mid
63,82,120,105,128,0.47058824,0.4117647,0.5019608,mid
63,83,120,105,128,0.47058824,0.4117647,0.5019608,mid
63,84,122,108,131,0.47843137,0.42352942,0.5137255,mid
63,85,56,51,67,0.21960784,0.2,0.2627451,dark
63,86,20,22,33,0.078431375,0.08627451,0.12941177,dark
63,87,24,24,36,0.09411765,0.09411765,0.14117648,dark
63,88,24,25,36,0.09411765,0.09803922,0.14117648,dark
63,89,25,25,37,0.09803922,0.09803922,0.14509805,dark
63,90,25,25,37,0.09803922,0.09803922,0.14509805,dark
63,91,25,25,37,0.09803922,0.09803922,0.14509805,dark
63,92,25,25,37,0.09803922,0.09803922,0.14509805,dark
63,93,25,25,37,0.09803922,0.09803922,0.14509805,dark
63,94,25,25,37,0.09803922,0.09803922,0.14509805,dark
63,95,25,25,37,0.09803922,0.09803922,0.14509805,dark
63,96,23,24,36,0.09019608,0.09411765,0.14117648,dark
63,97,27,29,38,0.105882354,0.11372549,0.14901961,dark
63,98,217,217,218,0.8509804,0.8509804,0.85490197,light
63,99,255,255,255,1.0,1.0,1.0,light
63,100,255,255,255,1.0,1.0,1.0,light
63,101,255,255,255,1.0,1.0,1.0,light
63,102,255,255,255,1.0,1.0,1.0,light
63,103,255,255,255,1.0,1.0,1.0,light
63,104,255,255,255,1.0,1.0,1.0,light
63,105,255,255,255,1.0,1.0,1.0,light
63,106,255,255,255,1.0,1.0,1.0,light
63,107,255,255,255,1.0,1.0,1.0,light
63,108,255,255,255,1.0,1.0,1.0,light
63,109,255,255,255,1.0,1.0,1.0,light
63,110,255,255,255,1.0,1.0,1.0,light
63,111,255,255,255,1.0,1.0,1.0,light
63,112,255,255,255,1.0,1.0,1.0,light
63,113,255,255,255,1.0,1.0,1.0,light
63,114,255,255,255,1.0,1.0,1.0,light
63,115,255,255,255,1.0,1.0,1.0,light
63,116,255,255,255,1.0,1.0,1.0,light
63,117,255,255,255,1.0,1.0,1.0,light
63,118,255,255,255,1.0,1.0,1.0,light
63,119,255,255,255,1.0,1.0,1.0,light
63,120,255,255,255,1.0,1.0,1.0,light
63,121,255,255,255,1.0,1.0,1.0,light
63,122,255,255,255,1.0,1.0,1.0,light
63,123,255,255,255,1.0,1.0,1.0,light
63,124,255,255,255,1.0,1.0,1.0,light
63,125,255,255,255,1.0,1.0,1.0,light
63,126,255,255,255,1.0,1.0,1.0,light
63,127,255,255,255,1.0,1.0,1.0,light
64,0,255,255,255,1.0,1.0,1.0,light
64,1,255,255,255,1.0,1.0,1.0,light
64,2,255,255,255,1.0,1.0,1.0,light
64,3,255,255,255,1.0,1.0,1.0,light
64,4,255,255,255,1.0,1.0,1.0,light
64,5,255,255,255,1.0,1.0,1.0,light
64,6,255,255,255,1.0,1.0,1.0,light
64,7,255,255,255,1.0,1.0,1.0,light
64,8,255,255,255,1.0,1.0,1.0,light
64,9,255,255,255,1.0,1.0,1.0,light
64,10,255,255,255,1.0,1.0,1.0,light
64,11,255,255,255,1.0,1.0,1.0,light
64,12,255,255,255,1.0,1.0,1.0,light
64,13,255,255,255,1.0,1.0,1.0,light
64,14,255,255,255,1.0,1.0,1.0,light
64,15,255,255,255,1.0,1.0,1.0,light
64,16,255,255,255,1.0,1.0,1.0,light
64,17,255,255,255,1.0,1.0,1.0,light
64,18,255,255,255,1.0,1.0,1.0,light
64,19,255,255,255,1.0,1.0,1.0,light
64,20,255,255,255,1.0,1.0,1.0,light
64,21,255,255,255,1.0,1.0,1.0,light
64,22,255,255,255,1.0,1.0,1.0,light
64,23,255,255,255,1.0,1.0,1.0,light
64,24,255,255,255,1.0,1.0,1.0,light
64,25,255,255,255,1.0,1.0,1.0,light
64,26,255,255,255,1.0,1.0,1.0,light
64,27,255,255,255,1.0,1.0,1.0,light
64,28,255,255,255,1.0,1.0,1.0,light
64,29,255,255,255,1.0,1.0,1.0,light
64,30,255,255,255,1.0,1.0,1.0,light
64,31,246,245,245,0.9647059,0.9607843,0.9607843,light
64,32,137,122,144,0.5372549,0.47843137,0.5647059,mid
64,33,130,111,135,0.50980395,0.43529412,0.5294118,mid
64,34,234,224,213,0.91764706,0.8784314,0.8352941,light
64,35,255,249,231,1.0,0.9764706,0.90588236,light
64,36,255,246,229,1.0,0.9647059,0.8980392,light
64,37,255,246,229,1.0,0.9647059,0.8980392,light
64,38,255,246,229,1.0,0.9647059,0.8980392,light
64,39,255,246,229,1.0,0.9647059,0.8980392,light
64,40,255,246,229,1.0,0.9647059,0.8980392,light
64,41,255,254,236,1.0,0.99607843,0.9254902,light
64,42,189,181,174,0.7411765,0.70980394,0.68235296,light
64,43,49,43,58,0.19215687,0.16862746,0.22745098,dark
64,44,56,50,64,0.21960784,0.19607843,0.2509804,dark
64,45,56,50,64,0.21960784,0.19607843,0.2509804,dark
64,46,56,50,64,0.21960784,0.19607843,0.2509804,dark
64,47,56,50,64,0.21960784,0.19607843,0.2509804,dark
64,48,56,50,64,0.21960784,0.19607843,0.2509804,dark
64,49,56,50,64,0.21960784,0.19607843,0.2509804,dark
64,50,56,50,64,0.21960784,0.19607843,0.2509804,dark
64,51,53,49,62,0.20784314,0.19215687,0.24313726,dark
64,52,52,48,62,0.20392157,0.1882353,0.24313726,dark
64,53,52,48,62,0.20392157,0.1882353,0.24313726,dark
64,54,53,48,63,0.20784314,0.1882353,0.24705882,dark
64,55,47,41,54,0.18431373,0.16078432,0.21176471,dark
64,56,40,34,44,0.15686275,0.13333334,0.17254902,dark
64,57,40,35,46,0.15686275,0.13725491,0.18039216,dark
64,58,38,32,44,0.14901961,0.1254902,0.17254902,dark
64,59,67,57,72,0.2627451,0.22352941,0.28235295,dark
64,60,137,119,140,0.5372549,0.46666667,0.54901963,mid
64,61,135,117,138,0.5294118,0.45882353,0.5411765,mid
64,62,135,117,139,0.5294118,0.45882353,0.54509807,mid
64,63,135,117,140,0.5294118,0.45882353,0.54901963,mid
64,64,135,117,140,0.5294118,0.45882353,0.54901963,mid
64,65,135,117,140,0.5294118,0.45882353,0.54901963,mid
64,66,135,117,140,0.5294118,0.45882353,0.54901963,mid
64,67,135,117,140,0.5294118,0.45882353,0.54901963,mid
64,68,135,117,140,0.5294118,0.45882353,0.54901963,mid
64,69,135,117,140,0.5294118,0.45882353,0.54901963,mid
64,70,135,117,140,0.5294118,0.45882353,0.54901963,mid
64,71,135,117,140,0.5294118,0.45882353,0.54901963,mid
64,72,135,117,140,0.5294118,0.45882353,0.54901963,mid
64,73,136,117,139,0.53333336,0.45882353,0.54509807,mid
64,74,134,116,136,0.5254902,0.45490196,0.53333336,mid
64,75,131,115,139,0.5137255,0.4509804,0.54509807,mid
64,76,108,95,117,0.42352942,0.37254903,0.45882353,mid
64,77,34,30,44,0.13333334,0.11764706,0.17254902,dark
64,78,35,30,45,0.13725491,0.11764706,0.1764706,dark
64,79,34,31,45,0.13333334,0.12156863,0.1764706,dark
64,80,34,31,45,0.13333334,0.12156863,0.1764706,dark
64,81,34,31,45,0.13333334,0.12156863,0.1764706,dark
64,82,34,31,45,0.13333334,0.12156863,0.1764706,dark
64,83,34,31,45,0.13333334,0.12156863,0.1764706,dark
64,84,34,31,45,0.13333334,0.12156863,0.1764706,dark
64,85,28,27,39,0.10980392,0.105882354,0.15294118,dark
64,86,24,24,36,0.09411765,0.09411765,0.14117648,dark
64,87,25,25,37,0.09803922,0.09803922,0.14509805,dark
64,88,25,25,37,0.09803922,0.09803922,0.14509805,dark
64,89,25,25,37,0.09803922,0.09803922,0.14509805,dark
64,90,25,25,37,0.09803922,0.09803922,0.14509805,dark
64,91,25,25,37,0.09803922,0.09803922,0.14509805,dark
64,92,25,25,37,0.09803922,0.09803922,0.14509805,dark
64,93,25,25,37,0.09803922,0.09803922,0.14509805,dark
64,94,25,25,37,0.09803922,0.09803922,0.14509805,dark
64,95,25,25,37,0.09803922,0.09803922,0.14509805,dark
64,96,23,24,36,0.09019608,0.09411765,0.14117648,dark
64,97,27,29,38,0.105882354,0.11372549,0.14901961,dark
64,98,218,218,219,0.85490197,0.85490197,0.85882354,light
64,99,255,255,255,1.0,1.0,1.0,light
64,100,255,255,255,1.0,1.0,1.0,light
64,101,255,255,255,1.0,1.0,1.0,light
64,102,255,255,255,1.0,1.0,1.0,light
64,103,255,255,255,1.0,1.0,1.0,light
64,104,255,255,255,1.0,1.0,1.0,light
64,105,255,255,255,1.0,1.0,1.0,light
64,106,255,255,255,1.0,1.0,1.0,light
64,107,255,255,255,1.0,1.0,1.0,light
64,108,255,255,255,1.0,1.0,1.0,light
64,109,255,255,255,1.0,1.0,1.0,light
64,110,255,255,255,1.0,1.0,1.0,light
64,111,255,255,255,1.0,1.0,1.0,light
64,112,255,255,255,1.0,1.0,1.0,light
64,113,255,255,255,1.0,1.0,1.0,light
64,114,255,255,255,1.0,1.0,1.0,light
64,115,255,255,255,1.0,1.0,1.0,light
64,116,255,255,255,1.0,1.0,1.0,light
64,117,255,255,255,1.0,1.0,1.0,light
64,118,255,255,255,1.0,1.0,1.0,light
64,119,255,255,255,1.0,1.0,1.0,light
64,120,255,255,255,1.0,1.0,1.0,light
64,121,255,255,255,1.0,1.0,1.0,light
64,122,255,255,255,1.0,1.0,1.0,light
64,123,255,255,255,1.0,1.0,1.0,light
64,124,255,255,255,1.0,1.0,1.0,light
64,125,255,255,255,1.0,1.0,1.0,light
64,126,255,255,255,1.0,1.0,1.0,light
64,127,255,255,255,1.0,1.0,1.0,light
65,0,255,255,255,1.0,1.0,1.0,light
65,1,255,255,255,1.0,1.0,1.0,light
65,2,255,255,255,1.0,1.0,1.0,light
65,3,255,255,255,1.0,1.0,1.0,light
65,4,255,255,255,1.0,1.0,1.0,light
65,5,255,255,255,1.0,1.0,1.0,light
65,6,255,255,255,1.0,1.0,1.0,light
65,7,255,255,255,1.0,1.0,1.0,light
65,8,255,255,255,1.0,1.0,1.0,light
65,9,255,255,255,1.0,1.0,1.0,light
65,10,255,255,255,1.0,1.0,1.0,light
65,11,255,255,255,1.0,1.0,1.0,light
65,12,255,255,255,1.0,1.0,1.0,light
65,13,255,255,255,1.0,1.0,1.0,light
65,14,255,255,255,1.0,1.0,1.0,light
65,15,255,255,255,1.0,1.0,1.0,light
65,16,255,255,255,1.0,1.0,1.0,light
65,17,255,255,255,1.0,1.0,1.0,light
65,18,255,255,255,1.0,1.0,1.0,light
65,19,255,255,255,1.0,1.0,1.0,light
65,20,255,255,255,1.0,1.0,1.0,light
65,21,255,255,255,1.0,1.0,1.0,light
65,22,255,255,255,1.0,1.0,1.0,light
65,23,255,255,255,1.0,1.0,1.0,light
65,24,255,255,255,1.0,1.0,1.0,light
65,25,255,255,255,1.0,1.0,1.0,light
65,26,255,255,255,1.0,1.0,1.0,light
65,27,255,255,255,1.0,1.0,1.0,light
65,28,255,255,254,1.0,1.0,0.99607843,light
65,29,255,255,254,1.0,1.0,0.99607843,light
65,30,253,253,253,0.99215686,0.99215686,0.99215686,light
65,31,242,240,242,0.9490196,0.9411765,0.9490196,light
65,32,139,125,142,0.54509807,0.49019608,0.5568628,mid
65,33,134,114,134,0.5254902,0.44705883,0.5254902,mid
65,34,235,224,213,0.92156863,0.8784314,0.8352941,light
65,35,255,249,231,1.0,0.9764706,0.90588236,light
65,36,255,246,229,1.0,0.9647059,0.8980392,light
65,37,255,246,229,1.0,0.9647059,0.8980392,light
65,38,255,246,229,1.0,0.9647059,0.8980392,light
65,39,255,246,229,1.0,0.9647059,0.8980392,light
65,40,252,245,228,0.9882353,0.9607843,0.89411765,light
65,41,252,250,235,0.9882353,0.98039216,0.92156863,light
65,42,186,178,174,0.7294118,0.69803923,0.68235296,light
65,43,49,43,58,0.19215687,0.16862746,0.22745098,dark
65,44,56,50,64,0.21960784,0.19607843,0.2509804,dark
65,45,56,50,64,0.21960784,0.19607843,0.2509804,dark
65,46,56,50,64,0.21960784,0.19607843,0.2509804,dark
65,47,56,50,64,0.21960784,0.19607843,0.2509804,dark
65,48,56,50,64,0.21960784,0.19607843,0.2509804,dark
65,49,56,50,64,0.21960784,0.19607843,0.2509804,dark
65,50,56,50,64,0.21960784,0.19607843,0.2509804,dark
65,51,56,50,64,0.21960784,0.19607843,0.2509804,dark
65,52,56,50,64,0.21960784,0.19607843,0.2509804,dark
65,53,56,50,64,0.21960784,0.19607843,0.2509804,dark
65,54,57,51,66,0.22352941,0.2,0.25882354,dark
65,55,38,36,50,0.14901961,0.14117648,0.19607843,dark
65,56,22,22,35,0.08627451,0.08627451,0.13725491,dark
65,57,24,22,35,0.09411765,0.08627451,0.13725491,dark
65,58,19,20,32,0.07450981,0.078431375,0.1254902,dark
65,59,53,46,62,0.20784314,0.18039216,0.24313726,dark
65,60,128,112,134,0.5019608,0.4392157,0.5254902,mid
65,61,126,110,132,0.49411765,0.43137255,0.5176471,mid
65,62,126,110,133,0.49411765,0.43137255,0.52156866,mid
65,63,126,110,133,0.49411765,0.43137255,0.52156866,mid
65,64,126,110,133,0.49411765,0.43137255,0.52156866,mid
65,65,126,110,133,0.49411765,0.43137255,0.52156866,mid
65,66,126,110,133,0.49411765,0.43137255,0.52156866,mid
65,67,126,110,133,0.49411765,0.43137255,0.52156866,mid
65,68,126,110,133,0.49411765,0.43137255,0.52156866,mid
65,69,126,110,133,0.49411765,0.43137255,0.52156866,mid
65,70,126,110,133,0.49411765,0.43137255,0.52156866,mid
65,71,126,110,133,0.49411765,0.43137255,0.52156866,mid
65,72,126,110,133,0.49411765,0.43137255,0.52156866,mid
65,73,126,110,133,0.49411765,0.43137255,0.52156866,mid
65,74,125,111,133,0.49019608,0.43529412,0.52156866,mid
65,75,129,113,136,0.5058824,0.44313726,0.53333336,mid
65,76,103,92,112,0.40392157,0.36078432,0.4392157,mid
65,77,23,23,34,0.09019608,0.09019608,0.13333334,dark
65,78,24,24,35,0.09411765,0.09411765,0.13725491,dark
65,79,23,24,35,0.09019608,0.09411765,0.13725491,dark
65,80,23,24,35,0.09019608,0.09411765,0.13725491,dark
65,81,23,24,35,0.09019608,0.09411765,0.13725491,dark
65,82,23,24,35,0.09019608,0.09411765,0.13725491,dark
65,83,23,24,35,0.09019608,0.09411765,0.13725491,dark
65,84,23,24,35,0.09019608,0.09411765,0.13725491,dark
65,85,25,25,37,0.09803922,0.09803922,0.14509805,dark
65,86,28,25,40,0.10980392,0.09803922,0.15686275,dark
65,87,26,26,39,0.101960786,0.101960786,0.15294118,dark
65,88,25,25,37,0.09803922,0.09803922,0.14509805,dark
65,89,25,25,37,0.09803922,0.09803922,0.14509805,dark
65,90,25,25,37,0.09803922,0.09803922,0.14509805,dark
65,91,25,25,37,0.09803922,0.09803922,0.14509805,dark
65,92,25,25,37,0.09803922,0.09803922,0.14509805,dark
65,93,25,25,37,0.09803922,0.09803922,0.14509805,dark
65,94,25,25,37,0.09803922,0.09803922,0.14509805,dark
65,95,25,25,37,0.09803922,0.09803922,0.14509805,dark
65,96,24,24,36,0.09411765,0.09411765,0.14117648,dark
65,97,28,29,38,0.10980392,0.11372549,0.14901961,dark
65,98,213,213,215,0.8352941,0.8352941,0.84313726,light
65,99,251,251,251,0.9843137,0.9843137,0.9843137,light
65,100,253,253,252,0.99215686,0.99215686,0.9882353,light
65,101,255,255,254,1.0,1.0,0.99607843,light
65,102,255,255,255,1.0,1.0,1.0,light
65,103,255,255,255,1.0,1.0,1.0,light
65,104,255,255,255,1.0,1.0,1.0,light
65,105,255,255,255,1.0,1.0,1.0,light
65,106,255,255,255,1.0,1.0,1.0,light
65,107,255,255,255,1.0,1.0,1.0,light
65,108,255,255,255,1.0,1.0,1.0,light
65,109,255,255,255,1.0,1.0,1.0,light
65,110,255,255,255,1.0,1.0,1.0,light
65,111,255,255,255,1.0,1.0,1.0,light
65,112,255,255,255,1.0,1.0,1.0,light
65,113,255,255,255,1.0,1.0,1.0,light
65,114,255,255,255,1.0,1.0,1.0,light
65,115,255,255,255,1.0,1.0,1.0,light
65,116,255,255,255,1.0,1.0,1.0,light
65,117,255,255,255,1.0,1.0,1.0,light
65,118,255,255,255,1.0,1.0,1.0,light
65,119,255,255,255,1.0,1.0,1.0,light
65,120,255,255,255,1.0,1.0,1.0,light
65,121,255,255,255,1.0,1.0,1.0,light
65,122,255,255,255,1.0,1.0,1.0,light
65,123,255,255,255,1.0,1.0,1.0,light
65,124,255,255,255,1.0,1.0,1.0,light
65,125,255,255,255,1.0,1.0,1.0,light
65,126,255,255,255,1.0,1.0,1.0,light
65,127,255,255,255,1.0,1.0,1.0,light
66,0,255,255,255,1.0,1.0,1.0,light
66,1,255,255,255,1.0,1.0,1.0,light
66,2,255,255,255,1.0,1.0,1.0,light
66,3,255,255,255,1.0,1.0,1.0,light
66,4,255,255,255,1.0,1.0,1.0,light
66,5,255,255,255,1.0,1.0,1.0,light
66,6,255,255,255,1.0,1.0,1.0,light
66,7,255,255,255,1.0,1.0,1.0,light
66,8,255,255,255,1.0,1.0,1.0,light
66,9,255,255,255,1.0,1.0,1.0,light
66,10,255,255,255,1.0,1.0,1.0,light
66,11,255,255,255,1.0,1.0,1.0,light
66,12,255,255,255,1.0,1.0,1.0,light
66,13,255,255,255,1.0,1.0,1.0,light
66,14,255,255,255,1.0,1.0,1.0,light
66,15,255,255,255,1.0,1.0,1.0,light
66,16,255,255,255,1.0,1.0,1.0,light
66,17,255,255,255,1.0,1.0,1.0,light
66,18,255,255,255,1.0,1.0,1.0,light
66,19,255,255,255,1.0,1.0,1.0,light
66,20,255,255,255,1.0,1.0,1.0,light
66,21,255,255,255,1.0,1.0,1.0,light
66,22,255,255,255,1.0,1.0,1.0,light
66,23,255,255,255,1.0,1.0,1.0,light
66,24,255,255,255,1.0,1.0,1.0,light
66,25,255,255,255,1.0,1.0,1.0,light
66,26,255,255,255,1.0,1.0,1.0,light
66,27,255,255,255,1.0,1.0,1.0,light
66,28,255,255,255,1.0,1.0,1.0,light
66,29,237,235,237,0.92941177,0.92156863,0.92941177,light
66,30,151,136,155,0.5921569,0.53333336,0.60784316,mid
66,31,155,143,155,0.60784316,0.56078434,0.60784316,mid
66,32,226,216,214,0.8862745,0.84705883,0.8392157,light
66,33,235,224,217,0.92156863,0.8784314,0.8509804,light
66,34,252,242,227,0.9882353,0.9490196,0.8901961,light
66,35,255,246,229,1.0,0.9647059,0.8980392,light
66,36,255,246,229,1.0,0.9647059,0.8980392,light
66,37,255,246,229,1.0,0.9647059,0.8980392,light
66,38,255,246,229,1.0,0.9647059,0.8980392,light
66,39,255,253,235,1.0,0.99215686,0.92156863,light
66,40,177,170,162,0.69411767,0.6666667,0.63529414,light
66,41,84,75,84,0.32941177,0.29411766,0.32941177,dark
66,42,79,70,83,0.30980393,0.27450982,0.3254902,dark
66,43,55,49,63,0.21568628,0.19215687,0.24705882,dark
66,44,56,50,64,0.21960784,0.19607843,0.2509804,dark
66,45,56,50,64,0.21960784,0.19607843,0.2509804,dark
66,46,56,50,64,0.21960784,0.19607843,0.2509804,dark
66,47,56,50,64,0.21960784,0.19607843,0.2509804,dark
66,48,56,50,64,0.21960784,0.19607843,0.2509804,dark
66,49,56,50,64,0.21960784,0.19607843,0.2509804,dark
66,50,56,50,64,0.21960784,0.19607843,0.2509804,dark
66,51,56,50,64,0.21960784,0.19607843,0.2509804,dark
66,52,56,50,64,0.21960784,0.19607843,0.2509804,dark
66,53,56,50,64,0.21960784,0.19607843,0.2509804,dark
66,54,57,50,64,0.22352941,0.19607843,0.2509804,dark
66,55,52,48,62,0.20392157,0.1882353,0.24313726,dark
66,56,50,47,60,0.19607843,0.18431373,0.23529412,dark
66,57,40,37,50,0.15686275,0.14509805,0.19607843,dark
66,58,22,24,36,0.08627451,0.09411765,0.14117648,dark
66,59,32,27,42,0.1254902,0.105882354,0.16470589,dark
66,60,43,38,55,0.16862746,0.14901961,0.21568628,dark
66,61,43,38,54,0.16862746,0.14901961,0.21176471,dark
66,62,43,38,54,0.16862746,0.14901961,0.21176471,dark
66,63,43,38,54,0.16862746,0.14901961,0.21176471,dark
66,64,43,38,54,0.16862746,0.14901961,0.21176471,dark
66,65,43,38,54,0.16862746,0.14901961,0.21176471,dark
66,66,43,38,54,0.16862746,0.14901961,0.21176471,dark
66,67,43,38,54,0.16862746,0.14901961,0.21176471,dark
66,68,43,38,54,0.16862746,0.14901961,0.21176471,dark
66,69,43,38,54,0.16862746,0.14901961,0.21176471,dark
66,70,43,38,54,0.16862746,0.14901961,0.21176471,dark
66,71,43,38,54,0.16862746,0.14901961,0.21176471,dark
66,72,43,38,54,0.16862746,0.14901961,0.21176471,dark
66,73,43,38,54,0.16862746,0.14901961,0.21176471,dark
66,74,43,38,54,0.16862746,0.14901961,0.21176471,dark
66,75,44,38,55,0.17254902,0.14901961,0.21568628,dark
66,76,39,35,50,0.15294118,0.13725491,0.19607843,dark
66,77,25,25,37,0.09803922,0.09803922,0.14509805,dark
66,78,25,25,37,0.09803922,0.09803922,0.14509805,dark
66,79,25,25,37,0.09803922,0.09803922,0.14509805,dark
66,80,25,25,37,0.09803922,0.09803922,0.14509805,dark
66,81,25,25,37,0.09803922,0.09803922,0.14509805,dark
66,82,25,25,37,0.09803922,0.09803922,0.14509805,dark
66,83,25,25,37,0.09803922,0.09803922,0.14509805,dark
66,84,22,22,34,0.08627451,0.08627451,0.13333334,dark
66,85,81,74,89,0.31764707,0.2901961,0.34901962,dark
66,86,118,103,125,0.4627451,0.40392157,0.49019608,mid
66,87,66,58,76,0.25882354,0.22745098,0.29803923,dark
66,88,22,22,33,0.08627451,0.08627451,0.12941177,dark
66,89,25,25,37,0.09803922,0.09803922,0.14509805,dark
66,90,25,25,37,0.09803922,0.09803922,0.14509805,dark
66,91,25,25,37,0.09803922,0.09803922,0.14509805,dark
66,92,25,25,37,0.09803922,0.09803922,0.14509805,dark
66,93,25,25,37,0.09803922,0.09803922,0.14509805,dark
66,94,25,25,37,0.09803922,0.09803922,0.14509805,dark
66,95,25,25,37,0.09803922,0.09803922,0.14509805,dark
66,96,25,25,38,0.09803922,0.09803922,0.14901961,dark
66,97,26,25,39,0.101960786,0.09803922,0.15294118,dark
66,98,56,56,66,0.21960784,0.21960784,0.25882354,dark
66,99,59,59,65,0.23137255,0.23137255,0.25490198,dark
66,100,201,200,201,0.7882353,0.78431374,0.7882353,light
66,101,255,255,255,1.0,1.0,1.0,light
66,102,255,255,255,1.0,1.0,1.0,light
66,103,255,255,255,1.0,1.0,1.0,light
66,104,255,255,255,1.0,1.0,1.0,light
66,105,255,255,255,1.0,1.0,1.0,light
66,106,255,255,255,1.0,1.0,1.0,light
66,107,255,255,255,1.0,1.0,1.0,light
66,108,255,255,255,1.0,1.0,1.0,light
66,109,255,255,255,1.0,1.0,1.0,light
66,110,255,255,255,1.0,1.0,1.0,light
66,111,255,255,255,1.0,1.0,1.0,light
66,112,255,255,255,1.0,1.0,1.0,light
66,113,255,255,255,1.0,1.0,1.0,light
66,114,255,255,255,1.0,1.0,1.0,light
66,115,255,255,255,1.0,1.0,1.0,light
66,116,255,255,255,1.0,1.0,1.0,light
66,117,255,255,255,1.0,1.0,1.0,light
66,118,255,255,255,1.0,1.0,1.0,light
66,119,255,255,255,1.0,1.0,1.0,light
66,120,255,255,255,1.0,1.0,1.0,light
66,121,255,255,255,1.0,1.0,1.0,light
66,122,255,255,255,1.0,1.0,1.0,light
66,123,255,255,255,1.0,1.0,1.0,light
66,124,255,255,255,1.0,1.0,1.0,light
66,125,255,255,255,1.0,1.0,1.0,light
66,126,255,255,255,1.0,1.0,1.0,light
66,127,255,255,255,1.0,1.0,1.0,light
67,0,255,255,255,1.0,1.0,1.0,light
67,1,255,255,255,1.0,1.0,1.0,light
67,2,255,255,255,1.0,1.0,1.0,light
67,3,255,255,255,1.0,1.0,1.0,light
67,4,255,255,255,1.0,1.0,1.0,light
67,5,255,255,255,1.0,1.0,1.0,light
67,6,255,255,255,1.0,1.0,1.0,light
67,7,255,255,255,1.0,1.0,1.0,light
67,8,255,255,255,1.0,1.0,1.0,light
67,9,255,255,255,1.0,1.0,1.0,light
67,10,255,255,255,1.0,1.0,1.0,light
67,11,255,255,255,1.0,1.0,1.0,light
67,12,255,255,255,1.0,1.0,1.0,light
67,13,255,255,255,1.0,1.0,1.0,light
67,14,255,255,255,1.0,1.0,1.0,light
67,15,255,255,255,1.0,1.0,1.0,light
67,16,255,255,255,1.0,1.0,1.0,light
67,17,255,255,255,1.0,1.0,1.0,light
67,18,255,255,255,1.0,1.0,1.0,light
67,19,255,255,255,1.0,1.0,1.0,light
67,20,255,255,255,1.0,1.0,1.0,light
67,21,255,255,255,1.0,1.0,1.0,light
67,22,255,255,255,1.0,1.0,1.0,light
67,23,255,255,255,1.0,1.0,1.0,light
67,24,255,255,255,1.0,1.0,1.0,light
67,25,255,255,255,1.0,1.0,1.0,light
67,26,255,255,255,1.0,1.0,1.0,light
67,27,255,255,255,1.0,1.0,1.0,light
67,28,255,255,255,1.0,1.0,1.0,light
67,29,233,229,234,0.9137255,0.8980392,0.91764706,light
67,30,127,109,134,0.49803922,0.42745098,0.5254902,mid
67,31,137,119,140,0.5372549,0.46666667,0.54901963,mid
67,32,247,238,224,0.96862745,0.93333334,0.8784314,light
67,33,255,251,230,1.0,0.9843137,0.9019608,light
67,34,255,246,230,1.0,0.9647059,0.9019608,light
67,35,255,246,229,1.0,0.9647059,0.8980392,light
67,36,255,246,229,1.0,0.9647059,0.8980392,light
67,37,255,246,229,1.0,0.9647059,0.8980392,light
67,38,255,246,229,1.0,0.9647059,0.8980392,light
67,39,255,255,237,1.0,1.0,0.92941177,light
67,40,161,153,150,0.6313726,0.6,0.5882353,mid
67,41,43,36,54,0.16862746,0.14117648,0.21176471,dark
67,42,52,47,61,0.20392157,0.18431373,0.23921569,dark
67,43,56,50,64,0.21960784,0.19607843,0.2509804,dark
67,44,56,50,64,0.21960784,0.19607843,0.2509804,dark
67,45,56,50,64,0.21960784,0.19607843,0.2509804,dark
67,46,56,50,64,0.21960784,0.19607843,0.2509804,dark
67,47,56,50,64,0.21960784,0.19607843,0.2509804,dark
67,48,56,50,64,0.21960784,0.19607843,0.2509804,dark
67,49,56,50,64,0.21960784,0.19607843,0.2509804,dark
67,50,56,50,64,0.21960784,0.19607843,0.2509804,dark
67,51,56,50,64,0.21960784,0.19607843,0.2509804,dark
67,52,56,50,64,0.21960784,0.19607843,0.2509804,dark
67,53,56,50,64,0.21960784,0.19607843,0.2509804,dark
67,54,58,49,64,0.22745098,0.19215687,0.2509804,dark
67,55,57,50,64,0.22352941,0.19607843,0.2509804,dark
67,56,57,52,66,0.22352941,0.20392157,0.25882354,dark
67,57,43,40,53,0.16862746,0.15686275,0.20784314,dark
67,58,22,23,35,0.08627451,0.09019608,0.13725491,dark
67,59,25,23,36,0.09803922,0.09019608,0.14117648,dark
67,60,21,23,35,0.08235294,0.09019608,0.13725491,dark
67,61,21,23,35,0.08235294,0.09019608,0.13725491,dark
67,62,21,23,35,0.08235294,0.09019608,0.13725491,dark
67,63,21,23,35,0.08235294,0.09019608,0.13725491,dark
67,64,21,23,35,0.08235294,0.09019608,0.13725491,dark
67,65,21,23,35,0.08235294,0.09019608,0.13725491,dark
67,66,21,23,35,0.08235294,0.09019608,0.13725491,dark
67,67,21,23,35,0.08235294,0.09019608,0.13725491,dark
67,68,21,23,35,0.08235294,0.09019608,0.13725491,dark
67,69,21,23,35,0.08235294,0.09019608,0.13725491,dark
67,70,21,23,35,0.08235294,0.09019608,0.13725491,dark
67,71,21,23,35,0.08235294,0.09019608,0.13725491,dark
67,72,21,23,35,0.08235294,0.09019608,0.13725491,dark
67,73,21,23,35,0.08235294,0.09019608,0.13725491,dark
67,74,21,23,35,0.08235294,0.09019608,0.13725491,dark
67,75,21,23,35,0.08235294,0.09019608,0.13725491,dark
67,76,22,23,36,0.08627451,0.09019608,0.14117648,dark
67,77,25,25,37,0.09803922,0.09803922,0.14509805,dark
67,78,25,25,37,0.09803922,0.09803922,0.14509805,dark
67,79,25,25,37,0.09803922,0.09803922,0.14509805,dark
67,80,25,25,37,0.09803922,0.09803922,0.14509805,dark
67,81,23,23,35,0.09019608,0.09019608,0.13725491,dark
67,82,23,23,35,0.09019608,0.09019608,0.13725491,dark
67,83,23,23,35,0.09019608,0.09019608,0.13725491,dark
67,84,20,20,32,0.078431375,0.078431375,0.1254902,dark
67,85,96,84,101,0.3764706,0.32941177,0.39607844,mid
67,86,140,121,147,0.54901963,0.4745098,0.5764706,mid
67,87,73,64,84,0.28627452,0.2509804,0.32941177,dark
67,88,18,19,31,0.07058824,0.07450981,0.12156863,dark
67,89,24,24,36,0.09411765,0.09411765,0.14117648,dark
67,90,25,25,37,0.09803922,0.09803922,0.14509805,dark
67,91,25,25,37,0.09803922,0.09803922,0.14509805,dark
67,92,25,25,37,0.09803922,0.09803922,0.14509805,dark
67,93,25,25,37,0.09803922,0.09803922,0.14509805,dark
67,94,25,25,37,0.09803922,0.09803922,0.14509805,dark
67,95,25,25,37,0.09803922,0.09803922,0.14509805,dark
67,96,25,25,37,0.09803922,0.09803922,0.14509805,dark
67,97,25,24,37,0.09803922,0.09411765,0.14509805,dark
67,98,21,20,33,0.08235294,0.078431375,0.12941177,dark
67,99,15,14,27,0.05882353,0.05490196,0.105882354,dark
67,100,191,189,193,0.7490196,0.7411765,0.75686276,light
67,101,255,255,255,1.0,1.0,1.0,light
67,102,255,255,255,1.0,1.0,1.0,light
67,103,255,255,255,1.0,1.0,1.0,light
67,104,255,255,255,1.0,1.0,1.0,light
67,105,255,255,255,1.0,1.0,1.0,light
67,106,255,255,255,1.0,1.0,1.0,light
67,107,255,255,255,1.0,1.0,1.0,light
67,108,255,255,255,1.0,1.0,1.0,light
67,109,255,255,255,1.0,1.0,1.0,light
67,110,255,255,255,1.0,1.0,1.0,light
67,111,255,255,255,1.0,1.0,1.0,light
67,112,255,255,255,1.0,1.0,1.0,light
67,113,255,255,255,1.0,1.0,1.0,light
67,114,255,255,255,1.0,1.0,1.0,light
67,115,255,255,255,1.0,1.0,1.0,light
67,116,255,255,255,1.0,1.0,1.0,light
67,117,255,255,255,1.0,1.0,1.0,light
67,118,255,255,255,1.0,1.0,1.0,light
67,119,255,255,255,1.0,1.0,1.0,light
67,120,255,255,255,1.0,1.0,1.0,light
67,121,255,255,255,1.0,1.0,1.0,light
67,122,255,255,255,1.0,1.0,1.0,light
67,123,255,255,255,1.0,1.0,1.0,light
67,124,255,255,255,1.0,1.0,1.0,light
67,125,255,255,255,1.0,1.0,1.0,light
67,126,255,255,255,1.0,1.0,1.0,light
67,127,255,255,255,1.0,1.0,1.0,light
68,0,255,255,255,1.0,1.0,1.0,light
68,1,255,255,255,1.0,1.0,1.0,light
68,2,255,255,255,1.0,1.0,1.0,light
68,3,255,255,255,1.0,1.0,1.0,light
68,4,255,255,255,1.0,1.0,1.0,light
68,5,255,255,255,1.0,1.0,1.0,light
68,6,255,255,255,1.0,1.0,1.0,light
68,7,255,255,255,1.0,1.0,1.0,light
68,8,255,255,255,1.0,1.0,1.0,light
68,9,255,255,255,1.0,1.0,1.0,light
68,10,255,255,255,1.0,1.0,1.0,light
68,11,255,255,255,1.0,1.0,1.0,light
68,12,255,255,255,1.0,1.0,1.0,light
68,13,255,255,255,1.0,1.0,1.0,light
68,14,255,255,255,1.0,1.0,1.0,light
68,15,255,255,255,1.0,1.0,1.0,light
68,16,255,255,255,1.0,1.0,1.0,light
68,17,255,255,255,1.0,1.0,1.0,light
68,18,255,255,255,1.0,1.0,1.0,light
68,19,255,255,255,1.0,1.0,1.0,light
68,20,255,255,255,1.0,1.0,1.0,light
68,21,255,255,255,1.0,1.0,1.0,light
68,22,255,255,255,1.0,1.0,1.0,light
68,23,255,255,255,1.0,1.0,1.0,light
68,24,255,255,255,1.0,1.0,1.0,light
68,25,255,255,254,1.0,1.0,0.99607843,light
68,26,254,255,254,0.99607843,1.0,0.99607843,light
68,27,254,255,253,0.99607843,1.0,0.99215686,light
68,28,255,255,255,1.0,1.0,1.0,light
68,29,233,230,234,0.9137255,0.9019608,0.91764706,light
68,30,128,114,135,0.5019608,0.44705883,0.5294118,mid
68,31,138,122,143,0.5411765,0.47843137,0.56078434,mid
68,32,245,235,224,0.9607843,0.92156863,0.8784314,light
68,33,255,248,230,1.0,0.972549,0.9019608,light
68,34,255,246,230,1.0,0.9647059,0.9019608,light
68,35,255,246,229,1.0,0.9647059,0.8980392,light
68,36,255,246,229,1.0,0.9647059,0.8980392,light
68,37,255,246,229,1.0,0.9647059,0.8980392,light
68,38,255,246,229,1.0,0.9647059,0.8980392,light
68,39,255,255,236,1.0,1.0,0.9254902,light
68,40,162,156,152,0.63529414,0.6117647,0.59607846,mid
68,41,46,42,56,0.18039216,0.16470589,0.21960784,dark
68,42,55,50,63,0.21568628,0.19607843,0.24705882,dark
68,43,56,50,64,0.21960784,0.19607843,0.2509804,dark
68,44,56,50,64,0.21960784,0.19607843,0.2509804,dark
68,45,56,50,64,0.21960784,0.19607843,0.2509804,dark
68,46,56,50,64,0.21960784,0.19607843,0.2509804,dark
68,47,56,50,64,0.21960784,0.19607843,0.2509804,dark
68,48,56,50,64,0.21960784,0.19607843,0.2509804,dark
68,49,56,50,64,0.21960784,0.19607843,0.2509804,dark
68,50,56,50,64,0.21960784,0.19607843,0.2509804,dark
68,51,56,50,64,0.21960784,0.19607843,0.2509804,dark
68,52,56,50,64,0.21960784,0.19607843,0.2509804,dark
68,53,56,50,64,0.21960784,0.19607843,0.2509804,dark
68,54,57,50,64,0.22352941,0.19607843,0.2509804,dark
68,55,56,50,64,0.21960784,0.19607843,0.2509804,dark
68,56,56,50,64,0.21960784,0.19607843,0.2509804,dark
68,57,52,47,61,0.20392157,0.18431373,0.23921569,dark
68,58,47,44,57,0.18431373,0.17254902,0.22352941,dark
68,59,41,38,51,0.16078432,0.14901961,0.2,dark
68,60,24,24,36,0.09411765,0.09411765,0.14117648,dark
68,61,25,25,37,0.09803922,0.09803922,0.14509805,dark
68,62,25,25,37,0.09803922,0.09803922,0.14509805,dark
68,63,25,25,37,0.09803922,0.09803922,0.14509805,dark
68,64,25,25,37,0.09803922,0.09803922,0.14509805,dark
68,65,25,25,37,0.09803922,0.09803922,0.14509805,dark
68,66,25,25,37,0.09803922,0.09803922,0.14509805,dark
68,67,25,25,37,0.09803922,0.09803922,0.14509805,dark
68,68,24,25,39,0.09411765,0.09803922,0.15294118,dark
68,69,24,25,38,0.09411765,0.09803922,0.14901961,dark
68,70,25,25,37,0.09803922,0.09803922,0.14509805,dark
68,71,25,25,37,0.09803922,0.09803922,0.14509805,dark
68,72,25,25,37,0.09803922,0.09803922,0.14509805,dark
68,73,25,25,37,0.09803922,0.09803922,0.14509805,dark
68,74,25,25,37,0.09803922,0.09803922,0.14509805,dark
68,75,25,25,37,0.09803922,0.09803922,0.14509805,dark
68,76,25,25,37,0.09803922,0.09803922,0.14509805,dark
68,77,24,25,37,0.09411765,0.09803922,0.14509805,dark
68,78,24,25,37,0.09411765,0.09803922,0.14509805,dark
68,79,23,24,37,0.09019608,0.09411765,0.14509805,dark
68,80,29,27,41,0.11372549,0.105882354,0.16078432,dark
68,81,90,82,98,0.3529412,0.32156864,0.38431373,mid
68,82,102,90,108,0.4,0.3529412,0.42352942,mid
68,83,101,88,109,0.39607844,0.34509805,0.42745098,mid
68,84,100,87,108,0.39215687,0.34117648,0.42352942,mid
68,85,119,105,127,0.46666667,0.4117647,0.49803922,mid
68,86,131,114,139,0.5137255,0.44705883,0.54509807,mid
68,87,111,100,121,0.43529412,0.39215687,0.4745098,mid
68,88,101,90,110,0.39607844,0.3529412,0.43137255,mid
68,89,70,63,80,0.27450982,0.24705882,0.3137255,dark
68,90,23,21,35,0.09019608,0.08235294,0.13725491,dark
68,91,25,25,37,0.09803922,0.09803922,0.14509805,dark
68,92,25,25,37,0.09803922,0.09803922,0.14509805,dark
68,93,25,25,37,0.09803922,0.09803922,0.14509805,dark
68,94,25,25,37,0.09803922,0.09803922,0.14509805,dark
68,95,25,25,37,0.09803922,0.09803922,0.14509805,dark
68,96,25,25,37,0.09803922,0.09803922,0.14509805,dark
68,97,25,25,36,0.09803922,0.09803922,0.14117648,dark
68,98,25,25,36,0.09803922,0.09803922,0.14117648,dark
68,99,19,20,31,0.07450981,0.078431375,0.12156863,dark
68,100,190,192,194,0.74509805,0.7529412,0.7607843,light
68,101,255,255,255,1.0,1.0,1.0,light
68,102,255,255,255,1.0,1.0,1.0,light
68,103,255,255,255,1.0,1.0,1.0,light
68,104,255,255,255,1.0,1.0,1.0,light
68,105,255,255,255,1.0,1.0,1.0,light
68,106,255,255,255,1.0,1.0,1.0,light
68,107,255,255,255,1.0,1.0,1.0,light
68,108,255,255,255,1.0,1.0,1.0,light
68,109,255,255,255,1.0,1.0,1.0,light
68,110,255,255,255,1.0,1.0,1.0,light
68,111,255,255,255,1.0,1.0,1.0,light
68,112,255,255,255,1.0,1.0,1.0,light
68,113,255,255,255,1.0,1.0,1.0,light
68,114,255,255,255,1.0,1.0,1.0,light
68,115,255,255,255,1.0,1.0,1.0,light
68,116,255,255,255,1.0,1.0,1.0,light
68,117,255,255,255,1.0,1.0,1.0,light
68,118,255,255,255,1.0,1.0,1.0,light
68,119,255,255,255,1.0,1.0,1.0,light
68,120,255,255,255,1.0,1.0,1.0,light
68,121,255,255,255,1.0,1.0,1.0,light
68,122,255,255,255,1.0,1.0,1.0,light
68,123,255,255,255,1.0,1.0,1.0,light
68,124,255,255,255,1.0,1.0,1.0,light
68,125,255,255,255,1.0,1.0,1.0,light
68,126,255,255,255,1.0,1.0,1.0,light
68,127,255,255,255,1.0,1.0,1.0,light
69,0,255,255,255,1.0,1.0,1.0,light
69,1,255,255,255,1.0,1.0,1.0,light
69,2,255,255,255,1.0,1.0,1.0,light
69,3,255,255,255,1.0,1.0,1.0,light
69,4,255,255,255,1.0,1.0,1.0,light
69,5,255,255,255,1.0,1.0,1.0,light
69,6,255,255,255,1.0,1.0,1.0,light
69,7,255,255,255,1.0,1.0,1.0,light
69,8,255,255,255,1.0,1.0,1.0,light
69,9,255,255,255,1.0,1.0,1.0,light
69,10,255,255,255,1.0,1.0,1.0,light
69,11,255,255,255,1.0,1.0,1.0,light
69,12,255,255,255,1.0,1.0,1.0,light
69,13,255,255,255,1.0,1.0,1.0,light
69,14,255,255,255,1.0,1.0,1.0,light
69,15,255,255,255,1.0,1.0,1.0,light
69,16,255,255,255,1.0,1.0,1.0,light
69,17,255,255,255,1.0,1.0,1.0,light
69,18,255,255,255,1.0,1.0,1.0,light
69,19,255,255,255,1.0,1.0,1.0,light
69,20,255,255,255,1.0,1.0,1.0,light
69,21,255,255,255,1.0,1.0,1.0,light
69,22,255,255,255,1.0,1.0,1.0,light
69,23,255,255,255,1.0,1.0,1.0,light
69,24,255,255,255,1.0,1.0,1.0,light
69,25,255,255,254,1.0,1.0,0.99607843,light
69,26,254,255,253,0.99607843,1.0,0.99215686,light
69,27,255,255,255,1.0,1.0,1.0,light
69,28,255,255,255,1.0,1.0,1.0,light
69,29,237,233,237,0.92941177,0.9137255,0.92941177,light
69,30,127,107,132,0.49803922,0.41960785,0.5176471,mid
69,31,134,117,138,0.5254902,0.45882353,0.5411765,mid
69,32,244,234,227,0.95686275,0.91764706,0.8901961,light
69,33,255,248,230,1.0,0.972549,0.9019608,light
69,34,255,246,229,1.0,0.9647059,0.8980392,light
69,35,255,246,229,1.0,0.9647059,0.8980392,light
69,36,255,246,229,1.0,0.9647059,0.8980392,light
69,37,255,246,229,1.0,0.9647059,0.8980392,light
69,38,255,246,229,1.0,0.9647059,0.8980392,light
69,39,255,255,236,1.0,1.0,0.9254902,light
69,40,162,156,153,0.63529414,0.6117647,0.6,mid
69,41,46,42,56,0.18039216,0.16470589,0.21960784,dark
69,42,56,49,64,0.21960784,0.19215687,0.2509804,dark
69,43,56,50,64,0.21960784,0.19607843,0.2509804,dark
69,44,56,50,64,0.21960784,0.19607843,0.2509804,dark
69,45,56,50,64,0.21960784,0.19607843,0.2509804,dark
69,46,56,50,64,0.21960784,0.19607843,0.2509804,dark
69,47,56,50,64,0.21960784,0.19607843,0.2509804,dark
69,48,56,50,64,0.21960784,0.19607843,0.2509804,dark
69,49,56,50,64,0.21960784,0.19607843,0.2509804,dark
69,50,56,50,64,0.21960784,0.19607843,0.2509804,dark
69,51,56,50,64,0.21960784,0.19607843,0.2509804,dark
69,52,56,50,64,0.21960784,0.19607843,0.2509804,dark
69,53,56,50,64,0.21960784,0.19607843,0.2509804,dark
69,54,56,50,64,0.21960784,0.19607843,0.2509804,dark
69,55,56,50,64,0.21960784,0.19607843,0.2509804,dark
69,56,56,50,64,0.21960784,0.19607843,0.2509804,dark
69,57,56,50,64,0.21960784,0.19607843,0.2509804,dark
69,58,58,52,66,0.22745098,0.20392157,0.25882354,dark
69,59,48,44,58,0.1882353,0.17254902,0.22745098,dark
69,60,24,24,36,0.09411765,0.09411765,0.14117648,dark
69,61,25,25,37,0.09803922,0.09803922,0.14509805,dark
69,62,25,25,37,0.09803922,0.09803922,0.14509805,dark
69,63,25,25,37,0.09803922,0.09803922,0.14509805,dark
69,64,25,25,37,0.09803922,0.09803922,0.14509805,dark
69,65,25,25,37,0.09803922,0.09803922,0.14509805,dark
69,66,25,25,37,0.09803922,0.09803922,0.14509805,dark
69,67,25,25,37,0.09803922,0.09803922,0.14509805,dark
69,68,22,22,35,0.08627451,0.08627451,0.13725491,dark
69,69,20,21,33,0.078431375,0.08235294,0.12941177,dark
69,70,21,25,33,0.08235294,0.09803922,0.12941177,dark
69,71,25,25,37,0.09803922,0.09803922,0.14509805,dark
69,72,25,25,37,0.09803922,0.09803922,0.14509805,dark
69,73,25,25,37,0.09803922,0.09803922,0.14509805,dark
69,74,25,25,37,0.09803922,0.09803922,0.14509805,dark
69,75,25,25,37,0.09803922,0.09803922,0.14509805,dark
69,76,24,24,36,0.09411765,0.09411765,0.14117648,dark
69,77,21,20,34,0.08235294,0.078431375,0.13333334,dark
69,78,21,20,34,0.08235294,0.078431375,0.13333334,dark
69,79,19,20,32,0.07450981,0.078431375,0.1254902,dark
69,80,28,24,37,0.10980392,0.09411765,0.14509805,dark
69,81,120,103,127,0.47058824,0.40392157,0.49803922,mid
69,82,137,115,142,0.5372549,0.4509804,0.5568628,mid
69,83,133,115,139,0.52156866,0.4509804,0.54509807,mid
69,84,133,115,139,0.52156866,0.4509804,0.54509807,mid
69,85,129,114,138,0.5058824,0.44705883,0.5411765,mid
69,86,131,110,136,0.5137255,0.43137255,0.53333336,mid
69,87,135,115,138,0.5294118,0.4509804,0.5411765,mid
69,88,143,122,145,0.56078434,0.47843137,0.5686275,mid
69,89,92,81,99,0.36078432,0.31764707,0.3882353,mid
69,90,21,20,33,0.08235294,0.078431375,0.12941177,dark
69,91,25,25,37,0.09803922,0.09803922,0.14509805,dark
69,92,25,25,37,0.09803922,0.09803922,0.14509805,dark
69,93,25,25,37,0.09803922,0.09803922,0.14509805,dark
69,94,25,25,37,0.09803922,0.09803922,0.14509805,dark
69,95,25,25,37,0.09803922,0.09803922,0.14509805,dark
69,96,25,25,37,0.09803922,0.09803922,0.14509805,dark
69,97,25,25,37,0.09803922,0.09803922,0.14509805,dark
69,98,25,25,37,0.09803922,0.09803922,0.14509805,dark
69,99,19,20,31,0.07450981,0.078431375,0.12156863,dark
69,100,189,192,193,0.7411765,0.7529412,0.75686276,light
69,101,255,255,255,1.0,1.0,1.0,light
69,102,255,255,255,1.0,1.0,1.0,light
69,103,255,255,255,1.0,1.0,1.0,light
69,104,255,255,255,1.0,1.0,1.0,light
69,105,255,255,255,1.0,1.0,1.0,light
69,106,255,255,255,1.0,1.0,1.0,light
69,107,255,255,255,1.0,1.0,1.0,light
69,108,255,255,255,1.0,1.0,1.0,light
69,109,255,255,255,1.0,1.0,1.0,light
69,110,255,255,255,1.0,1.0,1.0,light
69,111,255,255,255,1.0,1.0,1.0,light
69,112,255,255,255,1.0,1.0,1.0,light
69,113,255,255,255,1.0,1.0,1.0,light
69,114,255,255,255,1.0,1.0,1.0,light
69,115,255,255,255,1.0,1.0,1.0,light
69,116,255,255,255,1.0,1.0,1.0,light
69,117,255,255,255,1.0,1.0,1.0,light
69,118,255,255,255,1.0,1.0,1.0,light
69,119,255,255,255,1.0,1.0,1.0,light
69,120,255,255,255,1.0,1.0,1.0,light
69,121,255,255,255,1.0,1.0,1.0,light
69,122,255,255,255,1.0,1.0,1.0,light
69,123,255,255,255,1.0,1.0,1.0,light
69,124,255,255,255,1.0,1.0,1.0,light
69,125,255,255,255,1.0,1.0,1.0,light
69,126,255,255,255,1.0,1.0,1.0,light
69,127,255,255,255,1.0,1.0,1.0,light
70,0,255,255,255,1.0,1.0,1.0,light
70,1,255,255,255,1.0,1.0,1.0,light
70,2,255,255,255,1.0,1.0,1.0,light
70,3,255,255,255,1.0,1.0,1.0,light
70,4,255,255,255,1.0,1.0,1.0,light
70,5,255,255,255,1.0,1.0,1.0,light
70,6,255,255,255,1.0,1.0,1.0,light
70,7,255,255,255,1.0,1.0,1.0,light
70,8,255,255,255,1.0,1.0,1.0,light
70,9,255,255,255,1.0,1.0,1.0,light
70,10,255,255,255,1.0,1.0,1.0,light
70,11,255,255,255,1.0,1.0,1.0,light
70,12,255,255,255,1.0,1.0,1.0,light
70,13,255,255,255,1.0,1.0,1.0,light
70,14,255,255,255,1.0,1.0,1.0,light
70,15,255,255,255,1.0,1.0,1.0,light
70,16,255,255,255,1.0,1.0,1.0,light
70,17,255,255,255,1.0,1.0,1.0,light
70,18,255,255,255,1.0,1.0,1.0,light
70,19,255,255,255,1.0,1.0,1.0,light
70,20,255,255,255,1.0,1.0,1.0,light
70,21,255,255,255,1.0,1.0,1.0,light
70,22,255,255,255,1.0,1.0,1.0,light
70,23,255,255,255,1.0,1.0,1.0,light
70,24,255,255,255,1.0,1.0,1.0,light
70,25,254,255,253,0.99607843,1.0,0.99215686,light
70,26,255,255,254,1.0,1.0,0.99607843,light
70,27,233,229,233,0.9137255,0.8980392,0.9137255,light
70,28,175,167,178,0.6862745,0.654902,0.69803923,light
70,29,183,173,183,0.7176471,0.6784314,0.7176471,light
70,30,204,191,192,0.8,0.7490196,0.7529412,light
70,31,208,197,192,0.8156863,0.77254903,0.7529412,light
70,32,249,241,227,0.9764706,0.94509804,0.8901961,light
70,33,255,247,229,1.0,0.96862745,0.8980392,light
70,34,255,246,229,1.0,0.9647059,0.8980392,light
70,35,255,246,229,1.0,0.9647059,0.8980392,light
70,36,255,246,229,1.0,0.9647059,0.8980392,light
70,37,255,246,229,1.0,0.9647059,0.8980392,light
70,38,255,246,229,1.0,0.9647059,0.8980392,light
70,39,255,255,236,1.0,1.0,0.9254902,light
70,40,162,156,153,0.63529414,0.6117647,0.6,mid
70,41,46,42,56,0.18039216,0.16470589,0.21960784,dark
70,42,56,49,64,0.21960784,0.19215687,0.2509804,dark
70,43,56,50,64,0.21960784,0.19607843,0.2509804,dark
70,44,56,50,64,0.21960784,0.19607843,0.2509804,dark
70,45,56,50,64,0.21960784,0.19607843,0.2509804,dark
70,46,56,50,64,0.21960784,0.19607843,0.2509804,dark
70,47,56,50,64,0.21960784,0.19607843,0.2509804,dark
70,48,56,50,64,0.21960784,0.19607843,0.2509804,dark
70,49,56,50,64,0.21960784,0.19607843,0.2509804,dark
70,50,56,50,64,0.21960784,0.19607843,0.2509804,dark
70,51,56,50,64,0.21960784,0.19607843,0.2509804,dark
70,52,56,50,64,0.21960784,0.19607843,0.2509804,dark
70,53,56,50,64,0.21960784,0.19607843,0.2509804,dark
70,54,56,50,64,0.21960784,0.19607843,0.2509804,dark
70,55,56,50,64,0.21960784,0.19607843,0.2509804,dark
70,56,56,50,64,0.21960784,0.19607843,0.2509804,dark
70,57,56,50,64,0.21960784,0.19607843,0.2509804,dark
70,58,57,51,65,0.22352941,0.2,0.25490198,dark
70,59,47,43,57,0.18431373,0.16862746,0.22352941,dark
70,60,24,24,36,0.09411765,0.09411765,0.14117648,dark
70,61,25,25,37,0.09803922,0.09803922,0.14509805,dark
70,62,25,25,37,0.09803922,0.09803922,0.14509805,dark
70,63,25,25,37,0.09803922,0.09803922,0.14509805,dark
70,64,25,25,37,0.09803922,0.09803922,0.14509805,dark
70,65,25,25,37,0.09803922,0.09803922,0.14509805,dark
70,66,25,25,37,0.09803922,0.09803922,0.14509805,dark
70,67,24,24,36,0.09411765,0.09411765,0.14117648,dark
70,68,71,61,81,0.2784314,0.23921569,0.31764707,dark
70,69,90,81,101,0.3529412,0.31764707,0.39607844,mid
70,70,49,47,62,0.19215687,0.18431373,0.24313726,dark
70,71,23,23,35,0.09019608,0.09019608,0.13725491,dark
70,72,25,25,37,0.09803922,0.09803922,0.14509805,dark
70,73,25,25,37,0.09803922,0.09803922,0.14509805,dark
70,74,25,25,37,0.09803922,0.09803922,0.14509805,dark
70,75,23,24,35,0.09019608,0.09411765,0.13725491,dark
70,76,38,36,50,0.14901961,0.14117648,0.19607843,dark
70,77,88,77,96,0.34509805,0.3019608,0.3764706,dark
70,78,87,76,96,0.34117648,0.29803923,0.3764706,dark
70,79,87,76,95,0.34117648,0.29803923,0.37254903,dark
70,80,91,77,98,0.35686275,0.3019608,0.38431373,dark
70,81,125,107,132,0.49019608,0.41960785,0.5176471,mid
70,82,131,112,137,0.5137255,0.4392157,0.5372549,mid
70,83,130,112,136,0.50980395,0.4392157,0.53333336,mid
70,84,130,112,136,0.50980395,0.4392157,0.53333336,mid
70,85,130,111,137,0.50980395,0.43529412,0.5372549,mid
70,86,133,113,138,0.52156866,0.44313726,0.5411765,mid
70,87,95,85,104,0.37254903,0.33333334,0.40784314,mid
70,88,64,59,75,0.2509804,0.23137255,0.29411766,dark
70,89,48,46,60,0.1882353,0.18039216,0.23529412,dark
70,90,22,24,34,0.08627451,0.09411765,0.13333334,dark
70,91,25,25,37,0.09803922,0.09803922,0.14509805,dark
70,92,25,25,37,0.09803922,0.09803922,0.14509805,dark
70,93,25,25,37,0.09803922,0.09803922,0.14509805,dark
70,94,25,25,37,0.09803922,0.09803922,0.14509805,dark
70,95,25,25,37,0.09803922,0.09803922,0.14509805,dark
70,96,25,25,37,0.09803922,0.09803922,0.14509805,dark
70,97,25,25,37,0.09803922,0.09803922,0.14509805,dark
70,98,25,25,37,0.09803922,0.09803922,0.14509805,dark
70,99,19,20,31,0.07450981,0.078431375,0.12156863,dark
70,100,189,192,193,0.7411765,0.7529412,0.75686276,light
70,101,255,255,255,1.0,1.0,1.0,light
70,102,255,255,255,1.0,1.0,1.0,light
70,103,255,255,255,1.0,1.0,1.0,light
70,104,255,255,255,1.0,1.0,1.0,light
70,105,255,255,255,1.0,1.0,1.0,light
70,106,255,255,255,1.0,1.0,1.0,light
70,107,255,255,255,1.0,1.0,1.0,light
70,108,255,255,255,1.0,1.0,1.0,light
70,109,255,255,255,1.0,1.0,1.0,light
70,110,255,255,255,1.0,1.0,1.0,light
70,111,255,255,255,1.0,1.0,1.0,light
70,112,255,255,255,1.0,1.0,1.0,light
70,113,255,255,255,1.0,1.0,1.0,light
70,114,255,255,255,1.0,1.0,1.0,light
70,115,255,255,255,1.0,1.0,1.0,light
70,116,255,255,255,1.0,1.0,1.0,light
70,117,255,255,255,1.0,1.0,1.0,light
70,118,255,255,255,1.0,1.0,1.0,light
70,119,255,255,255,1.0,1.0,1.0,light
70,120,255,255,255,1.0,1.0,1.0,light
70,121,255,255,255,1.0,1.0,1.0,light
70,122,255,255,255,1.0,1.0,1.0,light
70,123,255,255,255,1.0,1.0,1.0,light
70,124,255,255,255,1.0,1.0,1.0,light
70,125,255,255,255,1.0,1.0,1.0,light
70,126,255,255,255,1.0,1.0,1.0,light
70,127,255,255,255,1.0,1.0,1.0,light
71,0,255,255,255,1.0,1.0,1.0,light
71,1,255,255,255,1.0,1.0,1.0,light
71,2,255,255,255,1.0,1.0,1.0,light
71,3,255,255,255,1.0,1.0,1.0,light
71,4,255,255,255,1.0,1.0,1.0,light
71,5,255,255,255,1.0,1.0,1.0,light
71,6,255,255,255,1.0,1.0,1.0,light
71,7,255,255,255,1.0,1.0,1.0,light
71,8,255,255,255,1.0,1.0,1.0,light
71,9,255,255,255,1.0,1.0,1.0,light
71,10,255,255,255,1.0,1.0,1.0,light
71,11,255,255,255,1.0,1.0,1.0,light
71,12,255,255,255,1.0,1.0,1.0,light
71,13,255,255,255,1.0,1.0,1.0,light
71,14,255,255,255,1.0,1.0,1.0,light
71,15,255,255,255,1.0,1.0,1.0,light
71,16,255,255,255,1.0,1.0,1.0,light
71,17,255,255,255,1.0,1.0,1.0,light
71,18,255,255,255,1.0,1.0,1.0,light
71,19,255,255,255,1.0,1.0,1.0,light
71,20,255,255,255,1.0,1.0,1.0,light
71,21,255,255,255,1.0,1.0,1.0,light
71,22,255,255,255,1.0,1.0,1.0,light
71,23,255,255,255,1.0,1.0,1.0,light
71,24,255,255,255,1.0,1.0,1.0,light
71,25,255,255,253,1.0,1.0,0.99215686,light
71,26,255,255,255,1.0,1.0,1.0,light
71,27,218,213,219,0.85490197,0.8352941,0.85882354,light
71,28,118,101,125,0.4627451,0.39607844,0.49019608,mid
71,29,146,130,147,0.57254905,0.50980395,0.5764706,mid
71,30,255,249,234,1.0,0.9764706,0.91764706,light
71,31,255,252,234,1.0,0.9882353,0.91764706,light
71,32,255,247,229,1.0,0.96862745,0.8980392,light
71,33,255,246,229,1.0,0.9647059,0.8980392,light
71,34,255,246,229,1.0,0.9647059,0.8980392,light
71,35,255,246,229,1.0,0.9647059,0.8980392,light
71,36,255,246,229,1.0,0.9647059,0.8980392,light
71,37,255,245,230,1.0,0.9607843,0.9019608,light
71,38,255,248,231,1.0,0.972549,0.90588236,light
71,39,255,255,240,1.0,1.0,0.9411765,light
71,40,162,158,152,0.63529414,0.61960787,0.59607846,mid
71,41,47,42,55,0.18431373,0.16470589,0.21568628,dark
71,42,57,49,65,0.22352941,0.19215687,0.25490198,dark
71,43,56,50,64,0.21960784,0.19607843,0.2509804,dark
71,44,56,50,64,0.21960784,0.19607843,0.2509804,dark
71,45,56,50,64,0.21960784,0.19607843,0.2509804,dark
71,46,56,50,64,0.21960784,0.19607843,0.2509804,dark
71,47,56,50,64,0.21960784,0.19607843,0.2509804,dark
71,48,56,50,64,0.21960784,0.19607843,0.2509804,dark
71,49,56,50,64,0.21960784,0.19607843,0.2509804,dark
71,50,56,50,64,0.21960784,0.19607843,0.2509804,dark
71,51,56,50,64,0.21960784,0.19607843,0.2509804,dark
71,52,56,50,64,0.21960784,0.19607843,0.2509804,dark
71,53,56,50,64,0.21960784,0.19607843,0.2509804,dark
71,54,56,50,64,0.21960784,0.19607843,0.2509804,dark
71,55,56,50,64,0.21960784,0.19607843,0.2509804,dark
71,56,56,50,64,0.21960784,0.19607843,0.2509804,dark
71,57,56,50,64,0.21960784,0.19607843,0.2509804,dark
71,58,57,51,65,0.22352941,0.2,0.25490198,dark
71,59,47,43,57,0.18431373,0.16862746,0.22352941,dark
71,60,24,23,35,0.09411765,0.09019608,0.13725491,dark
71,61,23,24,36,0.09019608,0.09411765,0.14117648,dark
71,62,24,25,37,0.09411765,0.09803922,0.14509805,dark
71,63,25,25,37,0.09803922,0.09803922,0.14509805,dark
71,64,25,25,37,0.09803922,0.09803922,0.14509805,dark
71,65,25,25,37,0.09803922,0.09803922,0.14509805,dark
71,66,25,25,37,0.09803922,0.09803922,0.14509805,dark
71,67,23,23,35,0.09019608,0.09019608,0.13725491,dark
71,68,102,91,113,0.4,0.35686275,0.44313726,mid
71,69,142,121,148,0.5568628,0.4745098,0.5803922,mid
71,70,66,58,76,0.25882354,0.22745098,0.29803923,dark
71,71,16,17,29,0.0627451,0.06666667,0.11372549,dark
71,72,20,21,32,0.078431375,0.08235294,0.1254902,dark
71,73,21,21,32,0.08235294,0.08235294,0.1254902,dark
71,74,21,21,32,0.08235294,0.08235294,0.1254902,dark
71,75,18,18,29,0.07058824,0.07058824,0.11372549,dark
71,76,46,41,56,0.18039216,0.16078432,0.21960784,dark
71,77,134,117,140,0.5254902,0.45882353,0.54901963,mid
71,78,134,116,139,0.5254902,0.45490196,0.54509807,mid
71,79,134,116,140,0.5254902,0.45490196,0.54901963,mid
71,80,134,115,140,0.5254902,0.4509804,0.54901963,mid
71,81,130,113,136,0.50980395,0.44313726,0.53333336,mid
71,82,130,112,137,0.50980395,0.4392157,0.5372549,mid
71,83,128,110,137,0.5019608,0.43137255,0.5372549,mid
71,84,128,108,136,0.5019608,0.42352942,0.53333336,mid
71,85,130,111,134,0.50980395,0.43529412,0.5254902,mid
71,86,134,115,140,0.5254902,0.4509804,0.54901963,mid
71,87,70,63,80,0.27450982,0.24705882,0.3137255,dark
71,88,16,17,28,0.0627451,0.06666667,0.10980392,dark
71,89,22,23,35,0.08627451,0.09019608,0.13725491,dark
71,90,25,25,37,0.09803922,0.09803922,0.14509805,dark
71,91,25,25,37,0.09803922,0.09803922,0.14509805,dark
71,92,25,25,37,0.09803922,0.09803922,0.14509805,dark
71,93,25,25,37,0.09803922,0.09803922,0.14509805,dark
71,94,25,25,37,0.09803922,0.09803922,0.14509805,dark
71,95,25,25,37,0.09803922,0.09803922,0.14509805,dark
71,96,25,25,37,0.09803922,0.09803922,0.14509805,dark
71,97,25,25,37,0.09803922,0.09803922,0.14509805,dark
71,98,25,25,37,0.09803922,0.09803922,0.14509805,dark
71,99,20,19,32,0.078431375,0.07450981,0.1254902,dark
71,100,198,198,200,0.7764706,0.7764706,0.78431374,light
71,101,255,255,255,1.0,1.0,1.0,light
71,102,255,255,255,1.0,1.0,1.0,light
71,103,255,255,255,1.0,1.0,1.0,light
71,104,255,255,255,1.0,1.0,1.0,light
71,105,255,255,255,1.0,1.0,1.0,light
71,106,255,255,255,1.0,1.0,1.0,light
71,107,255,255,255,1.0,1.0,1.0,light
71,108,255,255,255,1.0,1.0,1.0,light
71,109,255,255,255,1.0,1.0,1.0,light
71,110,255,255,255,1.0,1.0,1.0,light
71,111,255,255,255,1.0,1.0,1.0,light
71,112,255,255,255,1.0,1.0,1.0,light
71,113,255,255,255,1.0,1.0,1.0,light
71,114,255,255,255,1.0,1.0,1.0,light
71,115,255,255,255,1.0,1.0,1.0,light
71,116,255,255,255,1.0,1.0,1.0,light
71,117,255,255,255,1.0,1.0,1.0,light
71,118,255,255,255,1.0,1.0,1.0,light
71,119,255,255,255,1.0,1.0,1.0,light
71,120,255,255,255,1.0,1.0,1.0,light
71,121,255,255,255,1.0,1.0,1.0,light
71,122,255,255,255,1.0,1.0,1.0,light
71,123,255,255,255,1.0,1.0,1.0,light
71,124,255,255,255,1.0,1.0,1.0,light
71,125,255,255,255,1.0,1.0,1.0,light
71,126,255,255,255,1.0,1.0,1.0,light
71,127,255,255,255,1.0,1.0,1.0,light
72,0,255,255,255,1.0,1.0,1.0,light
72,1,255,255,255,1.0,1.0,1.0,light
72,2,255,255,255,1.0,1.0,1.0,light
72,3,255,255,255,1.0,1.0,1.0,light
72,4,255,255,255,1.0,1.0,1.0,light
72,5,255,255,255,1.0,1.0,1.0,light
72,6,255,255,255,1.0,1.0,1.0,light
72,7,255,255,255,1.0,1.0,1.0,light
72,8,255,255,255,1.0,1.0,1.0,light
72,9,255,255,255,1.0,1.0,1.0,light
72,10,255,255,255,1.0,1.0,1.0,light
72,11,255,255,255,1.0,1.0,1.0,light
72,12,255,255,255,1.0,1.0,1.0,light
72,13,255,255,255,1.0,1.0,1.0,light
72,14,255,255,255,1.0,1.0,1.0,light
72,15,255,255,255,1.0,1.0,1.0,light
72,16,255,255,255,1.0,1.0,1.0,light
72,17,255,255,255,1.0,1.0,1.0,light
72,18,255,255,255,1.0,1.0,1.0,light
72,19,255,255,255,1.0,1.0,1.0,light
72,20,255,255,255,1.0,1.0,1.0,light
72,21,255,255,255,1.0,1.0,1.0,light
72,22,255,255,255,1.0,1.0,1.0,light
72,23,255,255,255,1.0,1.0,1.0,light
72,24,255,255,255,1.0,1.0,1.0,light
72,25,255,255,253,1.0,1.0,0.99215686,light
72,26,255,255,255,1.0,1.0,1.0,light
72,27,220,215,220,0.8627451,0.84313726,0.8627451,light
72,28,124,106,131,0.4862745,0.41568628,0.5137255,mid
72,29,150,134,151,0.5882353,0.5254902,0.5921569,mid
72,30,252,244,230,0.9882353,0.95686275,0.9019608,light
72,31,255,247,230,1.0,0.96862745,0.9019608,light
72,32,255,246,229,1.0,0.9647059,0.8980392,light
72,33,255,246,229,1.0,0.9647059,0.8980392,light
72,34,255,246,229,1.0,0.9647059,0.8980392,light
72,35,255,246,229,1.0,0.9647059,0.8980392,light
72,36,255,246,229,1.0,0.9647059,0.8980392,light
72,37,255,247,231,1.0,0.96862745,0.90588236,light
72,38,237,223,211,0.92941177,0.8745098,0.827451,light
72,39,229,213,205,0.8980392,0.8352941,0.8039216,light
72,40,148,135,136,0.5803922,0.5294118,0.53333336,mid
72,41,48,43,58,0.1882353,0.16862746,0.22745098,dark
72,42,57,49,64,0.22352941,0.19215687,0.2509804,dark
72,43,56,50,64,0.21960784,0.19607843,0.2509804,dark
72,44,56,50,64,0.21960784,0.19607843,0.2509804,dark
72,45,56,50,64,0.21960784,0.19607843,0.2509804,dark
72,46,56,50,64,0.21960784,0.19607843,0.2509804,dark
72,47,56,50,64,0.21960784,0.19607843,0.2509804,dark
72,48,56,50,64,0.21960784,0.19607843,0.2509804,dark
72,49,56,50,64,0.21960784,0.19607843,0.2509804,dark
72,50,56,50,64,0.21960784,0.19607843,0.2509804,dark
72,51,56,50,64,0.21960784,0.19607843,0.2509804,dark
72,52,56,50,64,0.21960784,0.19607843,0.2509804,dark
72,53,56,50,64,0.21960784,0.19607843,0.2509804,dark
72,54,56,50,64,0.21960784,0.19607843,0.2509804,dark
72,55,56,50,64,0.21960784,0.19607843,0.2509804,dark
72,56,56,50,64,0.21960784,0.19607843,0.2509804,dark
72,57,56,50,64,0.21960784,0.19607843,0.2509804,dark
72,58,57,51,65,0.22352941,0.2,0.25490198,dark
72,59,51,46,60,0.2,0.18039216,0.23529412,dark
72,60,39,36,50,0.15294118,0.14117648,0.19607843,dark
72,61,36,35,47,0.14117648,0.13725491,0.18431373,dark
72,62,25,25,37,0.09803922,0.09803922,0.14509805,dark
72,63,25,25,37,0.09803922,0.09803922,0.14509805,dark
72,64,25,25,37,0.09803922,0.09803922,0.14509805,dark
72,65,25,25,37,0.09803922,0.09803922,0.14509805,dark
72,66,25,25,37,0.09803922,0.09803922,0.14509805,dark
72,67,23,23,35,0.09019608,0.09019608,0.13725491,dark
72,68,100,88,109,0.39215687,0.34509805,0.42745098,mid
72,69,136,116,141,0.53333336,0.45490196,0.5529412,mid
72,70,96,83,105,0.3764706,0.3254902,0.4117647,mid
72,71,71,63,81,0.2784314,0.24705882,0.31764707,dark
72,72,73,66,83,0.28627452,0.25882354,0.3254902,dark
72,73,74,65,83,0.2901961,0.25490198,0.3254902,dark
72,74,74,65,83,0.2901961,0.25490198,0.3254902,dark
72,75,73,63,82,0.28627452,0.24705882,0.32156864,dark
72,76,87,75,94,0.34117648,0.29411766,0.36862746,dark
72,77,130,113,136,0.50980395,0.44313726,0.53333336,mid
72,78,130,112,136,0.50980395,0.4392157,0.53333336,mid
72,79,130,112,136,0.50980395,0.4392157,0.53333336,mid
72,80,130,112,136,0.50980395,0.4392157,0.53333336,mid
72,81,130,112,136,0.50980395,0.4392157,0.53333336,mid
72,82,130,111,136,0.50980395,0.43529412,0.53333336,mid
72,83,156,131,150,0.6117647,0.5137255,0.5882353,mid
72,84,166,138,152,0.6509804,0.5411765,0.59607846,mid
72,85,142,120,139,0.5568628,0.47058824,0.54509807,mid
72,86,133,114,140,0.52156866,0.44705883,0.54901963,mid
72,87,73,65,82,0.28627452,0.25490198,0.32156864,dark
72,88,21,21,32,0.08235294,0.08235294,0.1254902,dark
72,89,25,25,37,0.09803922,0.09803922,0.14509805,dark
72,90,25,25,37,0.09803922,0.09803922,0.14509805,dark
72,91,25,25,37,0.09803922,0.09803922,0.14509805,dark
72,92,25,25,37,0.09803922,0.09803922,0.14509805,dark
72,93,25,25,37,0.09803922,0.09803922,0.14509805,dark
72,94,25,25,37,0.09803922,0.09803922,0.14509805,dark
72,95,25,25,37,0.09803922,0.09803922,0.14509805,dark
72,96,25,25,37,0.09803922,0.09803922,0.14509805,dark
72,97,25,25,37,0.09803922,0.09803922,0.14509805,dark
72,98,25,25,37,0.09803922,0.09803922,0.14509805,dark
72,99,22,22,34,0.08627451,0.08627451,0.13333334,dark
72,100,114,114,119,0.44705883,0.44705883,0.46666667,mid
72,101,143,144,147,0.56078434,0.5647059,0.5764706,mid
72,102,212,212,214,0.83137256,0.83137256,0.8392157,light
72,103,255,255,255,1.0,1.0,1.0,light
72,104,255,255,255,1.0,1.0,1.0,light
72,105,255,255,255,1.0,1.0,1.0,light
72,106,255,255,255,1.0,1.0,1.0,light
72,107,255,255,255,1.0,1.0,1.0,light
72,108,255,255,255,1.0,1.0,1.0,light
72,109,255,255,255,1.0,1.0,1.0,light
72,110,255,255,255,1.0,1.0,1.0,light
72,111,255,255,255,1.0,1.0,1.0,light
72,112,255,255,255,1.0,1.0,1.0,light
72,113,255,255,255,1.0,1.0,1.0,light
72,114,255,255,255,1.0,1.0,1.0,light
72,115,255,255,255,1.0,1.0,1.0,light
72,116,255,255,255,1.0,1.0,1.0,light
72,117,255,255,255,1.0,1.0,1.0,light
72,118,255,255,255,1.0,1.0,1.0,light
72,119,255,255,255,1.0,1.0,1.0,light
72,120,255,255,255,1.0,1.0,1.0,light
72,121,255,255,255,1.0,1.0,1.0,light
72,122,255,255,255,1.0,1.0,1.0,light
72,123,255,255,255,1.0,1.0,1.0,light
72,124,255,255,255,1.0,1.0,1.0,light
72,125,255,255,255,1.0,1.0,1.0,light
72,126,255,255,255,1.0,1.0,1.0,light
72,127,255,255,255,1.0,1.0,1.0,light
73,0,255,255,255,1.0,1.0,1.0,light
73,1,255,255,255,1.0,1.0,1.0,light
73,2,255,255,255,1.0,1.0,1.0,light
73,3,255,255,255,1.0,1.0,1.0,light
73,4,255,255,255,1.0,1.0,1.0,light
73,5,255,255,255,1.0,1.0,1.0,light
73,6,255,255,255,1.0,1.0,1.0,light
73,7,255,255,255,1.0,1.0,1.0,light
73,8,255,255,255,1.0,1.0,1.0,light
73,9,255,255,255,1.0,1.0,1.0,light
73,10,255,255,255,1.0,1.0,1.0,light
73,11,255,255,255,1.0,1.0,1.0,light
73,12,255,255,255,1.0,1.0,1.0,light
73,13,255,255,255,1.0,1.0,1.0,light
73,14,255,255,255,1.0,1.0,1.0,light
73,15,255,255,255,1.0,1.0,1.0,light
73,16,255,255,255,1.0,1.0,1.0,light
73,17,255,255,255,1.0,1.0,1.0,light
73,18,255,255,255,1.0,1.0,1.0,light
73,19,255,255,255,1.0,1.0,1.0,light
73,20,255,255,255,1.0,1.0,1.0,light
73,21,255,255,255,1.0,1.0,1.0,light
73,22,255,255,255,1.0,1.0,1.0,light
73,23,255,255,255,1.0,1.0,1.0,light
73,24,255,255,255,1.0,1.0,1.0,light
73,25,255,255,255,1.0,1.0,1.0,light
73,26,255,255,255,1.0,1.0,1.0,light
73,27,222,217,222,0.87058824,0.8509804,0.87058824,light
73,28,119,101,126,0.46666667,0.39607844,0.49411765,mid
73,29,146,130,147,0.57254905,0.50980395,0.5764706,mid
73,30,252,244,230,0.9882353,0.95686275,0.9019608,light
73,31,255,247,230,1.0,0.96862745,0.9019608,light
73,32,255,246,229,1.0,0.9647059,0.8980392,light
73,33,255,246,229,1.0,0.9647059,0.8980392,light
73,34,255,246,229,1.0,0.9647059,0.8980392,light
73,35,255,246,229,1.0,0.9647059,0.8980392,light
73,36,255,246,229,1.0,0.9647059,0.8980392,light
73,37,255,250,232,1.0,0.98039216,0.9098039,light
73,38,218,195,189,0.85490197,0.7647059,0.7411765,light
73,39,203,163,166,0.79607844,0.6392157,0.6509804,light
73,40,133,109,118,0.52156866,0.42745098,0.4627451,mid
73,41,49,45,61,0.19215687,0.1764706,0.23921569,dark
73,42,57,49,64,0.22352941,0.19215687,0.2509804,dark
73,43,56,50,64,0.21960784,0.19607843,0.2509804,dark
73,44,56,50,64,0.21960784,0.19607843,0.2509804,dark
73,45,56,50,64,0.21960784,0.19607843,0.2509804,dark
73,46,56,50,64,0.21960784,0.19607843,0.2509804,dark
73,47,56,50,64,0.21960784,0.19607843,0.2509804,dark
73,48,56,50,64,0.21960784,0.19607843,0.2509804,dark
73,49,56,50,64,0.21960784,0.19607843,0.2509804,dark
73,50,56,50,64,0.21960784,0.19607843,0.2509804,dark
73,51,56,50,64,0.21960784,0.19607843,0.2509804,dark
73,52,56,50,64,0.21960784,0.19607843,0.2509804,dark
73,53,56,50,64,0.21960784,0.19607843,0.2509804,dark
73,54,56,50,64,0.21960784,0.19607843,0.2509804,dark
73,55,56,50,64,0.21960784,0.19607843,0.2509804,dark
73,56,56,50,64,0.21960784,0.19607843,0.2509804,dark
73,57,56,50,64,0.21960784,0.19607843,0.2509804,dark
73,58,56,50,64,0.21960784,0.19607843,0.2509804,dark
73,59,56,50,64,0.21960784,0.19607843,0.2509804,dark
73,60,57,52,66,0.22352941,0.20392157,0.25882354,dark
73,61,50,47,60,0.19607843,0.18431373,0.23529412,dark
73,62,25,24,37,0.09803922,0.09411765,0.14509805,dark
73,63,24,24,36,0.09411765,0.09411765,0.14117648,dark
73,64,25,25,37,0.09803922,0.09803922,0.14509805,dark
73,65,25,25,37,0.09803922,0.09803922,0.14509805,dark
73,66,25,25,37,0.09803922,0.09803922,0.14509805,dark
73,67,23,23,35,0.09019608,0.09019608,0.13725491,dark
73,68,101,89,106,0.39607844,0.34901962,0.41568628,mid
73,69,133,115,138,0.52156866,0.4509804,0.5411765,mid
73,70,132,113,139,0.5176471,0.44313726,0.54509807,mid
73,71,131,114,139,0.5137255,0.44705883,0.54509807,mid
73,72,132,115,140,0.5176471,0.4509804,0.54901963,mid
73,73,133,116,141,0.52156866,0.45490196,0.5529412,mid
73,74,134,116,141,0.5254902,0.45490196,0.5529412,mid
73,75,134,116,141,0.5254902,0.45490196,0.5529412,mid
73,76,133,115,140,0.52156866,0.4509804,0.54901963,mid
73,77,130,112,136,0.50980395,0.4392157,0.53333336,mid
73,78,130,112,136,0.50980395,0.4392157,0.53333336,mid
73,79,130,112,136,0.50980395,0.4392157,0.53333336,mid
73,80,130,112,136,0.50980395,0.4392157,0.53333336,mid
73,81,128,110,134,0.5019608,0.43137255,0.5254902,mid
73,82,129,109,133,0.5058824,0.42745098,0.52156866,mid
73,83,187,155,165,0.73333335,0.60784316,0.64705884,mid
73,84,208,171,170,0.8156863,0.67058825,0.6666667,light
73,85,153,129,144,0.6,0.5058824,0.5647059,mid
73,86,130,111,137,0.50980395,0.43529412,0.5372549,mid
73,87,70,63,79,0.27450982,0.24705882,0.30980393,dark
73,88,17,18,28,0.06666667,0.07058824,0.10980392,dark
73,89,22,23,35,0.08627451,0.09019608,0.13725491,dark
73,90,25,25,37,0.09803922,0.09803922,0.14509805,dark
73,91,25,25,37,0.09803922,0.09803922,0.14509805,dark
73,92,25,25,37,0.09803922,0.09803922,0.14509805,dark
73,93,25,25,37,0.09803922,0.09803922,0.14509805,dark
73,94,25,25,37,0.09803922,0.09803922,0.14509805,dark
73,95,25,25,37,0.09803922,0.09803922,0.14509805,dark
73,96,25,25,37,0.09803922,0.09803922,0.14509805,dark
73,97,25,25,37,0.09803922,0.09803922,0.14509805,dark
73,98,25,25,37,0.09803922,0.09803922,0.14509805,dark
73,99,25,25,36,0.09803922,0.09803922,0.14117648,dark
73,100,18,18,29,0.07058824,0.07058824,0.11372549,dark
73,101,6,6,18,0.023529412,0.023529412,0.07058824,dark
73,102,159,159,163,0.62352943,0.62352943,0.6392157,mid
73,103,255,255,255,1.0,1.0,1.0,light
73,104,255,255,255,1.0,1.0,1.0,light
73,105,255,255,255,1.0,1.0,1.0,light
73,106,255,255,255,1.0,1.0,1.0,light
73,107,255,255,255,1.0,1.0,1.0,light
73,108,255,255,255,1.0,1.0,1.0,light
73,109,255,255,255,1.0,1.0,1.0,light
73,110,255,255,255,1.0,1.0,1.0,light
73,111,255,255,255,1.0,1.0,1.0,light
73,112,255,255,255,1.0,1.0,1.0,light
73,113,255,255,255,1.0,1.0,1.0,light
73,114,255,255,255,1.0,1.0,1.0,light
73,115,255,255,255,1.0,1.0,1.0,light
73,116,255,255,255,1.0,1.0,1.0,light
73,117,255,255,255,1.0,1.0,1.0,light
73,118,255,255,255,1.0,1.0,1.0,light
73,119,255,255,255,1.0,1.0,1.0,light
73,120,255,255,255,1.0,1.0,1.0,light
73,121,255,255,255,1.0,1.0,1.0,light
73,122,255,255,255,1.0,1.0,1.0,light
73,123,255,255,255,1.0,1.0,1.0,light
73,124,255,255,255,1.0,1.0,1.0,light
73,125,255,255,255,1.0,1.0,1.0,light
73,126,255,255,255,1.0,1.0,1.0,light
73,127,255,255,255,1.0,1.0,1.0,light
74,0,255,255,255,1.0,1.0,1.0,light
74,1,255,255,255,1.0,1.0,1.0,light
74,2,255,255,255,1.0,1.0,1.0,light
74,3,255,255,255,1.0,1.0,1.0,light
74,4,255,255,255,1.0,1.0,1.0,light
74,5,255,255,255,1.0,1.0,1.0,light
74,6,255,255,255,1.0,1.0,1.0,light
74,7,255,255,255,1.0,1.0,1.0,light
74,8,255,255,255,1.0,1.0,1.0,light
74,9,255,255,255,1.0,1.0,1.0,light
74,10,255,255,255,1.0,1.0,1.0,light
74,11,255,255,255,1.0,1.0,1.0,light
74,12,255,255,255,1.0,1.0,1.0,light
74,13,255,255,255,1.0,1.0,1.0,light
74,14,255,255,255,1.0,1.0,1.0,light
74,15,255,255,255,1.0,1.0,1.0,light
74,16,255,255,255,1.0,1.0,1.0,light
74,17,255,255,255,1.0,1.0,1.0,light
74,18,255,255,255,1.0,1.0,1.0,light
74,19,255,255,255,1.0,1.0,1.0,light
74,20,255,255,255,1.0,1.0,1.0,light
74,21,255,255,255,1.0,1.0,1.0,light
74,22,255,255,255,1.0,1.0,1.0,light
74,23,255,255,255,1.0,1.0,1.0,light
74,24,255,255,255,1.0,1.0,1.0,light
74,25,238,236,237,0.93333334,0.9254902,0.92941177,light
74,26,209,205,210,0.81960785,0.8039216,0.8235294,light
74,27,199,192,199,0.78039217,0.7529412,0.78039217,light
74,28,167,154,164,0.654902,0.6039216,0.6431373,mid
74,29,185,172,175,0.7254902,0.6745098,0.6862745,light
74,30,254,244,230,0.99607843,0.95686275,0.9019608,light
74,31,255,247,229,1.0,0.96862745,0.8980392,light
74,32,255,246,229,1.0,0.9647059,0.8980392,light
74,33,255,246,229,1.0,0.9647059,0.8980392,light
74,34,255,246,229,1.0,0.9647059,0.8980392,light
74,35,255,246,229,1.0,0.9647059,0.8980392,light
74,36,255,246,229,1.0,0.9647059,0.8980392,light
74,37,255,250,231,1.0,0.98039216,0.90588236,light
74,38,221,197,190,0.8666667,0.77254903,0.74509805,light
74,39,206,166,170,0.80784315,0.6509804,0.6666667,light
74,40,133,111,119,0.52156866,0.43529412,0.46666667,mid
74,41,50,44,61,0.19607843,0.17254902,0.23921569,dark
74,42,56,50,64,0.21960784,0.19607843,0.2509804,dark
74,43,56,50,64,0.21960784,0.19607843,0.2509804,dark
74,44,56,50,64,0.21960784,0.19607843,0.2509804,dark
74,45,56,50,64,0.21960784,0.19607843,0.2509804,dark
74,46,56,50,64,0.21960784,0.19607843,0.2509804,dark
74,47,56,50,64,0.21960784,0.19607843,0.2509804,dark
74,48,56,50,64,0.21960784,0.19607843,0.2509804,dark
74,49,56,50,64,0.21960784,0.19607843,0.2509804,dark
74,50,56,50,64,0.21960784,0.19607843,0.2509804,dark
74,51,56,50,64,0.21960784,0.19607843,0.2509804,dark
74,52,56,50,64,0.21960784,0.19607843,0.2509804,dark
74,53,56,50,64,0.21960784,0.19607843,0.2509804,dark
74,54,56,50,64,0.21960784,0.19607843,0.2509804,dark
74,55,56,50,64,0.21960784,0.19607843,0.2509804,dark
74,56,56,50,64,0.21960784,0.19607843,0.2509804,dark
74,57,56,50,64,0.21960784,0.19607843,0.2509804,dark
74,58,56,50,64,0.21960784,0.19607843,0.2509804,dark
74,59,56,50,64,0.21960784,0.19607843,0.2509804,dark
74,60,57,50,64,0.22352941,0.19607843,0.2509804,dark
74,61,52,47,61,0.20392157,0.18431373,0.23921569,dark
74,62,36,33,47,0.14117648,0.12941177,0.18431373,dark
74,63,33,33,45,0.12941177,0.12941177,0.1764706,dark
74,64,25,26,38,0.09803922,0.101960786,0.14901961,dark
74,65,24,25,37,0.09411765,0.09803922,0.14509805,dark
74,66,25,25,37,0.09803922,0.09803922,0.14509805,dark
74,67,23,23,35,0.09019608,0.09019608,0.13725491,dark
74,68,100,89,108,0.39215687,0.34901962,0.42352942,mid
74,69,134,113,138,0.5254902,0.44313726,0.5411765,mid
74,70,143,123,140,0.56078434,0.48235294,0.54901963,mid
74,71,157,131,147,0.6156863,0.5137255,0.5764706,mid
74,72,143,121,142,0.56078434,0.4745098,0.5568628,mid
74,73,129,111,136,0.5058824,0.43529412,0.53333336,mid
74,74,130,112,136,0.50980395,0.4392157,0.53333336,mid
74,75,130,112,136,0.50980395,0.4392157,0.53333336,mid
74,76,130,112,136,0.50980395,0.4392157,0.53333336,mid
74,77,130,112,136,0.50980395,0.4392157,0.53333336,mid
74,78,130,112,136,0.50980395,0.4392157,0.53333336,mid
74,79,129,112,136,0.5058824,0.4392157,0.53333336,mid
74,80,131,113,136,0.5137255,0.44313726,0.53333336,mid
74,81,151,127,147,0.5921569,0.49803922,0.5764706,mid
74,82,155,131,144,0.60784316,0.5137255,0.5647059,mid
74,83,192,157,163,0.7529412,0.6156863,0.6392157,mid
74,84,205,167,167,0.8039216,0.654902,0.654902,light
74,85,169,142,154,0.6627451,0.5568628,0.6039216,mid
74,86,157,131,148,0.6156863,0.5137255,0.5803922,mid
74,87,102,90,103,0.4,0.3529412,0.40392157,mid
74,88,56,53,65,0.21960784,0.20784314,0.25490198,dark
74,89,44,43,55,0.17254902,0.16862746,0.21568628,dark
74,90,22,24,36,0.08627451,0.09411765,0.14117648,dark
74,91,25,25,37,0.09803922,0.09803922,0.14509805,dark
74,92,25,25,37,0.09803922,0.09803922,0.14509805,dark
74,93,25,25,37,0.09803922,0.09803922,0.14509805,dark
74,94,25,25,37,0.09803922,0.09803922,0.14509805,dark
74,95,25,25,37,0.09803922,0.09803922,0.14509805,dark
74,96,25,25,37,0.09803922,0.09803922,0.14509805,dark
74,97,25,25,37,0.09803922,0.09803922,0.14509805,dark
74,98,25,25,37,0.09803922,0.09803922,0.14509805,dark
74,99,25,25,37,0.09803922,0.09803922,0.14509805,dark
74,100,25,25,37,0.09803922,0.09803922,0.14509805,dark
74,101,16,16,28,0.0627451,0.0627451,0.10980392,dark
74,102,163,163,167,0.6392157,0.6392157,0.654902,mid
74,103,255,255,255,1.0,1.0,1.0,light
74,104,255,255,255,1.0,1.0,1.0,light
74,105,255,255,255,1.0,1.0,1.0,light
74,106,255,255,255,1.0,1.0,1.0,light
74,107,255,255,255,1.0,1.0,1.0,light
74,108,255,255,255,1.0,1.0,1.0,light
74,109,255,255,255,1.0,1.0,1.0,light
74,110,255,255,255,1.0,1.0,1.0,light
74,111,255,255,255,1.0,1.0,1.0,light
74,112,255,255,255,1.0,1.0,1.0,light
74,113,255,255,255,1.0,1.0,1.0,light
74,114,255,255,255,1.0,1.0,1.0,light
74,115,255,255,255,1.0,1.0,1.0,light
74,116,255,255,255,1.0,1.0,1.0,light
74,117,255,255,255,1.0,1.0,1.0,light
74,118,255,255,255,1.0,1.0,1.0,light
74,119,255,255,255,1.0,1.0,1.0,light
74,120,255,255,255,1.0,1.0,1.0,light
74,121,255,255,255,1.0,1.0,1.0,light
74,122,255,255,255,1.0,1.0,1.0,light
74,123,255,255,255,1.0,1.0,1.0,light
74,124,255,255,255,1.0,1.0,1.0,light
74,125,255,255,255,1.0,1.0,1.0,light
74,126,255,255,255,1.0,1.0,1.0,light
74,127,255,255,255,1.0,1.0,1.0,light
75,0,255,255,255,1.0,1.0,1.0,light
75,1,255,255,255,1.0,1.0,1.0,light
75,2,255,255,255,1.0,1.0,1.0,light
75,3,255,255,255,1.0,1.0,1.0,light
75,4,255,255,255,1.0,1.0,1.0,light
75,5,255,255,255,1.0,1.0,1.0,light
75,6,255,255,255,1.0,1.0,1.0,light
75,7,255,255,255,1.0,1.0,1.0,light
75,8,255,255,255,1.0,1.0,1.0,light
75,9,255,255,255,1.0,1.0,1.0,light
75,10,255,255,255,1.0,1.0,1.0,light
75,11,255,255,255,1.0,1.0,1.0,light
75,12,255,255,255,1.0,1.0,1.0,light
75,13,255,255,255,1.0,1.0,1.0,light
75,14,255,255,255,1.0,1.0,1.0,light
75,15,255,255,255,1.0,1.0,1.0,light
75,16,255,255,255,1.0,1.0,1.0,light
75,17,255,255,255,1.0,1.0,1.0,light
75,18,255,255,255,1.0,1.0,1.0,light
75,19,255,255,255,1.0,1.0,1.0,light
75,20,255,255,255,1.0,1.0,1.0,light
75,21,255,255,255,1.0,1.0,1.0,light
75,22,255,255,255,1.0,1.0,1.0,light
75,23,255,255,255,1.0,1.0,1.0,light
75,24,255,255,255,1.0,1.0,1.0,light
75,25,203,196,205,0.79607844,0.76862746,0.8039216,light
75,26,116,97,125,0.45490196,0.38039216,0.49019608,mid
75,27,162,147,158,0.63529414,0.5764706,0.61960787,mid
75,28,255,253,239,1.0,0.99215686,0.9372549,light
75,29,255,250,231,1.0,0.98039216,0.90588236,light
75,30,255,247,228,1.0,0.96862745,0.89411765,light
75,31,255,246,229,1.0,0.9647059,0.8980392,light
75,32,255,246,229,1.0,0.9647059,0.8980392,light
75,33,255,246,229,1.0,0.9647059,0.8980392,light
75,34,255,246,229,1.0,0.9647059,0.8980392,light
75,35,255,246,229,1.0,0.9647059,0.8980392,light
75,36,255,246,229,1.0,0.9647059,0.8980392,light
75,37,255,250,231,1.0,0.98039216,0.90588236,light
75,38,221,197,190,0.8666667,0.77254903,0.74509805,light
75,39,206,166,170,0.80784315,0.6509804,0.6666667,light
75,40,133,111,119,0.52156866,0.43529412,0.46666667,mid
75,41,50,44,61,0.19607843,0.17254902,0.23921569,dark
75,42,56,50,64,0.21960784,0.19607843,0.2509804,dark
75,43,56,50,64,0.21960784,0.19607843,0.2509804,dark
75,44,56,50,64,0.21960784,0.19607843,0.2509804,dark
75,45,56,50,64,0.21960784,0.19607843,0.2509804,dark
75,46,56,50,64,0.21960784,0.19607843,0.2509804,dark
75,47,56,50,64,0.21960784,0.19607843,0.2509804,dark
75,48,56,50,64,0.21960784,0.19607843,0.2509804,dark
75,49,56,50,64,0.21960784,0.19607843,0.2509804,dark
75,50,56,50,64,0.21960784,0.19607843,0.2509804,dark
75,51,56,50,64,0.21960784,0.19607843,0.2509804,dark
75,52,56,50,64,0.21960784,0.19607843,0.2509804,dark
75,53,56,50,64,0.21960784,0.19607843,0.2509804,dark
75,54,56,50,64,0.21960784,0.19607843,0.2509804,dark
75,55,56,50,64,0.21960784,0.19607843,0.2509804,dark
75,56,56,50,64,0.21960784,0.19607843,0.2509804,dark
75,57,56,50,64,0.21960784,0.19607843,0.2509804,dark
75,58,56,50,64,0.21960784,0.19607843,0.2509804,dark
75,59,56,50,64,0.21960784,0.19607843,0.2509804,dark
75,60,57,50,64,0.22352941,0.19607843,0.2509804,dark
75,61,55,50,64,0.21568628,0.19607843,0.2509804,dark
75,62,57,51,65,0.22352941,0.2,0.25490198,dark
75,63,54,49,63,0.21176471,0.19215687,0.24705882,dark
75,64,26,26,38,0.101960786,0.101960786,0.14901961,dark
75,65,23,24,36,0.09019608,0.09411765,0.14117648,dark
75,66,25,25,37,0.09803922,0.09803922,0.14509805,dark
75,67,23,23,35,0.09019608,0.09019608,0.13725491,dark
75,68,100,88,110,0.39215687,0.34509805,0.43137255,mid
75,69,131,112,139,0.5137255,0.4392157,0.54509807,mid
75,70,171,146,155,0.67058825,0.57254905,0.60784316,mid
75,71,209,172,171,0.81960785,0.6745098,0.67058825,light
75,72,169,140,153,0.6627451,0.54901963,0.6,mid
75,73,126,107,133,0.49411765,0.41960785,0.52156866,mid
75,74,129,111,136,0.5058824,0.43529412,0.53333336,mid
75,75,130,112,136,0.50980395,0.4392157,0.53333336,mid
75,76,130,112,136,0.50980395,0.4392157,0.53333336,mid
75,77,130,112,136,0.50980395,0.4392157,0.53333336,mid
75,78,130,112,136,0.50980395,0.4392157,0.53333336,mid
75,79,127,110,135,0.49803922,0.43137255,0.5294118,mid
75,80,133,113,133,0.52156866,0.44313726,0.52156866,mid
75,81,194,160,167,0.7607843,0.627451,0.654902,light
75,82,205,168,168,0.8039216,0.65882355,0.65882355,light
75,83,203,164,168,0.79607844,0.6431373,0.65882355,light
75,84,203,163,169,0.79607844,0.6392157,0.6627451,light
75,85,206,169,171,0.80784315,0.6627451,0.67058825,light
75,86,212,173,173,0.83137256,0.6784314,0.6784314,light
75,87,169,142,155,0.6627451,0.5568628,0.60784316,mid
75,88,138,118,144,0.5411765,0.4627451,0.5647059,mid
75,89,92,80,99,0.36078432,0.3137255,0.3882353,mid
75,90,21,21,31,0.08235294,0.08235294,0.12156863,dark
75,91,25,25,36,0.09803922,0.09803922,0.14117648,dark
75,92,25,25,37,0.09803922,0.09803922,0.14509805,dark
75,93,25,25,37,0.09803922,0.09803922,0.14509805,dark
75,94,25,25,37,0.09803922,0.09803922,0.14509805,dark
75,95,25,25,37,0.09803922,0.09803922,0.14509805,dark
75,96,25,25,37,0.09803922,0.09803922,0.14509805,dark
75,97,25,25,37,0.09803922,0.09803922,0.14509805,dark
75,98,25,25,37,0.09803922,0.09803922,0.14509805,dark
75,99,25,25,37,0.09803922,0.09803922,0.14509805,dark
75,100,25,25,37,0.09803922,0.09803922,0.14509805,dark
75,101,16,16,28,0.0627451,0.0627451,0.10980392,dark
75,102,163,163,167,0.6392157,0.6392157,0.654902,mid
75,103,255,255,255,1.0,1.0,1.0,light
75,104,255,255,255,1.0,1.0,1.0,light
75,105,255,255,255,1.0,1.0,1.0,light
75,106,255,255,255,1.0,1.0,1.0,light
75,107,255,255,255,1.0,1.0,1.0,light
75,108,255,255,255,1.0,1.0,1.0,light
75,109,255,255,255,1.0,1.0,1.0,light
75,110,255,255,255,1.0,1.0,1.0,light
75,111,255,255,255,1.0,1.0,1.0,light
75,112,255,255,255,1.0,1.0,1.0,light
75,113,255,255,255,1.0,1.0,1.0,light
75,114,255,255,255,1.0,1.0,1.0,light
75,115,255,255,255,1.0,1.0,1.0,light
75,116,255,255,255,1.0,1.0,1.0,light
75,117,255,255,255,1.0,1.0,1.0,light
75,118,255,255,255,1.0,1.0,1.0,light
75,119,255,255,255,1.0,1.0,1.0,light
75,120,255,255,255,1.0,1.0,1.0,light
75,121,255,255,255,1.0,1.0,1.0,light
75,122,255,255,255,1.0,1.0,1.0,light
75,123,255,255,255,1.0,1.0,1.0,light
75,124,255,255,255,1.0,1.0,1.0,light
75,125,255,255,255,1.0,1.0,1.0,light
75,126,255,255,255,1.0,1.0,1.0,light
75,127,255,255,255,1.0,1.0,1.0,light
76,0,255,255,255,1.0,1.0,1.0,light
76,1,255,255,255,1.0,1.0,1.0,light
76,2,255,255,255,1.0,1.0,1.0,light
76,3,255,255,255,1.0,1.0,1.0,light
76,4,255,255,255,1.0,1.0,1.0,light
76,5,255,255,255,1.0,1.0,1.0,light
76,6,255,255,255,1.0,1.0,1.0,light
76,7,255,255,255,1.0,1.0,1.0,light
76,8,255,255,255,1.0,1.0,1.0,light
76,9,255,255,255,1.0,1.0,1.0,light
76,10,255,255,255,1.0,1.0,1.0,light
76,11,255,255,255,1.0,1.0,1.0,light
76,12,255,255,255,1.0,1.0,1.0,light
76,13,255,255,255,1.0,1.0,1.0,light
76,14,255,255,255,1.0,1.0,1.0,light
76,15,255,255,255,1.0,1.0,1.0,light
76,16,255,255,255,1.0,1.0,1.0,light
76,17,255,255,255,1.0,1.0,1.0,light
76,18,255,255,255,1.0,1.0,1.0,light
76,19,255,255,255,1.0,1.0,1.0,light
76,20,255,255,255,1.0,1.0,1.0,light
76,21,255,255,255,1.0,1.0,1.0,light
76,22,255,255,255,1.0,1.0,1.0,light
76,23,255,255,255,1.0,1.0,1.0,light
76,24,255,255,255,1.0,1.0,1.0,light
76,25,204,198,206,0.8,0.7764706,0.80784315,light
76,26,121,101,129,0.4745098,0.39607844,0.5058824,mid
76,27,163,150,159,0.6392157,0.5882353,0.62352943,mid
76,28,255,250,232,1.0,0.98039216,0.9098039,light
76,29,255,246,229,1.0,0.9647059,0.8980392,light
76,30,255,246,232,1.0,0.9647059,0.9098039,light
76,31,255,246,230,1.0,0.9647059,0.9019608,light
76,32,255,246,229,1.0,0.9647059,0.8980392,light
76,33,255,246,229,1.0,0.9647059,0.8980392,light
76,34,255,246,229,1.0,0.9647059,0.8980392,light
76,35,255,246,229,1.0,0.9647059,0.8980392,light
76,36,255,246,229,1.0,0.9647059,0.8980392,light
76,37,255,250,231,1.0,0.98039216,0.90588236,light
76,38,221,197,190,0.8666667,0.77254903,0.74509805,light
76,39,206,166,170,0.80784315,0.6509804,0.6666667,light
76,40,133,111,118,0.52156866,0.43529412,0.4627451,mid
76,41,50,44,61,0.19607843,0.17254902,0.23921569,dark
76,42,57,49,64,0.22352941,0.19215687,0.2509804,dark
76,43,56,50,64,0.21960784,0.19607843,0.2509804,dark
76,44,56,50,64,0.21960784,0.19607843,0.2509804,dark
76,45,56,50,64,0.21960784,0.19607843,0.2509804,dark
76,46,56,50,64,0.21960784,0.19607843,0.2509804,dark
76,47,56,50,64,0.21960784,0.19607843,0.2509804,dark
76,48,56,50,64,0.21960784,0.19607843,0.2509804,dark
76,49,56,50,64,0.21960784,0.19607843,0.2509804,dark
76,50,56,50,64,0.21960784,0.19607843,0.2509804,dark
76,51,56,50,64,0.21960784,0.19607843,0.2509804,dark
76,52,56,50,64,0.21960784,0.19607843,0.2509804,dark
76,53,56,50,64,0.21960784,0.19607843,0.2509804,dark
76,54,56,50,64,0.21960784,0.19607843,0.2509804,dark
76,55,56,50,64,0.21960784,0.19607843,0.2509804,dark
76,56,56,50,64,0.21960784,0.19607843,0.2509804,dark
76,57,56,50,64,0.21960784,0.19607843,0.2509804,dark
76,58,56,50,64,0.21960784,0.19607843,0.2509804,dark
76,59,56,50,64,0.21960784,0.19607843,0.2509804,dark
76,60,57,50,64,0.22352941,0.19607843,0.2509804,dark
76,61,55,50,64,0.21568628,0.19607843,0.2509804,dark
76,62,55,50,64,0.21568628,0.19607843,0.2509804,dark
76,63,53,48,62,0.20784314,0.1882353,0.24313726,dark
76,64,35,31,44,0.13725491,0.12156863,0.17254902,dark
76,65,32,29,43,0.1254902,0.11372549,0.16862746,dark
76,66,26,26,38,0.101960786,0.101960786,0.14901961,dark
76,67,23,23,35,0.09019608,0.09019608,0.13725491,dark
76,68,101,89,106,0.39607844,0.34901962,0.41568628,mid
76,69,130,112,138,0.50980395,0.4392157,0.5411765,mid
76,70,173,144,154,0.6784314,0.5647059,0.6039216,mid
76,71,206,169,168,0.80784315,0.6627451,0.65882355,light
76,72,175,146,155,0.6862745,0.57254905,0.60784316,mid
76,73,145,122,141,0.5686275,0.47843137,0.5529412,mid
76,74,140,120,141,0.54901963,0.47058824,0.5529412,mid
76,75,130,111,136,0.50980395,0.43529412,0.53333336,mid
76,76,131,112,135,0.5137255,0.4392157,0.5294118,mid
76,77,130,112,135,0.50980395,0.4392157,0.5294118,mid
76,78,132,113,137,0.5176471,0.44313726,0.5372549,mid
76,79,144,123,142,0.5647059,0.48235294,0.5568628,mid
76,80,151,125,140,0.5921569,0.49019608,0.54901963,mid
76,81,193,161,165,0.75686276,0.6313726,0.64705884,light
76,82,202,166,166,0.7921569,0.6509804,0.6509804,light
76,83,201,165,169,0.7882353,0.64705884,0.6627451,light
76,84,202,166,168,0.7921569,0.6509804,0.65882355,light
76,85,175,145,148,0.6862745,0.5686275,0.5803922,mid
76,86,163,135,138,0.6392157,0.5294118,0.5411765,mid
76,87,131,113,127,0.5137255,0.44313726,0.49803922,mid
76,88,107,94,117,0.41960785,0.36862746,0.45882353,mid
76,89,74,66,84,0.2901961,0.25882354,0.32941177,dark
76,90,23,22,34,0.09019608,0.08627451,0.13333334,dark
76,91,25,25,37,0.09803922,0.09803922,0.14509805,dark
76,92,25,25,37,0.09803922,0.09803922,0.14509805,dark
76,93,25,25,37,0.09803922,0.09803922,0.14509805,dark
76,94,25,25,37,0.09803922,0.09803922,0.14509805,dark
76,95,25,25,37,0.09803922,0.09803922,0.14509805,dark
76,96,25,25,37,0.09803922,0.09803922,0.14509805,dark
76,97,25,25,37,0.09803922,0.09803922,0.14509805,dark
76,98,25,25,37,0.09803922,0.09803922,0.14509805,dark
76,99,25,25,37,0.09803922,0.09803922,0.14509805,dark
76,100,25,25,37,0.09803922,0.09803922,0.14509805,dark
76,101,16,16,28,0.0627451,0.0627451,0.10980392,dark
76,102,163,163,167,0.6392157,0.6392157,0.654902,mid
76,103,255,255,255,1.0,1.0,1.0,light
76,104,255,255,255,1.0,1.0,1.0,light
76,105,255,255,255,1.0,1.0,1.0,light
76,106,255,255,255,1.0,1.0,1.0,light
76,107,255,255,255,1.0,1.0,1.0,light
76,108,255,255,255,1.0,1.0,1.0,light
76,109,255,255,255,1.0,1.0,1.0,light
76,110,255,255,255,1.0,1.0,1.0,light
76,111,255,255,255,1.0,1.0,1.0,light
76,112,255,255,255,1.0,1.0,1.0,light
76,113,255,255,255,1.0,1.0,1.0,light
76,114,255,255,255,1.0,1.0,1.0,light
76,115,255,255,255,1.0,1.0,1.0,light
76,116,255,255,255,1.0,1.0,1.0,light
76,117,255,255,255,1.0,1.0,1.0,light
76,118,255,255,255,1.0,1.0,1.0,light
76,119,255,255,255,1.0,1.0,1.0,light
76,120,255,255,255,1.0,1.0,1.0,light
76,121,255,255,255,1.0,1.0,1.0,light
76,122,255,255,255,1.0,1.0,1.0,light
76,123,255,255,255,1.0,1.0,1.0,light
76,124,255,255,255,1.0,1.0,1.0,light
76,125,255,255,255,1.0,1.0,1.0,light
76,126,255,255,255,1.0,1.0,1.0,light
76,127,255,255,255,1.0,1.0,1.0,light
77,0,255,255,255,1.0,1.0,1.0,light
77,1,255,255,255,1.0,1.0,1.0,light
77,2,255,255,255,1.0,1.0,1.0,light
77,3,255,255,255,1.0,1.0,1.0,light
77,4,255,255,255,1.0,1.0,1.0,light
77,5,255,255,255,1.0,1.0,1.0,light
77,6,255,255,255,1.0,1.0,1.0,light
77,7,255,255,255,1.0,1.0,1.0,light
77,8,255,255,255,1.0,1.0,1.0,light
77,9,255,255,255,1.0,1.0,1.0,light
77,10,255,255,255,1.0,1.0,1.0,light
77,11,255,255,255,1.0,1.0,1.0,light
77,12,255,255,255,1.0,1.0,1.0,light
77,13,255,255,255,1.0,1.0,1.0,light
77,14,255,255,255,1.0,1.0,1.0,light
77,15,255,255,255,1.0,1.0,1.0,light
77,16,255,255,255,1.0,1.0,1.0,light
77,17,255,255,255,1.0,1.0,1.0,light
77,18,255,255,255,1.0,1.0,1.0,light
77,19,255,255,255,1.0,1.0,1.0,light
77,20,255,255,255,1.0,1.0,1.0,light
77,21,255,255,255,1.0,1.0,1.0,light
77,22,255,255,255,1.0,1.0,1.0,light
77,23,255,255,255,1.0,1.0,1.0,light
77,24,255,255,255,1.0,1.0,1.0,light
77,25,204,198,207,0.8,0.7764706,0.8117647,light
77,26,119,103,126,0.46666667,0.40392157,0.49411765,mid
77,27,163,149,163,0.6392157,0.58431375,0.6392157,mid
77,28,255,249,233,1.0,0.9764706,0.9137255,light
77,29,255,246,229,1.0,0.9647059,0.8980392,light
77,30,255,246,229,1.0,0.9647059,0.8980392,light
77,31,255,246,229,1.0,0.9647059,0.8980392,light
77,32,255,246,229,1.0,0.9647059,0.8980392,light
77,33,255,246,229,1.0,0.9647059,0.8980392,light
77,34,255,246,229,1.0,0.9647059,0.8980392,light
77,35,255,246,229,1.0,0.9647059,0.8980392,light
77,36,255,246,229,1.0,0.9647059,0.8980392,light
77,37,255,250,231,1.0,0.98039216,0.90588236,light
77,38,221,197,190,0.8666667,0.77254903,0.74509805,light
77,39,205,167,170,0.8039216,0.654902,0.6666667,light
77,40,133,110,117,0.52156866,0.43137255,0.45882353,mid
77,41,45,43,58,0.1764706,0.16862746,0.22745098,dark
77,42,54,48,62,0.21176471,0.1882353,0.24313726,dark
77,43,56,50,64,0.21960784,0.19607843,0.2509804,dark
77,44,56,50,64,0.21960784,0.19607843,0.2509804,dark
77,45,56,50,64,0.21960784,0.19607843,0.2509804,dark
77,46,56,50,64,0.21960784,0.19607843,0.2509804,dark
77,47,56,50,64,0.21960784,0.19607843,0.2509804,dark
77,48,56,50,64,0.21960784,0.19607843,0.2509804,dark
77,49,56,50,64,0.21960784,0.19607843,0.2509804,dark
77,50,56,50,64,0.21960784,0.19607843,0.2509804,dark
77,51,56,50,64,0.21960784,0.19607843,0.2509804,dark
77,52,56,50,64,0.21960784,0.19607843,0.2509804,dark
77,53,56,50,64,0.21960784,0.19607843,0.2509804,dark
77,54,56,50,64,0.21960784,0.19607843,0.2509804,dark
77,55,56,50,64,0.21960784,0.19607843,0.2509804,dark
77,56,56,50,64,0.21960784,0.19607843,0.2509804,dark
77,57,56,50,64,0.21960784,0.19607843,0.2509804,dark
77,58,56,50,64,0.21960784,0.19607843,0.2509804,dark
77,59,56,50,64,0.21960784,0.19607843,0.2509804,dark
77,60,56,50,64,0.21960784,0.19607843,0.2509804,dark
77,61,56,50,64,0.21960784,0.19607843,0.2509804,dark
77,62,56,50,64,0.21960784,0.19607843,0.2509804,dark
77,63,56,50,64,0.21960784,0.19607843,0.2509804,dark
77,64,56,50,64,0.21960784,0.19607843,0.2509804,dark
77,65,56,49,63,0.21960784,0.19215687,0.24705882,dark
77,66,30,29,41,0.11764706,0.11372549,0.16078432,dark
77,67,22,22,34,0.08627451,0.08627451,0.13333334,dark
77,68,99,87,109,0.3882353,0.34117648,0.42745098,mid
77,69,129,111,141,0.5058824,0.43529412,0.5529412,mid
77,70,171,144,156,0.67058825,0.5647059,0.6117647,mid
77,71,204,167,169,0.8,0.654902,0.6627451,light
77,72,201,165,167,0.7882353,0.64705884,0.654902,light
77,73,203,167,169,0.79607844,0.654902,0.6627451,light
77,74,177,147,159,0.69411767,0.5764706,0.62352943,mid
77,75,128,108,138,0.5019608,0.42352942,0.5411765,mid
77,76,128,111,137,0.5019608,0.43529412,0.5372549,mid
77,77,126,110,138,0.49411765,0.43137255,0.5411765,mid
77,78,139,117,141,0.54509807,0.45882353,0.5529412,mid
77,79,198,163,168,0.7764706,0.6392157,0.65882355,light
77,80,202,165,167,0.7921569,0.64705884,0.654902,light
77,81,201,165,167,0.7882353,0.64705884,0.654902,light
77,82,201,165,168,0.7882353,0.64705884,0.65882355,light
77,83,201,165,169,0.7882353,0.64705884,0.6627451,light
77,84,207,170,174,0.8117647,0.6666667,0.68235296,light
77,85,82,70,77,0.32156864,0.27450982,0.3019608,dark
77,86,16,17,27,0.0627451,0.06666667,0.105882354,dark
77,87,24,23,36,0.09411765,0.09019608,0.14117648,dark
77,88,24,25,36,0.09411765,0.09803922,0.14117648,dark
77,89,25,25,37,0.09803922,0.09803922,0.14509805,dark
77,90,25,25,37,0.09803922,0.09803922,0.14509805,dark
77,91,25,25,37,0.09803922,0.09803922,0.14509805,dark
77,92,25,25,37,0.09803922,0.09803922,0.14509805,dark
77,93,25,25,37,0.09803922,0.09803922,0.14509805,dark
77,94,25,25,37,0.09803922,0.09803922,0.14509805,dark
77,95,25,25,37,0.09803922,0.09803922,0.14509805,dark
77,96,25,25,37,0.09803922,0.09803922,0.14509805,dark
77,97,25,25,37,0.09803922,0.09803922,0.14509805,dark
77,98,25,25,37,0.09803922,0.09803922,0.14509805,dark
77,99,25,25,37,0.09803922,0.09803922,0.14509805,dark
77,100,25,25,37,0.09803922,0.09803922,0.14509805,dark
77,101,16,16,28,0.0627451,0.0627451,0.10980392,dark
77,102,163,163,167,0.6392157,0.6392157,0.654902,mid
77,103,255,255,255,1.0,1.0,1.0,light
77,104,255,255,255,1.0,1.0,1.0,light
77,105,255,255,255,1.0,1.0,1.0,light
77,106,255,255,255,1.0,1.0,1.0,light
77,107,255,255,255,1.0,1.0,1.0,light
77,108,255,255,255,1.0,1.0,1.0,light
77,109,255,255,255,1.0,1.0,1.0,light
77,110,255,255,255,1.0,1.0,1.0,light
77,111,255,255,255,1.0,1.0,1.0,light
77,112,255,255,255,1.0,1.0,1.0,light
77,113,255,255,255,1.0,1.0,1.0,light
77,114,255,255,255,1.0,1.0,1.0,light
77,115,255,255,255,1.0,1.0,1.0,light
77,116,255,255,255,1.0,1.0,1.0,light
77,117,255,255,255,1.0,1.0,1.0,light
77,118,255,255,255,1.0,1.0,1.0,light
77,119,255,255,255,1.0,1.0,1.0,light
77,120,255,255,255,1.0,1.0,1.0,light
77,121,255,255,255,1.0,1.0,1.0,light
77,122,255,255,255,1.0,1.0,1.0,light
77,123,255,255,255,1.0,1.0,1.0,light
77,124,255,255,255,1.0,1.0,1.0,light
77,125,255,255,255,1.0,1.0,1.0,light
77,126,255,255,255,1.0,1.0,1.0,light
77,127,255,255,255,1.0,1.0,1.0,light
78,0,255,255,255,1.0,1.0,1.0,light
78,1,255,255,255,1.0,1.0,1.0,light
78,2,255,255,255,1.0,1.0,1.0,light
78,3,255,255,255,1.0,1.0,1.0,light
78,4,255,255,255,1.0,1.0,1.0,light
78,5,255,255,255,1.0,1.0,1.0,light
78,6,255,255,255,1.0,1.0,1.0,light
78,7,255,255,255,1.0,1.0,1.0,light
78,8,255,255,255,1.0,1.0,1.0,light
78,9,255,255,255,1.0,1.0,1.0,light
78,10,255,255,255,1.0,1.0,1.0,light
78,11,255,255,255,1.0,1.0,1.0,light
78,12,255,255,255,1.0,1.0,1.0,light
78,13,255,255,255,1.0,1.0,1.0,light
78,14,255,255,255,1.0,1.0,1.0,light
78,15,255,255,255,1.0,1.0,1.0,light
78,16,255,255,255,1.0,1.0,1.0,light
78,17,255,255,255,1.0,1.0,1.0,light
78,18,255,255,255,1.0,1.0,1.0,light
78,19,255,255,255,1.0,1.0,1.0,light
78,20,255,255,255,1.0,1.0,1.0,light
78,21,255,255,255,1.0,1.0,1.0,light
78,22,255,255,255,1.0,1.0,1.0,light
78,23,255,255,255,1.0,1.0,1.0,light
78,24,255,255,255,1.0,1.0,1.0,light
78,25,204,198,207,0.8,0.7764706,0.8117647,light
78,26,119,103,126,0.46666667,0.40392157,0.49411765,mid
78,27,163,149,163,0.6392157,0.58431375,0.6392157,mid
78,28,255,249,233,1.0,0.9764706,0.9137255,light
78,29,255,246,229,1.0,0.9647059,0.8980392,light
78,30,255,246,229,1.0,0.9647059,0.8980392,light
78,31,255,246,229,1.0,0.9647059,0.8980392,light
78,32,255,246,229,1.0,0.9647059,0.8980392,light
78,33,255,246,229,1.0,0.9647059,0.8980392,light
78,34,255,246,229,1.0,0.9647059,0.8980392,light
78,35,255,246,229,1.0,0.9647059,0.8980392,light
78,36,255,246,229,1.0,0.9647059,0.8980392,light
78,37,255,250,231,1.0,0.98039216,0.90588236,light
78,38,221,197,190,0.8666667,0.77254903,0.74509805,light
78,39,204,166,170,0.8,0.6509804,0.6666667,light
78,40,144,117,123,0.5647059,0.45882353,0.48235294,mid
78,41,70,60,68,0.27450982,0.23529412,0.26666668,dark
78,42,67,60,70,0.2627451,0.23529412,0.27450982,dark
78,43,56,50,64,0.21960784,0.19607843,0.2509804,dark
78,44,56,50,64,0.21960784,0.19607843,0.2509804,dark
78,45,56,50,64,0.21960784,0.19607843,0.2509804,dark
78,46,56,50,64,0.21960784,0.19607843,0.2509804,dark
78,47,56,50,64,0.21960784,0.19607843,0.2509804,dark
78,48,56,50,64,0.21960784,0.19607843,0.2509804,dark
78,49,56,50,64,0.21960784,0.19607843,0.2509804,dark
78,50,56,50,64,0.21960784,0.19607843,0.2509804,dark
78,51,56,50,64,0.21960784,0.19607843,0.2509804,dark
78,52,56,50,64,0.21960784,0.19607843,0.2509804,dark
78,53,56,50,64,0.21960784,0.19607843,0.2509804,dark
78,54,56,50,64,0.21960784,0.19607843,0.2509804,dark
78,55,56,50,64,0.21960784,0.19607843,0.2509804,dark
78,56,56,50,64,0.21960784,0.19607843,0.2509804,dark
78,57,56,50,64,0.21960784,0.19607843,0.2509804,dark
78,58,56,50,64,0.21960784,0.19607843,0.2509804,dark
78,59,56,50,64,0.21960784,0.19607843,0.2509804,dark
78,60,56,50,64,0.21960784,0.19607843,0.2509804,dark
78,61,56,50,64,0.21960784,0.19607843,0.2509804,dark
78,62,56,50,64,0.21960784,0.19607843,0.2509804,dark
78,63,56,50,64,0.21960784,0.19607843,0.2509804,dark
78,64,56,50,64,0.21960784,0.19607843,0.2509804,dark
78,65,56,49,63,0.21960784,0.19215687,0.24705882,dark
78,66,30,29,41,0.11764706,0.11372549,0.16078432,dark
78,67,22,22,34,0.08627451,0.08627451,0.13333334,dark
78,68,108,92,112,0.42352942,0.36078432,0.4392157,mid
78,69,143,118,142,0.56078434,0.4627451,0.5568628,mid
78,70,175,148,156,0.6862745,0.5803922,0.6117647,mid
78,71,204,167,168,0.8,0.654902,0.65882355,light
78,72,201,165,167,0.7882353,0.64705884,0.654902,light
78,73,203,167,169,0.79607844,0.654902,0.6627451,light
78,74,183,149,158,0.7176471,0.58431375,0.61960787,mid
78,75,140,115,138,0.54901963,0.4509804,0.5411765,mid
78,76,139,117,141,0.54509807,0.45882353,0.5529412,mid
78,77,138,117,141,0.5411765,0.45882353,0.5529412,mid
78,78,151,122,141,0.5921569,0.47843137,0.5529412,mid
78,79,199,163,167,0.78039217,0.6392157,0.654902,light
78,80,202,166,167,0.7921569,0.6509804,0.654902,light
78,81,201,165,167,0.7882353,0.64705884,0.654902,light
78,82,201,165,168,0.7882353,0.64705884,0.65882355,light
78,83,201,165,169,0.7882353,0.64705884,0.6627451,light
78,84,206,170,173,0.80784315,0.6666667,0.6784314,light
78,85,93,78,89,0.3647059,0.30588236,0.34901962,dark
78,86,32,30,44,0.1254902,0.11764706,0.17254902,dark
78,87,31,29,42,0.12156863,0.11372549,0.16470589,dark
78,88,24,24,36,0.09411765,0.09411765,0.14117648,dark
78,89,25,25,37,0.09803922,0.09803922,0.14509805,dark
78,90,25,25,37,0.09803922,0.09803922,0.14509805,dark
78,91,25,25,37,0.09803922,0.09803922,0.14509805,dark
78,92,25,25,37,0.09803922,0.09803922,0.14509805,dark
78,93,25,25,37,0.09803922,0.09803922,0.14509805,dark
78,94,25,25,37,0.09803922,0.09803922,0.14509805,dark
78,95,25,25,37,0.09803922,0.09803922,0.14509805,dark
78,96,25,25,37,0.09803922,0.09803922,0.14509805,dark
78,97,25,25,37,0.09803922,0.09803922,0.14509805,dark
78,98,25,25,37,0.09803922,0.09803922,0.14509805,dark
78,99,25,25,37,0.09803922,0.09803922,0.14509805,dark
78,100,25,25,37,0.09803922,0.09803922,0.14509805,dark
78,101,16,16,28,0.0627451,0.0627451,0.10980392,dark
78,102,163,163,167,0.6392157,0.6392157,0.654902,mid
78,103,255,255,255,1.0,1.0,1.0,light
78,104,255,255,255,1.0,1.0,1.0,light
78,105,255,255,255,1.0,1.0,1.0,light
78,106,255,255,255,1.0,1.0,1.0,light
78,107,255,255,255,1.0,1.0,1.0,light
78,108,255,255,255,1.0,1.0,1.0,light
78,109,255,255,255,1.0,1.0,1.0,light
78,110,255,255,255,1.0,1.0,1.0,light
78,111,255,255,255,1.0,1.0,1.0,light
78,112,255,255,255,1.0,1.0,1.0,light
78,113,255,255,255,1.0,1.0,1.0,light
78,114,255,255,255,1.0,1.0,1.0,light
78,115,255,255,255,1.0,1.0,1.0,light
78,116,255,255,255,1.0,1.0,1.0,light
78,117,255,255,255,1.0,1.0,1.0,light
78,118,255,255,255,1.0,1.0,1.0,light
78,119,255,255,255,1.0,1.0,1.0,light
78,120,255,255,255,1.0,1.0,1.0,light
78,121,255,255,255,1.0,1.0,1.0,light
78,122,255,255,255,1.0,1.0,1.0,light
78,123,255,255,255,1.0,1.0,1.0,light
78,124,255,255,255,1.0,1.0,1.0,light
78,125,255,255,255,1.0,1.0,1.0,light
78,126,255,255,255,1.0,1.0,1.0,light
78,127,255,255,255,1.0,1.0,1.0,light
79,0,255,255,255,1.0,1.0,1.0,light
79,1,255,255,255,1.0,1.0,1.0,light
79,2,255,255,255,1.0,1.0,1.0,light
79,3,255,255,255,1.0,1.0,1.0,light
79,4,255,255,255,1.0,1.0,1.0,light
79,5,255,255,255,1.0,1.0,1.0,light
79,6,255,255,255,1.0,1.0,1.0,light
79,7,255,255,255,1.0,1.0,1.0,light
79,8,255,255,255,1.0,1.0,1.0,light
79,9,255,255,255,1.0,1.0,1.0,light
79,10,255,255,255,1.0,1.0,1.0,light
79,11,255,255,255,1.0,1.0,1.0,light
79,12,255,255,255,1.0,1.0,1.0,light
79,13,255,255,255,1.0,1.0,1.0,light
79,14,255,255,255,1.0,1.0,1.0,light
79,15,255,255,255,1.0,1.0,1.0,light
79,16,255,255,255,1.0,1.0,1.0,light
79,17,255,255,255,1.0,1.0,1.0,light
79,18,255,255,255,1.0,1.0,1.0,light
79,19,255,255,255,1.0,1.0,1.0,light
79,20,255,255,255,1.0,1.0,1.0,light
79,21,255,255,255,1.0,1.0,1.0,light
79,22,255,255,255,1.0,1.0,1.0,light
79,23,255,255,255,1.0,1.0,1.0,light
79,24,255,255,255,1.0,1.0,1.0,light
79,25,204,198,207,0.8,0.7764706,0.8117647,light
79,26,118,101,128,0.4627451,0.39607844,0.5019608,mid
79,27,162,148,161,0.63529414,0.5803922,0.6313726,mid
79,28,255,249,232,1.0,0.9764706,0.9098039,light
79,29,255,246,229,1.0,0.9647059,0.8980392,light
79,30,255,246,229,1.0,0.9647059,0.8980392,light
79,31,255,246,229,1.0,0.9647059,0.8980392,light
79,32,255,246,229,1.0,0.9647059,0.8980392,light
79,33,255,246,229,1.0,0.9647059,0.8980392,light
79,34,255,246,229,1.0,0.9647059,0.8980392,light
79,35,255,246,229,1.0,0.9647059,0.8980392,light
79,36,255,246,229,1.0,0.9647059,0.8980392,light
79,37,255,250,231,1.0,0.98039216,0.90588236,light
79,38,221,197,190,0.8666667,0.77254903,0.74509805,light
79,39,200,162,165,0.78431374,0.63529414,0.64705884,light
79,40,198,162,165,0.7764706,0.63529414,0.64705884,light
79,41,197,165,167,0.77254903,0.64705884,0.654902,light
79,42,146,123,132,0.57254905,0.48235294,0.5176471,mid
79,43,52,46,60,0.20392157,0.18039216,0.23529412,dark
79,44,56,50,64,0.21960784,0.19607843,0.2509804,dark
79,45,56,50,64,0.21960784,0.19607843,0.2509804,dark
79,46,56,50,64,0.21960784,0.19607843,0.2509804,dark
79,47,56,50,64,0.21960784,0.19607843,0.2509804,dark
79,48,56,50,64,0.21960784,0.19607843,0.2509804,dark
79,49,56,50,64,0.21960784,0.19607843,0.2509804,dark
79,50,56,50,64,0.21960784,0.19607843,0.2509804,dark
79,51,56,50,64,0.21960784,0.19607843,0.2509804,dark
79,52,56,50,64,0.21960784,0.19607843,0.2509804,dark
79,53,56,50,64,0.21960784,0.19607843,0.2509804,dark
79,54,56,50,64,0.21960784,0.19607843,0.2509804,dark
79,55,56,50,64,0.21960784,0.19607843,0.2509804,dark
79,56,56,50,64,0.21960784,0.19607843,0.2509804,dark
79,57,56,50,64,0.21960784,0.19607843,0.2509804,dark
79,58,56,50,64,0.21960784,0.19607843,0.2509804,dark
79,59,56,50,64,0.21960784,0.19607843,0.2509804,dark
79,60,56,50,64,0.21960784,0.19607843,0.2509804,dark
79,61,56,50,64,0.21960784,0.19607843,0.2509804,dark
79,62,56,50,64,0.21960784,0.19607843,0.2509804,dark
79,63,56,50,64,0.21960784,0.19607843,0.2509804,dark
79,64,56,50,64,0.21960784,0.19607843,0.2509804,dark
79,65,55,49,63,0.21568628,0.19215687,0.24705882,dark
79,66,29,29,41,0.11372549,0.11372549,0.16078432,dark
79,67,21,21,33,0.08235294,0.08235294,0.12941177,dark
79,68,148,126,132,0.5803922,0.49411765,0.5176471,mid
79,69,203,167,172,0.79607844,0.654902,0.6745098,light
79,70,199,165,166,0.78039217,0.64705884,0.6509804,light
79,71,202,165,167,0.7921569,0.64705884,0.654902,light
79,72,201,165,167,0.7882353,0.64705884,0.654902,light
79,73,201,165,167,0.7882353,0.64705884,0.654902,light
79,74,200,164,166,0.78431374,0.6431373,0.6509804,light
79,75,197,163,168,0.77254903,0.6392157,0.65882355,light
79,76,198,163,168,0.7764706,0.6392157,0.65882355,light
79,77,198,163,168,0.7764706,0.6392157,0.65882355,light
79,78,199,163,167,0.78039217,0.6392157,0.654902,light
79,79,201,166,167,0.7882353,0.6509804,0.654902,light
79,80,201,165,167,0.7882353,0.64705884,0.654902,light
79,81,201,165,167,0.7882353,0.64705884,0.654902,light
79,82,201,165,168,0.7882353,0.64705884,0.65882355,light
79,83,201,165,169,0.7882353,0.64705884,0.6627451,light
79,84,203,167,170,0.79607844,0.654902,0.6666667,light
79,85,152,126,144,0.59607846,0.49411765,0.5647059,mid
79,86,125,110,133,0.49019608,0.43137255,0.52156866,mid
79,87,69,64,79,0.27058825,0.2509804,0.30980393,dark
79,88,20,20,32,0.078431375,0.078431375,0.1254902,dark
79,89,24,25,36,0.09411765,0.09803922,0.14117648,dark
79,90,24,25,36,0.09411765,0.09803922,0.14117648,dark
79,91,25,25,37,0.09803922,0.09803922,0.14509805,dark
79,92,25,25,37,0.09803922,0.09803922,0.14509805,dark
79,93,25,25,37,0.09803922,0.09803922,0.14509805,dark
79,94,25,25,37,0.09803922,0.09803922,0.14509805,dark
79,95,25,25,37,0.09803922,0.09803922,0.14509805,dark
79,96,25,25,37,0.09803922,0.09803922,0.14509805,dark
79,97,25,25,37,0.09803922,0.09803922,0.14509805,dark
79,98,25,25,37,0.09803922,0.09803922,0.14509805,dark
79,99,25,25,37,0.09803922,0.09803922,0.14509805,dark
79,100,25,25,37,0.09803922,0.09803922,0.14509805,dark
79,101,16,16,28,0.0627451,0.0627451,0.10980392,dark
79,102,163,163,167,0.6392157,0.6392157,0.654902,mid
79,103,255,255,255,1.0,1.0,1.0,light
79,104,255,255,255,1.0,1.0,1.0,light
79,105,255,255,255,1.0,1.0,1.0,light
79,106,255,255,255,1.0,1.0,1.0,light
79,107,255,255,255,1.0,1.0,1.0,light
79,108,255,255,255,1.0,1.0,1.0,light
79,109,255,255,255,1.0,1.0,1.0,light
79,110,255,255,255,1.0,1.0,1.0,light
79,111,255,255,255,1.0,1.0,1.0,light
79,112,255,255,255,1.0,1.0,1.0,light
79,113,255,255,255,1.0,1.0,1.0,light
79,114,255,255,255,1.0,1.0,1.0,light
79,115,255,255,255,1.0,1.0,1.0,light
79,116,255,255,255,1.0,1.0,1.0,light
79,117,255,255,255,1.0,1.0,1.0,light
79,118,255,255,255,1.0,1.0,1.0,light
79,119,255,255,255,1.0,1.0,1.0,light
79,120,255,255,255,1.0,1.0,1.0,light
79,121,255,255,255,1.0,1.0,1.0,light
79,122,255,255,255,1.0,1.0,1.0,light
79,123,255,255,255,1.0,1.0,1.0,light
79,124,255,255,255,1.0,1.0,1.0,light
79,125,255,255,255,1.0,1.0,1.0,light
79,126,255,255,255,1.0,1.0,1.0,light
79,127,255,255,255,1.0,1.0,1.0,light
80,0,255,255,255,1.0,1.0,1.0,light
80,1,255,255,255,1.0,1.0,1.0,light
80,2,255,255,255,1.0,1.0,1.0,light
80,3,255,255,255,1.0,1.0,1.0,light
80,4,255,255,255,1.0,1.0,1.0,light
80,5,255,255,255,1.0,1.0,1.0,light
80,6,255,255,255,1.0,1.0,1.0,light
80,7,255,255,255,1.0,1.0,1.0,light
80,8,255,255,255,1.0,1.0,1.0,light
80,9,255,255,255,1.0,1.0,1.0,light
80,10,255,255,255,1.0,1.0,1.0,light
80,11,255,255,255,1.0,1.0,1.0,light
80,12,255,255,255,1.0,1.0,1.0,light
80,13,255,255,255,1.0,1.0,1.0,light
80,14,255,255,255,1.0,1.0,1.0,light
80,15,255,255,255,1.0,1.0,1.0,light
80,16,255,255,255,1.0,1.0,1.0,light
80,17,255,255,255,1.0,1.0,1.0,light
80,18,255,255,255,1.0,1.0,1.0,light
80,19,255,255,255,1.0,1.0,1.0,light
80,20,255,255,255,1.0,1.0,1.0,light
80,21,255,255,255,1.0,1.0,1.0,light
80,22,255,255,254,1.0,1.0,0.99607843,light
80,23,252,251,251,0.9882353,0.9843137,0.9843137,light
80,24,249,248,249,0.9764706,0.972549,0.9764706,light
80,25,202,196,203,0.7921569,0.76862746,0.79607844,light
80,26,125,109,134,0.49019608,0.42745098,0.5254902,mid
80,27,167,154,164,0.654902,0.6039216,0.6431373,mid
80,28,255,248,233,1.0,0.972549,0.9137255,light
80,29,255,246,229,1.0,0.9647059,0.8980392,light
80,30,255,246,229,1.0,0.9647059,0.8980392,light
80,31,255,246,229,1.0,0.9647059,0.8980392,light
80,32,255,246,229,1.0,0.9647059,0.8980392,light
80,33,255,246,229,1.0,0.9647059,0.8980392,light
80,34,255,246,229,1.0,0.9647059,0.8980392,light
80,35,255,246,229,1.0,0.9647059,0.8980392,light
80,36,255,246,229,1.0,0.9647059,0.8980392,light
80,37,255,250,231,1.0,0.98039216,0.90588236,light
80,38,221,197,190,0.8666667,0.77254903,0.74509805,light
80,39,199,162,165,0.78039217,0.63529414,0.64705884,light
80,40,202,166,170,0.7921569,0.6509804,0.6666667,light
80,41,208,170,174,0.8156863,0.6666667,0.68235296,light
80,42,154,127,135,0.6039216,0.49803922,0.5294118,mid
80,43,52,45,60,0.20392157,0.1764706,0.23529412,dark
80,44,57,49,64,0.22352941,0.19215687,0.2509804,dark
80,45,57,49,64,0.22352941,0.19215687,0.2509804,dark
80,46,56,50,64,0.21960784,0.19607843,0.2509804,dark
80,47,56,50,64,0.21960784,0.19607843,0.2509804,dark
80,48,56,50,64,0.21960784,0.19607843,0.2509804,dark
80,49,56,50,64,0.21960784,0.19607843,0.2509804,dark
80,50,56,50,64,0.21960784,0.19607843,0.2509804,dark
80,51,56,50,64,0.21960784,0.19607843,0.2509804,dark
80,52,56,50,64,0.21960784,0.19607843,0.2509804,dark
80,53,56,50,64,0.21960784,0.19607843,0.2509804,dark
80,54,56,50,64,0.21960784,0.19607843,0.2509804,dark
80,55,56,50,64,0.21960784,0.19607843,0.2509804,dark
80,56,56,50,64,0.21960784,0.19607843,0.2509804,dark
80,57,56,50,64,0.21960784,0.19607843,0.2509804,dark
80,58,56,50,64,0.21960784,0.19607843,0.2509804,dark
80,59,56,50,64,0.21960784,0.19607843,0.2509804,dark
80,60,56,50,64,0.21960784,0.19607843,0.2509804,dark
80,61,56,50,64,0.21960784,0.19607843,0.2509804,dark
80,62,56,50,64,0.21960784,0.19607843,0.2509804,dark
80,63,56,50,64,0.21960784,0.19607843,0.2509804,dark
80,64,56,50,64,0.21960784,0.19607843,0.2509804,dark
80,65,55,50,63,0.21568628,0.19607843,0.24705882,dark
80,66,28,29,41,0.10980392,0.11372549,0.16078432,dark
80,67,21,20,33,0.08235294,0.078431375,0.12941177,dark
80,68,153,127,131,0.6,0.49803922,0.5137255,mid
80,69,207,171,171,0.8117647,0.67058825,0.67058825,light
80,70,202,164,167,0.7921569,0.6431373,0.654902,light
80,71,201,165,167,0.7882353,0.64705884,0.654902,light
80,72,201,165,167,0.7882353,0.64705884,0.654902,light
80,73,201,165,167,0.7882353,0.64705884,0.654902,light
80,74,201,165,167,0.7882353,0.64705884,0.654902,light
80,75,202,165,167,0.7921569,0.64705884,0.654902,light
80,76,202,165,167,0.7921569,0.64705884,0.654902,light
80,77,202,165,167,0.7921569,0.64705884,0.654902,light
80,78,202,165,167,0.7921569,0.64705884,0.654902,light
80,79,201,165,167,0.7882353,0.64705884,0.654902,light
80,80,201,165,167,0.7882353,0.64705884,0.654902,light
80,81,201,165,167,0.7882353,0.64705884,0.654902,light
80,82,201,165,168,0.7882353,0.64705884,0.65882355,light
80,83,201,165,169,0.7882353,0.64705884,0.6627451,light
80,84,203,167,170,0.79607844,0.654902,0.6666667,light
80,85,155,130,147,0.60784316,0.50980395,0.5764706,mid
80,86,132,114,142,0.5176471,0.44705883,0.5568628,mid
80,87,76,67,86,0.29803923,0.2627451,0.3372549,dark
80,88,27,24,39,0.105882354,0.09411765,0.15294118,dark
80,89,28,27,40,0.10980392,0.105882354,0.15686275,dark
80,90,24,26,36,0.09411765,0.101960786,0.14117648,dark
80,91,25,25,37,0.09803922,0.09803922,0.14509805,dark
80,92,25,25,37,0.09803922,0.09803922,0.14509805,dark
80,93,25,25,37,0.09803922,0.09803922,0.14509805,dark
80,94,25,25,37,0.09803922,0.09803922,0.14509805,dark
80,95,25,25,37,0.09803922,0.09803922,0.14509805,dark
80,96,25,25,37,0.09803922,0.09803922,0.14509805,dark
80,97,25,25,37,0.09803922,0.09803922,0.14509805,dark
80,98,25,25,37,0.09803922,0.09803922,0.14509805,dark
80,99,25,25,37,0.09803922,0.09803922,0.14509805,dark
80,100,25,25,37,0.09803922,0.09803922,0.14509805,dark
80,101,16,16,28,0.0627451,0.0627451,0.10980392,dark
80,102,163,163,167,0.6392157,0.6392157,0.654902,mid
80,103,255,255,255,1.0,1.0,1.0,light
80,104,255,255,255,1.0,1.0,1.0,light
80,105,255,255,255,1.0,1.0,1.0,light
80,106,255,255,255,1.0,1.0,1.0,light
80,107,255,255,255,1.0,1.0,1.0,light
80,108,255,255,255,1.0,1.0,1.0,light
80,109,255,255,255,1.0,1.0,1.0,light
80,110,255,255,255,1.0,1.0,1.0,light
80,111,255,255,255,1.0,1.0,1.0,light
80,112,255,255,255,1.0,1.0,1.0,light
80,113,255,255,255,1.0,1.0,1.0,light
80,114,255,255,255,1.0,1.0,1.0,light
80,115,255,255,255,1.0,1.0,1.0,light
80,116,255,255,255,1.0,1.0,1.0,light
80,117,255,255,255,1.0,1.0,1.0,light
80,118,255,255,255,1.0,1.0,1.0,light
80,119,255,255,255,1.0,1.0,1.0,light
80,120,255,255,255,1.0,1.0,1.0,light
80,121,255,255,255,1.0,1.0,1.0,light
80,122,255,255,255,1.0,1.0,1.0,light
80,123,255,255,255,1.0,1.0,1.0,light
80,124,255,255,255,1.0,1.0,1.0,light
80,125,255,255,255,1.0,1.0,1.0,light
80,126,255,255,255,1.0,1.0,1.0,light
80,127,255,255,255,1.0,1.0,1.0,light
81,0,255,255,255,1.0,1.0,1.0,light
81,1,255,255,255,1.0,1.0,1.0,light
81,2,255,255,255,1.0,1.0,1.0,light
81,3,255,255,255,1.0,1.0,1.0,light
81,4,255,255,255,1.0,1.0,1.0,light
81,5,255,255,255,1.0,1.0,1.0,light
81,6,255,255,255,1.0,1.0,1.0,light
81,7,255,255,255,1.0,1.0,1.0,light
81,8,255,255,255,1.0,1.0,1.0,light
81,9,255,255,255,1.0,1.0,1.0,light
81,10,255,255,255,1.0,1.0,1.0,light
81,11,255,255,255,1.0,1.0,1.0,light
81,12,255,255,255,1.0,1.0,1.0,light
81,13,255,255,255,1.0,1.0,1.0,light
81,14,255,255,255,1.0,1.0,1.0,light
81,15,255,255,255,1.0,1.0,1.0,light
81,16,255,255,255,1.0,1.0,1.0,light
81,17,255,255,255,1.0,1.0,1.0,light
81,18,255,255,255,1.0,1.0,1.0,light
81,19,255,255,255,1.0,1.0,1.0,light
81,20,255,255,255,1.0,1.0,1.0,light
81,21,255,255,255,1.0,1.0,1.0,light
81,22,255,255,255,1.0,1.0,1.0,light
81,23,195,188,195,0.7647059,0.7372549,0.7647059,light
81,24,136,120,139,0.53333336,0.47058824,0.54509807,mid
81,25,181,170,174,0.70980394,0.6666667,0.68235296,light
81,26,239,233,222,0.9372549,0.9137255,0.87058824,light
81,27,244,235,222,0.95686275,0.92156863,0.87058824,light
81,28,255,247,230,1.0,0.96862745,0.9019608,light
81,29,255,247,229,1.0,0.96862745,0.8980392,light
81,30,255,247,229,1.0,0.96862745,0.8980392,light
81,31,255,247,229,1.0,0.96862745,0.8980392,light
81,32,255,247,229,1.0,0.96862745,0.8980392,light
81,33,255,247,229,1.0,0.96862745,0.8980392,light
81,34,255,246,229,1.0,0.9647059,0.8980392,light
81,35,255,246,229,1.0,0.9647059,0.8980392,light
81,36,255,246,229,1.0,0.9647059,0.8980392,light
81,37,255,250,231,1.0,0.98039216,0.90588236,light
81,38,221,197,190,0.8666667,0.77254903,0.74509805,light
81,39,199,162,165,0.78039217,0.63529414,0.64705884,light
81,40,201,165,169,0.7882353,0.64705884,0.6627451,light
81,41,206,169,173,0.80784315,0.6627451,0.6784314,light
81,42,153,126,134,0.6,0.49411765,0.5254902,mid
81,43,51,45,60,0.2,0.1764706,0.23529412,dark
81,44,57,49,64,0.22352941,0.19215687,0.2509804,dark
81,45,57,49,64,0.22352941,0.19215687,0.2509804,dark
81,46,56,50,64,0.21960784,0.19607843,0.2509804,dark
81,47,56,50,64,0.21960784,0.19607843,0.2509804,dark
81,48,56,50,64,0.21960784,0.19607843,0.2509804,dark
81,49,56,50,64,0.21960784,0.19607843,0.2509804,dark
81,50,56,50,64,0.21960784,0.19607843,0.2509804,dark
81,51,56,50,64,0.21960784,0.19607843,0.2509804,dark
81,52,56,50,64,0.21960784,0.19607843,0.2509804,dark
81,53,56,50,64,0.21960784,0.19607843,0.2509804,dark
81,54,56,50,64,0.21960784,0.19607843,0.2509804,dark
81,55,56,50,64,0.21960784,0.19607843,0.2509804,dark
81,56,56,50,64,0.21960784,0.19607843,0.2509804,dark
81,57,56,50,64,0.21960784,0.19607843,0.2509804,dark
81,58,56,50,64,0.21960784,0.19607843,0.2509804,dark
81,59,56,50,64,0.21960784,0.19607843,0.2509804,dark
81,60,56,50,64,0.21960784,0.19607843,0.2509804,dark
81,61,56,50,64,0.21960784,0.19607843,0.2509804,dark
81,62,56,50,64,0.21960784,0.19607843,0.2509804,dark
81,63,56,50,64,0.21960784,0.19607843,0.2509804,dark
81,64,56,50,64,0.21960784,0.19607843,0.2509804,dark
81,65,55,50,63,0.21568628,0.19607843,0.24705882,dark
81,66,28,29,41,0.10980392,0.11372549,0.16078432,dark
81,67,21,20,33,0.08235294,0.078431375,0.12941177,dark
81,68,152,127,131,0.59607846,0.49803922,0.5137255,mid
81,69,206,170,171,0.80784315,0.6666667,0.67058825,light
81,70,202,164,167,0.7921569,0.6431373,0.654902,light
81,71,201,165,167,0.7882353,0.64705884,0.654902,light
81,72,201,165,167,0.7882353,0.64705884,0.654902,light
81,73,201,165,167,0.7882353,0.64705884,0.654902,light
81,74,201,165,167,0.7882353,0.64705884,0.654902,light
81,75,201,165,167,0.7882353,0.64705884,0.654902,light
81,76,201,165,167,0.7882353,0.64705884,0.654902,light
81,77,201,165,167,0.7882353,0.64705884,0.654902,light
81,78,201,165,167,0.7882353,0.64705884,0.654902,light
81,79,201,165,167,0.7882353,0.64705884,0.654902,light
81,80,201,165,167,0.7882353,0.64705884,0.654902,light
81,81,201,165,167,0.7882353,0.64705884,0.654902,light
81,82,201,165,168,0.7882353,0.64705884,0.65882355,light
81,83,201,165,169,0.7882353,0.64705884,0.6627451,light
81,84,203,167,170,0.79607844,0.654902,0.6666667,light
81,85,155,129,144,0.60784316,0.5058824,0.5647059,mid
81,86,126,110,136,0.49411765,0.43137255,0.53333336,mid
81,87,122,107,131,0.47843137,0.41960785,0.5137255,mid
81,88,119,105,127,0.46666667,0.4117647,0.49803922,mid
81,89,79,71,89,0.30980393,0.2784314,0.34901962,dark
81,90,22,21,34,0.08627451,0.08235294,0.13333334,dark
81,91,25,25,37,0.09803922,0.09803922,0.14509805,dark
81,92,25,25,37,0.09803922,0.09803922,0.14509805,dark
81,93,25,25,37,0.09803922,0.09803922,0.14509805,dark
81,94,25,25,37,0.09803922,0.09803922,0.14509805,dark
81,95,25,25,37,0.09803922,0.09803922,0.14509805,dark
81,96,25,25,37,0.09803922,0.09803922,0.14509805,dark
81,97,25,25,37,0.09803922,0.09803922,0.14509805,dark
81,98,25,25,37,0.09803922,0.09803922,0.14509805,dark
81,99,25,25,37,0.09803922,0.09803922,0.14509805,dark
81,100,25,25,37,0.09803922,0.09803922,0.14509805,dark
81,101,16,16,28,0.0627451,0.0627451,0.10980392,dark
81,102,163,163,167,0.6392157,0.6392157,0.654902,mid
81,103,255,255,255,1.0,1.0,1.0,light
81,104,255,255,255,1.0,1.0,1.0,light
81,105,255,255,255,1.0,1.0,1.0,light
81,106,255,255,255,1.0,1.0,1.0,light
81,107,255,255,255,1.0,1.0,1.0,light
81,108,255,255,255,1.0,1.0,1.0,light
81,109,255,255,255,1.0,1.0,1.0,light
81,110,255,255,255,1.0,1.0,1.0,light
81,111,255,255,255,1.0,1.0,1.0,light
81,112,255,255,255,1.0,1.0,1.0,light
81,113,255,255,255,1.0,1.0,1.0,light
81,114,255,255,255,1.0,1.0,1.0,light
81,115,255,255,255,1.0,1.0,1.0,light
81,116,255,255,255,1.0,1.0,1.0,light
81,117,255,255,255,1.0,1.0,1.0,light
81,118,255,255,255,1.0,1.0,1.0,light
81,119,255,255,255,1.0,1.0,1.0,light
81,120,255,255,255,1.0,1.0,1.0,light
81,121,255,255,255,1.0,1.0,1.0,light
81,122,255,255,255,1.0,1.0,1.0,light
81,123,255,255,255,1.0,1.0,1.0,light
81,124,255,255,255,1.0,1.0,1.0,light
81,125,255,255,255,1.0,1.0,1.0,light
81,126,255,255,255,1.0,1.0,1.0,light
81,127,255,255,255,1.0,1.0,1.0,light
82,0,255,255,255,1.0,1.0,1.0,light
82,1,255,255,255,1.0,1.0,1.0,light
82,2,255,255,255,1.0,1.0,1.0,light
82,3,255,255,255,1.0,1.0,1.0,light
82,4,255,255,255,1.0,1.0,1.0,light
82,5,255,255,255,1.0,1.0,1.0,light
82,6,255,255,255,1.0,1.0,1.0,light
82,7,255,255,255,1.0,1.0,1.0,light
82,8,255,255,255,1.0,1.0,1.0,light
82,9,255,255,255,1.0,1.0,1.0,light
82,10,255,255,255,1.0,1.0,1.0,light
82,11,255,255,255,1.0,1.0,1.0,light
82,12,255,255,255,1.0,1.0,1.0,light
82,13,255,255,255,1.0,1.0,1.0,light
82,14,255,255,255,1.0,1.0,1.0,light
82,15,255,255,255,1.0,1.0,1.0,light
82,16,255,255,255,1.0,1.0,1.0,light
82,17,255,255,255,1.0,1.0,1.0,light
82,18,255,255,255,1.0,1.0,1.0,light
82,19,255,255,255,1.0,1.0,1.0,light
82,20,255,255,255,1.0,1.0,1.0,light
82,21,255,255,255,1.0,1.0,1.0,light
82,22,255,255,255,1.0,1.0,1.0,light
82,23,186,177,188,0.7294118,0.69411767,0.7372549,light
82,24,119,97,125,0.46666667,0.38039216,0.49019608,mid
82,25,179,165,171,0.7019608,0.64705884,0.67058825,mid
82,26,255,254,234,1.0,0.99607843,0.91764706,light
82,27,255,248,232,1.0,0.972549,0.9098039,light
82,28,255,247,233,1.0,0.96862745,0.9137255,light
82,29,255,247,230,1.0,0.96862745,0.9019608,light
82,30,255,247,230,1.0,0.96862745,0.9019608,light
82,31,255,248,230,1.0,0.972549,0.9019608,light
82,32,255,248,230,1.0,0.972549,0.9019608,light
82,33,255,248,230,1.0,0.972549,0.9019608,light
82,34,255,246,229,1.0,0.9647059,0.8980392,light
82,35,255,246,229,1.0,0.9647059,0.8980392,light
82,36,255,246,229,1.0,0.9647059,0.8980392,light
82,37,255,249,232,1.0,0.9764706,0.9098039,light
82,38,219,197,191,0.85882354,0.77254903,0.7490196,light
82,39,197,162,166,0.77254903,0.63529414,0.6509804,light
82,40,201,165,166,0.7882353,0.64705884,0.6509804,light
82,41,208,168,170,0.8156863,0.65882355,0.6666667,light
82,42,153,126,132,0.6,0.49411765,0.5176471,mid
82,43,53,44,58,0.20784314,0.17254902,0.22745098,dark
82,44,57,48,63,0.22352941,0.1882353,0.24705882,dark
82,45,56,50,64,0.21960784,0.19607843,0.2509804,dark
82,46,56,50,64,0.21960784,0.19607843,0.2509804,dark
82,47,55,50,64,0.21568628,0.19607843,0.2509804,dark
82,48,55,50,64,0.21568628,0.19607843,0.2509804,dark
82,49,55,50,64,0.21568628,0.19607843,0.2509804,dark
82,50,55,50,64,0.21568628,0.19607843,0.2509804,dark
82,51,55,50,64,0.21568628,0.19607843,0.2509804,dark
82,52,55,50,64,0.21568628,0.19607843,0.2509804,dark
82,53,55,50,64,0.21568628,0.19607843,0.2509804,dark
82,54,56,50,64,0.21960784,0.19607843,0.2509804,dark
82,55,57,50,64,0.22352941,0.19607843,0.2509804,dark
82,56,58,49,64,0.22745098,0.19215687,0.2509804,dark
82,57,56,50,64,0.21960784,0.19607843,0.2509804,dark
82,58,56,50,64,0.21960784,0.19607843,0.2509804,dark
82,59,56,50,64,0.21960784,0.19607843,0.2509804,dark
82,60,56,50,64,0.21960784,0.19607843,0.2509804,dark
82,61,56,50,64,0.21960784,0.19607843,0.2509804,dark
82,62,56,50,64,0.21960784,0.19607843,0.2509804,dark
82,63,57,50,64,0.22352941,0.19607843,0.2509804,dark
82,64,56,50,64,0.21960784,0.19607843,0.2509804,dark
82,65,55,50,63,0.21568628,0.19607843,0.24705882,dark
82,66,30,28,41,0.11764706,0.10980392,0.16078432,dark
82,67,21,21,33,0.08235294,0.08235294,0.12941177,dark
82,68,151,127,132,0.5921569,0.49803922,0.5176471,mid
82,69,206,170,172,0.80784315,0.6666667,0.6745098,light
82,70,202,164,168,0.7921569,0.6431373,0.65882355,light
82,71,201,165,167,0.7882353,0.64705884,0.654902,light
82,72,201,165,167,0.7882353,0.64705884,0.654902,light
82,73,201,165,167,0.7882353,0.64705884,0.654902,light
82,74,201,165,167,0.7882353,0.64705884,0.654902,light
82,75,201,165,167,0.7882353,0.64705884,0.654902,light
82,76,201,165,167,0.7882353,0.64705884,0.654902,light
82,77,201,165,167,0.7882353,0.64705884,0.654902,light
82,78,201,165,167,0.7882353,0.64705884,0.654902,light
82,79,201,165,167,0.7882353,0.64705884,0.654902,light
82,80,201,165,167,0.7882353,0.64705884,0.654902,light
82,81,201,165,167,0.7882353,0.64705884,0.654902,light
82,82,201,165,167,0.7882353,0.64705884,0.654902,light
82,83,201,165,168,0.7882353,0.64705884,0.65882355,light
82,84,203,167,169,0.79607844,0.654902,0.6627451,light
82,85,155,129,143,0.60784316,0.5058824,0.56078434,mid
82,86,127,109,133,0.49803922,0.42745098,0.52156866,mid
82,87,131,113,138,0.5137255,0.44313726,0.5411765,mid
82,88,135,118,142,0.5294118,0.4627451,0.5568628,mid
82,89,88,78,97,0.34509805,0.30588236,0.38039216,dark
82,90,22,20,34,0.08627451,0.078431375,0.13333334,dark
82,91,25,25,37,0.09803922,0.09803922,0.14509805,dark
82,92,26,24,37,0.101960786,0.09411765,0.14509805,dark
82,93,24,25,37,0.09411765,0.09803922,0.14509805,dark
82,94,24,25,37,0.09411765,0.09803922,0.14509805,dark
82,95,25,24,37,0.09803922,0.09411765,0.14509805,dark
82,96,25,25,37,0.09803922,0.09803922,0.14509805,dark
82,97,25,25,37,0.09803922,0.09803922,0.14509805,dark
82,98,25,25,37,0.09803922,0.09803922,0.14509805,dark
82,99,25,25,37,0.09803922,0.09803922,0.14509805,dark
82,100,25,25,37,0.09803922,0.09803922,0.14509805,dark
82,101,16,16,28,0.0627451,0.0627451,0.10980392,dark
82,102,163,163,167,0.6392157,0.6392157,0.654902,mid
82,103,255,255,255,1.0,1.0,1.0,light
82,104,255,255,255,1.0,1.0,1.0,light
82,105,255,255,255,1.0,1.0,1.0,light
82,106,255,255,255,1.0,1.0,1.0,light
82,107,255,255,255,1.0,1.0,1.0,light
82,108,255,255,255,1.0,1.0,1.0,light
82,109,255,255,255,1.0,1.0,1.0,light
82,110,255,255,255,1.0,1.0,1.0,light
82,111,255,255,255,1.0,1.0,1.0,light
82,112,255,255,255,1.0,1.0,1.0,light
82,113,255,255,255,1.0,1.0,1.0,light
82,114,255,255,255,1.0,1.0,1.0,light
82,115,255,255,255,1.0,1.0,1.0,light
82,116,255,255,255,1.0,1.0,1.0,light
82,117,255,255,255,1.0,1.0,1.0,light
82,118,255,255,255,1.0,1.0,1.0,light
82,119,255,255,255,1.0,1.0,1.0,light
82,120,255,255,255,1.0,1.0,1.0,light
82,121,255,255,255,1.0,1.0,1.0,light
82,122,255,255,255,1.0,1.0,1.0,light
82,123,255,255,255,1.0,1.0,1.0,light
82,124,255,255,255,1.0,1.0,1.0,light
82,125,255,255,255,1.0,1.0,1.0,light
82,126,255,255,255,1.0,1.0,1.0,light
82,127,255,255,255,1.0,1.0,1.0,light
83,0,255,255,255,1.0,1.0,1.0,light
83,1,255,255,255,1.0,1.0,1.0,light
83,2,255,255,255,1.0,1.0,1.0,light
83,3,255,255,255,1.0,1.0,1.0,light
83,4,255,255,255,1.0,1.0,1.0,light
83,5,255,255,255,1.0,1.0,1.0,light
83,6,255,255,255,1.0,1.0,1.0,light
83,7,255,255,255,1.0,1.0,1.0,light
83,8,255,255,255,1.0,1.0,1.0,light
83,9,255,255,255,1.0,1.0,1.0,light
83,10,255,255,255,1.0,1.0,1.0,light
83,11,255,255,255,1.0,1.0,1.0,light
83,12,255,255,255,1.0,1.0,1.0,light
83,13,255,255,255,1.0,1.0,1.0,light
83,14,255,255,255,1.0,1.0,1.0,light
83,15,255,255,255,1.0,1.0,1.0,light
83,16,255,255,255,1.0,1.0,1.0,light
83,17,255,255,255,1.0,1.0,1.0,light
83,18,255,255,255,1.0,1.0,1.0,light
83,19,255,255,255,1.0,1.0,1.0,light
83,20,255,255,255,1.0,1.0,1.0,light
83,21,255,255,255,1.0,1.0,1.0,light
83,22,255,255,255,1.0,1.0,1.0,light
83,23,186,179,189,0.7294118,0.7019608,0.7411765,light
83,24,120,100,128,0.47058824,0.39215687,0.5019608,mid
83,25,180,166,171,0.7058824,0.6509804,0.67058825,light
83,26,255,254,235,1.0,0.99607843,0.92156863,light
83,27,211,204,193,0.827451,0.8,0.75686276,light
83,28,97,89,94,0.38039216,0.34901962,0.36862746,mid
83,29,99,91,99,0.3882353,0.35686275,0.3882353,mid
83,30,100,91,99,0.39215687,0.35686275,0.3882353,mid
83,31,101,91,99,0.39607844,0.35686275,0.3882353,mid
83,32,101,90,98,0.39607844,0.3529412,0.38431373,mid
83,33,104,93,101,0.40784314,0.3647059,0.39607844,mid
83,34,230,220,208,0.9019608,0.8627451,0.8156863,light
83,35,255,249,232,1.0,0.9764706,0.9098039,light
83,36,255,246,229,1.0,0.9647059,0.8980392,light
83,37,255,248,229,1.0,0.972549,0.8980392,light
83,38,247,235,222,0.96862745,0.92156863,0.87058824,light
83,39,241,229,220,0.94509804,0.8980392,0.8627451,light
83,40,221,199,193,0.8666667,0.78039217,0.75686276,light
83,41,202,163,163,0.7921569,0.6392157,0.6392157,light
83,42,191,156,161,0.7490196,0.6117647,0.6313726,mid
83,43,172,140,149,0.6745098,0.54901963,0.58431375,mid
83,44,141,121,131,0.5529412,0.4745098,0.5137255,mid
83,45,57,50,62,0.22352941,0.19607843,0.24313726,dark
83,46,53,47,61,0.20784314,0.18431373,0.23921569,dark
83,47,33,30,44,0.12941177,0.11764706,0.17254902,dark
83,48,32,29,43,0.1254902,0.11372549,0.16862746,dark
83,49,32,29,43,0.1254902,0.11372549,0.16862746,dark
83,50,32,29,43,0.1254902,0.11372549,0.16862746,dark
83,51,32,29,43,0.1254902,0.11372549,0.16862746,dark
83,52,32,29,43,0.1254902,0.11372549,0.16862746,dark
83,53,32,29,43,0.1254902,0.11372549,0.16862746,dark
83,54,31,29,42,0.12156863,0.11372549,0.16470589,dark
83,55,44,41,54,0.17254902,0.16078432,0.21176471,dark
83,56,56,51,65,0.21960784,0.2,0.25490198,dark
83,57,56,50,64,0.21960784,0.19607843,0.2509804,dark
83,58,56,50,64,0.21960784,0.19607843,0.2509804,dark
83,59,56,50,64,0.21960784,0.19607843,0.2509804,dark
83,60,56,50,64,0.21960784,0.19607843,0.2509804,dark
83,61,56,50,64,0.21960784,0.19607843,0.2509804,dark
83,62,56,50,64,0.21960784,0.19607843,0.2509804,dark
83,63,54,48,62,0.21176471,0.1882353,0.24313726,dark
83,64,34,31,44,0.13333334,0.12156863,0.17254902,dark
83,65,32,29,42,0.1254902,0.11372549,0.16470589,dark
83,66,27,25,38,0.105882354,0.09803922,0.14901961,dark
83,67,22,21,34,0.08627451,0.08235294,0.13333334,dark
83,68,150,127,133,0.5882353,0.49803922,0.52156866,mid
83,69,206,170,173,0.80784315,0.6666667,0.6784314,light
83,70,202,164,169,0.7921569,0.6431373,0.6627451,light
83,71,201,165,167,0.7882353,0.64705884,0.654902,light
83,72,201,165,167,0.7882353,0.64705884,0.654902,light
83,73,201,165,167,0.7882353,0.64705884,0.654902,light
83,74,201,165,167,0.7882353,0.64705884,0.654902,light
83,75,201,165,167,0.7882353,0.64705884,0.654902,light
83,76,201,165,167,0.7882353,0.64705884,0.654902,light
83,77,201,165,167,0.7882353,0.64705884,0.654902,light
83,78,201,165,167,0.7882353,0.64705884,0.654902,light
83,79,201,165,167,0.7882353,0.64705884,0.654902,light
83,80,201,165,167,0.7882353,0.64705884,0.654902,light
83,81,201,165,167,0.7882353,0.64705884,0.654902,light
83,82,201,165,167,0.7882353,0.64705884,0.654902,light
83,83,201,165,167,0.7882353,0.64705884,0.654902,light
83,84,201,165,167,0.7882353,0.64705884,0.654902,light
83,85,190,158,164,0.74509805,0.61960787,0.6431373,mid
83,86,188,158,168,0.7372549,0.61960787,0.65882355,mid
83,87,111,94,107,0.43529412,0.36862746,0.41960785,mid
83,88,46,37,54,0.18039216,0.14509805,0.21176471,dark
83,89,40,35,50,0.15686275,0.13725491,0.19607843,dark
83,90,24,23,35,0.09411765,0.09019608,0.13725491,dark
83,91,31,30,43,0.12156863,0.11764706,0.16862746,dark
83,92,50,44,59,0.19607843,0.17254902,0.23137255,dark
83,93,47,45,58,0.18431373,0.1764706,0.22745098,dark
83,94,49,45,58,0.19215687,0.1764706,0.22745098,dark
83,95,49,42,56,0.19215687,0.16470589,0.21960784,dark
83,96,27,26,39,0.105882354,0.101960786,0.15294118,dark
83,97,25,25,37,0.09803922,0.09803922,0.14509805,dark
83,98,25,25,37,0.09803922,0.09803922,0.14509805,dark
83,99,25,25,37,0.09803922,0.09803922,0.14509805,dark
83,100,25,25,37,0.09803922,0.09803922,0.14509805,dark
83,101,16,16,28,0.0627451,0.0627451,0.10980392,dark
83,102,163,163,167,0.6392157,0.6392157,0.654902,mid
83,103,255,255,255,1.0,1.0,1.0,light
83,104,255,255,255,1.0,1.0,1.0,light
83,105,255,255,255,1.0,1.0,1.0,light
83,106,255,255,255,1.0,1.0,1.0,light
83,107,255,255,255,1.0,1.0,1.0,light
83,108,255,255,255,1.0,1.0,1.0,light
83,109,255,255,255,1.0,1.0,1.0,light
83,110,255,255,255,1.0,1.0,1.0,light
83,111,255,255,255,1.0,1.0,1.0,light
83,112,255,255,255,1.0,1.0,1.0,light
83,113,255,255,255,1.0,1.0,1.0,light
83,114,255,255,255,1.0,1.0,1.0,light
83,115,255,255,255,1.0,1.0,1.0,light
83,116,255,255,255,1.0,1.0,1.0,light
83,117,255,255,255,1.0,1.0,1.0,light
83,118,255,255,255,1.0,1.0,1.0,light
83,119,255,255,255,1.0,1.0,1.0,light
83,120,255,255,255,1.0,1.0,1.0,light
83,121,255,255,255,1.0,1.0,1.0,light
83,122,255,255,255,1.0,1.0,1.0,light
83,123,255,255,255,1.0,1.0,1.0,light
83,124,255,255,255,1.0,1.0,1.0,light
83,125,255,255,255,1.0,1.0,1.0,light
83,126,255,255,255,1.0,1.0,1.0,light
83,127,255,255,255,1.0,1.0,1.0,light
84,0,255,255,255,1.0,1.0,1.0,light
84,1,255,255,255,1.0,1.0,1.0,light
84,2,255,255,255,1.0,1.0,1.0,light
84,3,255,255,255,1.0,1.0,1.0,light
84,4,255,255,255,1.0,1.0,1.0,light
84,5,255,255,255,1.0,1.0,1.0,light
84,6,255,255,255,1.0,1.0,1.0,light
84,7,255,255,255,1.0,1.0,1.0,light
84,8,255,255,255,1.0,1.0,1.0,light
84,9,255,255,255,1.0,1.0,1.0,light
84,10,255,255,255,1.0,1.0,1.0,light
84,11,255,255,255,1.0,1.0,1.0,light
84,12,255,255,255,1.0,1.0,1.0,light
84,13,255,255,255,1.0,1.0,1.0,light
84,14,255,255,255,1.0,1.0,1.0,light
84,15,255,255,255,1.0,1.0,1.0,light
84,16,255,255,255,1.0,1.0,1.0,light
84,17,255,255,255,1.0,1.0,1.0,light
84,18,255,255,255,1.0,1.0,1.0,light
84,19,255,255,255,1.0,1.0,1.0,light
84,20,255,255,255,1.0,1.0,1.0,light
84,21,255,255,255,1.0,1.0,1.0,light
84,22,255,255,255,1.0,1.0,1.0,light
84,23,186,179,189,0.7294118,0.7019608,0.7411765,light
84,24,120,100,127,0.47058824,0.39215687,0.49803922,mid
84,25,183,168,175,0.7176471,0.65882355,0.6862745,light
84,26,255,255,245,1.0,1.0,0.9607843,light
84,27,203,196,189,0.79607844,0.76862746,0.7411765,light
84,28,46,40,53,0.18039216,0.15686275,0.20784314,dark
84,29,49,45,58,0.19215687,0.1764706,0.22745098,dark
84,30,49,45,58,0.19215687,0.1764706,0.22745098,dark
84,31,50,44,58,0.19607843,0.17254902,0.22745098,dark
84,32,49,43,57,0.19215687,0.16862746,0.22352941,dark
84,33,53,48,61,0.20784314,0.1882353,0.23921569,dark
84,34,227,218,206,0.8901961,0.85490197,0.80784315,light
84,35,255,255,239,1.0,1.0,0.9372549,light
84,36,255,252,235,1.0,0.9882353,0.92156863,light
84,37,255,254,235,1.0,0.99607843,0.92156863,light
84,38,255,252,234,1.0,0.9882353,0.91764706,light
84,39,255,254,236,1.0,0.99607843,0.9254902,light
84,40,228,211,203,0.89411765,0.827451,0.79607844,light
84,41,200,161,164,0.78431374,0.6313726,0.6431373,light
84,42,203,166,167,0.79607844,0.6509804,0.654902,light
84,43,212,170,172,0.83137256,0.6666667,0.6745098,light
84,44,172,143,148,0.6745098,0.56078434,0.5803922,mid
84,45,57,50,63,0.22352941,0.19607843,0.24705882,dark
84,46,51,48,61,0.2,0.1882353,0.23921569,dark
84,47,26,25,37,0.101960786,0.09803922,0.14509805,dark
84,48,24,24,36,0.09411765,0.09411765,0.14117648,dark
84,49,24,24,36,0.09411765,0.09411765,0.14117648,dark
84,50,24,24,36,0.09411765,0.09411765,0.14117648,dark
84,51,24,24,36,0.09411765,0.09411765,0.14117648,dark
84,52,24,24,36,0.09411765,0.09411765,0.14117648,dark
84,53,24,24,36,0.09411765,0.09411765,0.14117648,dark
84,54,22,23,35,0.08627451,0.09019608,0.13725491,dark
84,55,40,39,51,0.15686275,0.15294118,0.2,dark
84,56,57,52,66,0.22352941,0.20392157,0.25882354,dark
84,57,57,51,65,0.22352941,0.2,0.25490198,dark
84,58,56,50,64,0.21960784,0.19607843,0.2509804,dark
84,59,56,50,64,0.21960784,0.19607843,0.2509804,dark
84,60,56,50,64,0.21960784,0.19607843,0.2509804,dark
84,61,56,50,64,0.21960784,0.19607843,0.2509804,dark
84,62,56,50,64,0.21960784,0.19607843,0.2509804,dark
84,63,51,48,62,0.2,0.1882353,0.24313726,dark
84,64,26,26,38,0.101960786,0.101960786,0.14901961,dark
84,65,24,24,36,0.09411765,0.09411765,0.14117648,dark
84,66,25,24,37,0.09803922,0.09411765,0.14509805,dark
84,67,23,20,34,0.09019608,0.078431375,0.13333334,dark
84,68,155,130,136,0.60784316,0.50980395,0.53333336,mid
84,69,212,175,178,0.83137256,0.6862745,0.69803923,light
84,70,204,166,171,0.8,0.6509804,0.67058825,light
84,71,201,165,167,0.7882353,0.64705884,0.654902,light
84,72,201,165,167,0.7882353,0.64705884,0.654902,light
84,73,201,165,167,0.7882353,0.64705884,0.654902,light
84,74,201,165,167,0.7882353,0.64705884,0.654902,light
84,75,201,165,167,0.7882353,0.64705884,0.654902,light
84,76,201,165,167,0.7882353,0.64705884,0.654902,light
84,77,201,165,167,0.7882353,0.64705884,0.654902,light
84,78,201,165,167,0.7882353,0.64705884,0.654902,light
84,79,201,165,167,0.7882353,0.64705884,0.654902,light
84,80,201,165,167,0.7882353,0.64705884,0.654902,light
84,81,201,165,167,0.7882353,0.64705884,0.654902,light
84,82,201,165,167,0.7882353,0.64705884,0.654902,light
84,83,201,165,167,0.7882353,0.64705884,0.654902,light
84,84,201,165,167,0.7882353,0.64705884,0.654902,light
84,85,203,166,168,0.79607844,0.6509804,0.65882355,light
84,86,211,173,173,0.827451,0.6784314,0.6784314,light
84,87,104,90,97,0.40784314,0.3529412,0.38039216,mid
84,88,15,16,25,0.05882353,0.0627451,0.09803922,dark
84,89,22,23,34,0.08627451,0.09019608,0.13333334,dark
84,90,22,23,36,0.08627451,0.09019608,0.14117648,dark
84,91,31,32,44,0.12156863,0.1254902,0.17254902,dark
84,92,59,50,66,0.23137255,0.19607843,0.25882354,dark
84,93,58,50,65,0.22745098,0.19607843,0.25490198,dark
84,94,59,50,65,0.23137255,0.19607843,0.25490198,dark
84,95,55,47,63,0.21568628,0.18431373,0.24705882,dark
84,96,27,27,39,0.105882354,0.105882354,0.15294118,dark
84,97,25,25,37,0.09803922,0.09803922,0.14509805,dark
84,98,25,25,37,0.09803922,0.09803922,0.14509805,dark
84,99,25,25,37,0.09803922,0.09803922,0.14509805,dark
84,100,25,25,37,0.09803922,0.09803922,0.14509805,dark
84,101,16,16,28,0.0627451,0.0627451,0.10980392,dark
84,102,163,163,167,0.6392157,0.6392157,0.654902,mid
84,103,255,255,255,1.0,1.0,1.0,light
84,104,255,255,255,1.0,1.0,1.0,light
84,105,255,255,255,1.0,1.0,1.0,light
84,106,255,255,255,1.0,1.0,1.0,light
84,107,255,255,255,1.0,1.0,1.0,light
84,108,255,255,255,1.0,1.0,1.0,light
84,109,255,255,255,1.0,1.0,1.0,light
84,110,255,255,255,1.0,1.0,1.0,light
84,111,255,255,255,1.0,1.0,1.0,light
84,112,255,255,255,1.0,1.0,1.0,light
84,113,255,255,255,1.0,1.0,1.0,light
84,114,255,255,255,1.0,1.0,1.0,light
84,115,255,255,255,1.0,1.0,1.0,light
84,116,255,255,255,1.0,1.0,1.0,light
84,117,255,255,255,1.0,1.0,1.0,light
84,118,255,255,255,1.0,1.0,1.0,light
84,119,255,255,255,1.0,1.0,1.0,light
84,120,255,255,255,1.0,1.0,1.0,light
84,121,255,255,255,1.0,1.0,1.0,light
84,122,255,255,255,1.0,1.0,1.0,light
84,123,255,255,255,1.0,1.0,1.0,light
84,124,255,255,255,1.0,1.0,1.0,light
84,125,255,255,255,1.0,1.0,1.0,light
84,126,255,255,255,1.0,1.0,1.0,light
84,127,255,255,255,1.0,1.0,1.0,light
85,0,255,255,255,1.0,1.0,1.0,light
85,1,255,255,255,1.0,1.0,1.0,light
85,2,255,255,255,1.0,1.0,1.0,light
85,3,255,255,255,1.0,1.0,1.0,light
85,4,255,255,255,1.0,1.0,1.0,light
85,5,255,255,255,1.0,1.0,1.0,light
85,6,255,255,255,1.0,1.0,1.0,light
85,7,255,255,255,1.0,1.0,1.0,light
85,8,255,255,255,1.0,1.0,1.0,light
85,9,255,255,255,1.0,1.0,1.0,light
85,10,255,255,255,1.0,1.0,1.0,light
85,11,255,255,255,1.0,1.0,1.0,light
85,12,255,255,255,1.0,1.0,1.0,light
85,13,255,255,255,1.0,1.0,1.0,light
85,14,255,255,255,1.0,1.0,1.0,light
85,15,255,255,255,1.0,1.0,1.0,light
85,16,255,255,255,1.0,1.0,1.0,light
85,17,255,255,255,1.0,1.0,1.0,light
85,18,255,255,255,1.0,1.0,1.0,light
85,19,255,255,255,1.0,1.0,1.0,light
85,20,255,255,255,1.0,1.0,1.0,light
85,21,255,255,255,1.0,1.0,1.0,light
85,22,255,255,255,1.0,1.0,1.0,light
85,23,186,179,189,0.7294118,0.7019608,0.7411765,light
85,24,126,105,134,0.49411765,0.4117647,0.5254902,mid
85,25,128,113,131,0.5019608,0.44313726,0.5137255,mid
85,26,121,117,122,0.4745098,0.45882353,0.47843137,mid
85,27,104,98,105,0.40784314,0.38431373,0.4117647,mid
85,28,55,48,62,0.21568628,0.1882353,0.24313726,dark
85,29,56,49,64,0.21960784,0.19215687,0.2509804,dark
85,30,56,50,64,0.21960784,0.19607843,0.2509804,dark
85,31,56,50,64,0.21960784,0.19607843,0.2509804,dark
85,32,55,50,64,0.21568628,0.19607843,0.2509804,dark
85,33,56,51,65,0.21960784,0.2,0.25490198,dark
85,34,112,105,110,0.4392157,0.4117647,0.43137255,mid
85,35,123,117,121,0.48235294,0.45882353,0.4745098,mid
85,36,123,116,119,0.48235294,0.45490196,0.46666667,mid
85,37,119,113,115,0.46666667,0.44313726,0.4509804,mid
85,38,181,161,161,0.70980394,0.6313726,0.6313726,mid
85,39,223,195,192,0.8745098,0.7647059,0.7529412,light
85,40,210,179,179,0.8235294,0.7019608,0.7019608,light
85,41,201,163,167,0.7882353,0.6392157,0.654902,light
85,42,203,165,165,0.79607844,0.64705884,0.64705884,light
85,43,204,170,169,0.8,0.6666667,0.6627451,light
85,44,165,136,143,0.64705884,0.53333336,0.56078434,mid
85,45,36,31,46,0.14117648,0.12156863,0.18039216,dark
85,46,33,31,46,0.12941177,0.12156863,0.18039216,dark
85,47,25,25,36,0.09803922,0.09803922,0.14117648,dark
85,48,24,25,36,0.09411765,0.09803922,0.14117648,dark
85,49,25,25,37,0.09803922,0.09803922,0.14509805,dark
85,50,25,25,37,0.09803922,0.09803922,0.14509805,dark
85,51,26,24,37,0.101960786,0.09411765,0.14509805,dark
85,52,25,25,37,0.09803922,0.09803922,0.14509805,dark
85,53,24,25,37,0.09411765,0.09803922,0.14509805,dark
85,54,25,24,37,0.09803922,0.09411765,0.14509805,dark
85,55,31,29,42,0.12156863,0.11372549,0.16470589,dark
85,56,35,33,46,0.13725491,0.12941177,0.18039216,dark
85,57,44,39,53,0.17254902,0.15294118,0.20784314,dark
85,58,57,51,65,0.22352941,0.2,0.25490198,dark
85,59,57,49,64,0.22352941,0.19215687,0.2509804,dark
85,60,56,50,64,0.21960784,0.19607843,0.2509804,dark
85,61,56,50,64,0.21960784,0.19607843,0.2509804,dark
85,62,56,50,64,0.21960784,0.19607843,0.2509804,dark
85,63,51,49,62,0.2,0.19215687,0.24313726,dark
85,64,27,27,39,0.105882354,0.105882354,0.15294118,dark
85,65,24,25,37,0.09411765,0.09803922,0.14509805,dark
85,66,25,25,37,0.09803922,0.09803922,0.14509805,dark
85,67,25,23,36,0.09803922,0.09019608,0.14117648,dark
85,68,67,59,69,0.2627451,0.23137255,0.27058825,dark
85,69,81,69,80,0.31764707,0.27058825,0.3137255,dark
85,70,154,127,133,0.6039216,0.49803922,0.52156866,mid
85,71,206,168,171,0.80784315,0.65882355,0.67058825,light
85,72,201,165,167,0.7882353,0.64705884,0.654902,light
85,73,201,165,167,0.7882353,0.64705884,0.654902,light
85,74,201,165,167,0.7882353,0.64705884,0.654902,light
85,75,201,165,167,0.7882353,0.64705884,0.654902,light
85,76,201,165,167,0.7882353,0.64705884,0.654902,light
85,77,201,165,167,0.7882353,0.64705884,0.654902,light
85,78,201,165,167,0.7882353,0.64705884,0.654902,light
85,79,201,165,167,0.7882353,0.64705884,0.654902,light
85,80,201,165,167,0.7882353,0.64705884,0.654902,light
85,81,201,165,167,0.7882353,0.64705884,0.654902,light
85,82,201,165,167,0.7882353,0.64705884,0.654902,light
85,83,201,165,167,0.7882353,0.64705884,0.654902,light
85,84,201,165,167,0.7882353,0.64705884,0.654902,light
85,85,201,165,169,0.7882353,0.64705884,0.6627451,light
85,86,210,170,172,0.8235294,0.6666667,0.6745098,light
85,87,106,90,99,0.41568628,0.3529412,0.3882353,mid
85,88,15,19,29,0.05882353,0.07450981,0.11372549,dark
85,89,32,32,43,0.1254902,0.1254902,0.16862746,dark
85,90,45,42,56,0.1764706,0.16470589,0.21960784,dark
85,91,48,44,58,0.1882353,0.17254902,0.22745098,dark
85,92,57,50,64,0.22352941,0.19607843,0.2509804,dark
85,93,58,49,64,0.22745098,0.19215687,0.2509804,dark
85,94,58,49,64,0.22745098,0.19215687,0.2509804,dark
85,95,52,48,62,0.20392157,0.1882353,0.24313726,dark
85,96,25,27,39,0.09803922,0.105882354,0.15294118,dark
85,97,24,25,37,0.09411765,0.09803922,0.14509805,dark
85,98,26,24,37,0.101960786,0.09411765,0.14509805,dark
85,99,26,24,37,0.101960786,0.09411765,0.14509805,dark
85,100,25,25,37,0.09803922,0.09803922,0.14509805,dark
85,101,16,16,28,0.0627451,0.0627451,0.10980392,dark
85,102,163,163,167,0.6392157,0.6392157,0.654902,mid
85,103,255,255,255,1.0,1.0,1.0,light
85,104,255,255,255,1.0,1.0,1.0,light
85,105,255,255,255,1.0,1.0,1.0,light
85,106,255,255,255,1.0,1.0,1.0,light
85,107,255,255,255,1.0,1.0,1.0,light
85,108,255,255,255,1.0,1.0,1.0,light
85,109,255,255,255,1.0,1.0,1.0,light
85,110,255,255,255,1.0,1.0,1.0,light
85,111,255,255,255,1.0,1.0,1.0,light
85,112,255,255,255,1.0,1.0,1.0,light
85,113,255,255,255,1.0,1.0,1.0,light
85,114,255,255,255,1.0,1.0,1.0,light
85,115,255,255,255,1.0,1.0,1.0,light
85,116,255,255,255,1.0,1.0,1.0,light
85,117,255,255,255,1.0,1.0,1.0,light
85,118,255,255,255,1.0,1.0,1.0,light
85,119,255,255,255,1.0,1.0,1.0,light
85,120,255,255,255,1.0,1.0,1.0,light
85,121,255,255,255,1.0,1.0,1.0,light
85,122,255,255,255,1.0,1.0,1.0,light
85,123,255,255,255,1.0,1.0,1.0,light
85,124,255,255,255,1.0,1.0,1.0,light
85,125,255,255,255,1.0,1.0,1.0,light
85,126,255,255,255,1.0,1.0,1.0,light
85,127,255,255,255,1.0,1.0,1.0,light
86,0,255,255,255,1.0,1.0,1.0,light
86,1,255,255,255,1.0,1.0,1.0,light
86,2,255,255,255,1.0,1.0,1.0,light
86,3,255,255,255,1.0,1.0,1.0,light
86,4,255,255,255,1.0,1.0,1.0,light
86,5,255,255,255,1.0,1.0,1.0,light
86,6,255,255,255,1.0,1.0,1.0,light
86,7,255,255,255,1.0,1.0,1.0,light
86,8,255,255,255,1.0,1.0,1.0,light
86,9,255,255,255,1.0,1.0,1.0,light
86,10,255,255,255,1.0,1.0,1.0,light
86,11,255,255,255,1.0,1.0,1.0,light
86,12,255,255,255,1.0,1.0,1.0,light
86,13,255,255,255,1.0,1.0,1.0,light
86,14,255,255,255,1.0,1.0,1.0,light
86,15,255,255,255,1.0,1.0,1.0,light
86,16,255,255,255,1.0,1.0,1.0,light
86,17,255,255,255,1.0,1.0,1.0,light
86,18,255,255,255,1.0,1.0,1.0,light
86,19,255,255,255,1.0,1.0,1.0,light
86,20,255,255,255,1.0,1.0,1.0,light
86,21,255,255,255,1.0,1.0,1.0,light
86,22,255,255,255,1.0,1.0,1.0,light
86,23,188,180,190,0.7372549,0.7058824,0.74509805,light
86,24,130,112,138,0.50980395,0.4392157,0.5411765,mid
86,25,98,86,105,0.38431373,0.3372549,0.4117647,mid
86,26,46,40,54,0.18039216,0.15686275,0.21176471,dark
86,27,51,45,60,0.2,0.1764706,0.23529412,dark
86,28,56,50,64,0.21960784,0.19607843,0.2509804,dark
86,29,56,50,64,0.21960784,0.19607843,0.2509804,dark
86,30,56,50,64,0.21960784,0.19607843,0.2509804,dark
86,31,56,50,64,0.21960784,0.19607843,0.2509804,dark
86,32,56,50,64,0.21960784,0.19607843,0.2509804,dark
86,33,56,50,64,0.21960784,0.19607843,0.2509804,dark
86,34,50,44,59,0.19607843,0.17254902,0.23137255,dark
86,35,49,43,58,0.19215687,0.16862746,0.22745098,dark
86,36,49,43,58,0.19215687,0.16862746,0.22745098,dark
86,37,43,37,53,0.16862746,0.14509805,0.20784314,dark
86,38,142,117,126,0.5568628,0.45882353,0.49411765,mid
86,39,211,172,174,0.827451,0.6745098,0.68235296,light
86,40,201,167,168,0.7882353,0.654902,0.65882355,light
86,41,200,165,169,0.78431374,0.64705884,0.6627451,light
86,42,202,164,169,0.7921569,0.6431373,0.6627451,light
86,43,206,169,170,0.80784315,0.6627451,0.6666667,light
86,44,162,133,139,0.63529414,0.52156866,0.54509807,mid
86,45,20,20,31,0.078431375,0.078431375,0.12156863,dark
86,46,19,22,33,0.07450981,0.08627451,0.12941177,dark
86,47,23,25,35,0.09019608,0.09803922,0.13725491,dark
86,48,24,25,36,0.09411765,0.09803922,0.14117648,dark
86,49,25,25,37,0.09803922,0.09803922,0.14509805,dark
86,50,25,25,37,0.09803922,0.09803922,0.14509805,dark
86,51,25,25,37,0.09803922,0.09803922,0.14509805,dark
86,52,25,25,37,0.09803922,0.09803922,0.14509805,dark
86,53,24,24,36,0.09411765,0.09411765,0.14117648,dark
86,54,24,23,36,0.09411765,0.09019608,0.14117648,dark
86,55,24,23,35,0.09411765,0.09019608,0.13725491,dark
86,56,22,21,34,0.08627451,0.08235294,0.13333334,dark
86,57,37,33,47,0.14509805,0.12941177,0.18431373,dark
86,58,57,51,65,0.22352941,0.2,0.25490198,dark
86,59,57,49,64,0.22352941,0.19215687,0.2509804,dark
86,60,56,50,64,0.21960784,0.19607843,0.2509804,dark
86,61,56,50,64,0.21960784,0.19607843,0.2509804,dark
86,62,56,50,64,0.21960784,0.19607843,0.2509804,dark
86,63,52,48,62,0.20392157,0.1882353,0.24313726,dark
86,64,26,25,38,0.101960786,0.09803922,0.14901961,dark
86,65,24,23,36,0.09411765,0.09019608,0.14117648,dark
86,66,25,24,37,0.09803922,0.09411765,0.14509805,dark
86,67,24,25,37,0.09411765,0.09803922,0.14509805,dark
86,68,19,21,34,0.07450981,0.08235294,0.13333334,dark
86,69,12,12,28,0.047058824,0.047058824,0.10980392,dark
86,70,127,107,113,0.49803922,0.41960785,0.44313726,mid
86,71,208,170,173,0.8156863,0.6666667,0.6784314,light
86,72,201,165,167,0.7882353,0.64705884,0.654902,light
86,73,201,165,167,0.7882353,0.64705884,0.654902,light
86,74,201,165,167,0.7882353,0.64705884,0.654902,light
86,75,201,165,167,0.7882353,0.64705884,0.654902,light
86,76,201,165,167,0.7882353,0.64705884,0.654902,light
86,77,201,165,167,0.7882353,0.64705884,0.654902,light
86,78,201,165,167,0.7882353,0.64705884,0.654902,light
86,79,201,165,167,0.7882353,0.64705884,0.654902,light
86,80,201,165,167,0.7882353,0.64705884,0.654902,light
86,81,201,165,167,0.7882353,0.64705884,0.654902,light
86,82,201,165,167,0.7882353,0.64705884,0.654902,light
86,83,201,165,167,0.7882353,0.64705884,0.654902,light
86,84,201,165,167,0.7882353,0.64705884,0.654902,light
86,85,203,167,165,0.79607844,0.654902,0.64705884,light
86,86,211,174,173,0.827451,0.68235296,0.6784314,light
86,87,109,91,98,0.42745098,0.35686275,0.38431373,mid
86,88,15,18,29,0.05882353,0.07058824,0.11372549,dark
86,89,37,35,48,0.14509805,0.13725491,0.1882353,dark
86,90,57,52,66,0.22352941,0.20392157,0.25882354,dark
86,91,57,51,65,0.22352941,0.2,0.25490198,dark
86,92,56,50,64,0.21960784,0.19607843,0.2509804,dark
86,93,56,50,64,0.21960784,0.19607843,0.2509804,dark
86,94,58,49,64,0.22745098,0.19215687,0.2509804,dark
86,95,52,48,62,0.20392157,0.1882353,0.24313726,dark
86,96,27,25,38,0.105882354,0.09803922,0.14901961,dark
86,97,23,24,36,0.09019608,0.09411765,0.14117648,dark
86,98,25,24,37,0.09803922,0.09411765,0.14509805,dark
86,99,25,25,37,0.09803922,0.09803922,0.14509805,dark
86,100,25,25,37,0.09803922,0.09803922,0.14509805,dark
86,101,16,16,28,0.0627451,0.0627451,0.10980392,dark
86,102,163,163,167,0.6392157,0.6392157,0.654902,mid
86,103,255,255,255,1.0,1.0,1.0,light
86,104,255,255,255,1.0,1.0,1.0,light
86,105,255,255,255,1.0,1.0,1.0,light
86,106,255,255,255,1.0,1.0,1.0,light
86,107,255,255,255,1.0,1.0,1.0,light
86,108,255,255,255,1.0,1.0,1.0,light
86,109,255,255,255,1.0,1.0,1.0,light
86,110,255,255,255,1.0,1.0,1.0,light
86,111,255,255,255,1.0,1.0,1.0,light
86,112,255,255,255,1.0,1.0,1.0,light
86,113,255,255,255,1.0,1.0,1.0,light
86,114,255,255,255,1.0,1.0,1.0,light
86,115,255,255,255,1.0,1.0,1.0,light
86,116,255,255,255,1.0,1.0,1.0,light
86,117,255,255,255,1.0,1.0,1.0,light
86,118,255,255,255,1.0,1.0,1.0,light
86,119,255,255,255,1.0,1.0,1.0,light
86,120,255,255,255,1.0,1.0,1.0,light
86,121,255,255,255,1.0,1.0,1.0,light
86,122,255,255,255,1.0,1.0,1.0,light
86,123,255,255,255,1.0,1.0,1.0,light
86,124,255,255,255,1.0,1.0,1.0,light
86,125,255,255,255,1.0,1.0,1.0,light
86,126,255,255,255,1.0,1.0,1.0,light
86,127,255,255,255,1.0,1.0,1.0,light
87,0,255,255,255,1.0,1.0,1.0,light
87,1,255,255,255,1.0,1.0,1.0,light
87,2,255,255,255,1.0,1.0,1.0,light
87,3,255,255,255,1.0,1.0,1.0,light
87,4,255,255,255,1.0,1.0,1.0,light
87,5,255,255,255,1.0,1.0,1.0,light
87,6,255,255,255,1.0,1.0,1.0,light
87,7,255,255,255,1.0,1.0,1.0,light
87,8,255,255,255,1.0,1.0,1.0,light
87,9,255,255,255,1.0,1.0,1.0,light
87,10,255,255,255,1.0,1.0,1.0,light
87,11,255,255,255,1.0,1.0,1.0,light
87,12,255,255,255,1.0,1.0,1.0,light
87,13,255,255,255,1.0,1.0,1.0,light
87,14,255,255,255,1.0,1.0,1.0,light
87,15,255,255,255,1.0,1.0,1.0,light
87,16,255,255,255,1.0,1.0,1.0,light
87,17,255,255,255,1.0,1.0,1.0,light
87,18,255,255,255,1.0,1.0,1.0,light
87,19,255,255,255,1.0,1.0,1.0,light
87,20,255,255,255,1.0,1.0,1.0,light
87,21,255,255,255,1.0,1.0,1.0,light
87,22,255,255,255,1.0,1.0,1.0,light
87,23,167,159,169,0.654902,0.62352943,0.6627451,mid
87,24,85,72,92,0.33333334,0.28235295,0.36078432,dark
87,25,75,68,81,0.29411766,0.26666668,0.31764707,dark
87,26,55,49,63,0.21568628,0.19215687,0.24705882,dark
87,27,56,50,64,0.21960784,0.19607843,0.2509804,dark
87,28,56,50,64,0.21960784,0.19607843,0.2509804,dark
87,29,56,50,64,0.21960784,0.19607843,0.2509804,dark
87,30,56,50,64,0.21960784,0.19607843,0.2509804,dark
87,31,56,50,64,0.21960784,0.19607843,0.2509804,dark
87,32,56,50,64,0.21960784,0.19607843,0.2509804,dark
87,33,56,50,64,0.21960784,0.19607843,0.2509804,dark
87,34,56,50,64,0.21960784,0.19607843,0.2509804,dark
87,35,56,50,64,0.21960784,0.19607843,0.2509804,dark
87,36,56,50,64,0.21960784,0.19607843,0.2509804,dark
87,37,53,48,60,0.20784314,0.1882353,0.23529412,dark
87,38,96,82,91,0.3764706,0.32156864,0.35686275,mid
87,39,123,104,110,0.48235294,0.40784314,0.43137255,mid
87,40,158,133,138,0.61960787,0.52156866,0.5411765,mid
87,41,203,168,169,0.79607844,0.65882355,0.6627451,light
87,42,200,165,169,0.78431374,0.64705884,0.6627451,light
87,43,204,169,169,0.8,0.6627451,0.6627451,light
87,44,174,140,143,0.68235296,0.54901963,0.56078434,mid
87,45,66,53,62,0.25882354,0.20784314,0.24313726,dark
87,46,59,50,61,0.23137255,0.19607843,0.23921569,dark
87,47,26,27,37,0.101960786,0.105882354,0.14509805,dark
87,48,23,25,37,0.09019608,0.09803922,0.14509805,dark
87,49,25,25,37,0.09803922,0.09803922,0.14509805,dark
87,50,25,25,37,0.09803922,0.09803922,0.14509805,dark
87,51,24,25,37,0.09411765,0.09803922,0.14509805,dark
87,52,24,24,37,0.09411765,0.09411765,0.14509805,dark
87,53,36,33,47,0.14117648,0.12941177,0.18431373,dark
87,54,42,38,52,0.16470589,0.14901961,0.20392157,dark
87,55,41,38,51,0.16078432,0.14901961,0.2,dark
87,56,41,37,51,0.16078432,0.14509805,0.2,dark
87,57,47,42,56,0.18431373,0.16470589,0.21960784,dark
87,58,56,50,64,0.21960784,0.19607843,0.2509804,dark
87,59,57,49,64,0.22352941,0.19215687,0.2509804,dark
87,60,56,50,64,0.21960784,0.19607843,0.2509804,dark
87,61,56,50,64,0.21960784,0.19607843,0.2509804,dark
87,62,56,50,64,0.21960784,0.19607843,0.2509804,dark
87,63,56,49,63,0.21960784,0.19215687,0.24705882,dark
87,64,43,38,52,0.16862746,0.14901961,0.20392157,dark
87,65,41,37,51,0.16078432,0.14509805,0.2,dark
87,66,29,26,39,0.11372549,0.101960786,0.15294118,dark
87,67,22,25,36,0.08627451,0.09803922,0.14117648,dark
87,68,23,25,37,0.09019608,0.09803922,0.14509805,dark
87,69,19,18,33,0.07450981,0.07058824,0.12941177,dark
87,70,130,109,115,0.50980395,0.42745098,0.4509804,mid
87,71,208,170,173,0.8156863,0.6666667,0.6784314,light
87,72,201,165,167,0.7882353,0.64705884,0.654902,light
87,73,201,165,167,0.7882353,0.64705884,0.654902,light
87,74,201,165,167,0.7882353,0.64705884,0.654902,light
87,75,201,165,167,0.7882353,0.64705884,0.654902,light
87,76,201,165,167,0.7882353,0.64705884,0.654902,light
87,77,201,165,167,0.7882353,0.64705884,0.654902,light
87,78,201,165,167,0.7882353,0.64705884,0.654902,light
87,79,201,165,167,0.7882353,0.64705884,0.654902,light
87,80,201,165,167,0.7882353,0.64705884,0.654902,light
87,81,201,165,167,0.7882353,0.64705884,0.654902,light
87,82,201,165,167,0.7882353,0.64705884,0.654902,light
87,83,201,165,167,0.7882353,0.64705884,0.654902,light
87,84,202,166,167,0.7921569,0.6509804,0.654902,light
87,85,177,146,155,0.69411767,0.57254905,0.60784316,mid
87,86,167,141,156,0.654902,0.5529412,0.6117647,mid
87,87,90,77,91,0.3529412,0.3019608,0.35686275,dark
87,88,17,19,31,0.06666667,0.07450981,0.12156863,dark
87,89,37,35,48,0.14509805,0.13725491,0.1882353,dark
87,90,56,51,65,0.21960784,0.2,0.25490198,dark
87,91,56,50,64,0.21960784,0.19607843,0.2509804,dark
87,92,56,50,64,0.21960784,0.19607843,0.2509804,dark
87,93,56,50,64,0.21960784,0.19607843,0.2509804,dark
87,94,55,50,64,0.21568628,0.19607843,0.2509804,dark
87,95,55,49,63,0.21568628,0.19215687,0.24705882,dark
87,96,44,39,52,0.17254902,0.15294118,0.20392157,dark
87,97,40,38,51,0.15686275,0.14901961,0.2,dark
87,98,27,28,39,0.105882354,0.10980392,0.15294118,dark
87,99,24,25,36,0.09411765,0.09803922,0.14117648,dark
87,100,25,25,37,0.09803922,0.09803922,0.14509805,dark
87,101,16,16,28,0.0627451,0.0627451,0.10980392,dark
87,102,163,163,167,0.6392157,0.6392157,0.654902,mid
87,103,255,255,255,1.0,1.0,1.0,light
87,104,255,255,255,1.0,1.0,1.0,light
87,105,255,255,255,1.0,1.0,1.0,light
87,106,255,255,255,1.0,1.0,1.0,light
87,107,255,255,255,1.0,1.0,1.0,light
87,108,255,255,255,1.0,1.0,1.0,light
87,109,255,255,255,1.0,1.0,1.0,light
87,110,255,255,255,1.0,1.0,1.0,light
87,111,255,255,255,1.0,1.0,1.0,light
87,112,255,255,255,1.0,1.0,1.0,light
87,113,255,255,255,1.0,1.0,1.0,light
87,114,255,255,255,1.0,1.0,1.0,light
87,115,255,255,255,1.0,1.0,1.0,light
87,116,255,255,255,1.0,1.0,1.0,light
87,117,255,255,255,1.0,1.0,1.0,light
87,118,255,255,255,1.0,1.0,1.0,light
87,119,255,255,255,1.0,1.0,1.0,light
87,120,255,255,255,1.0,1.0,1.0,light
87,121,255,255,255,1.0,1.0,1.0,light
87,122,255,255,255,1.0,1.0,1.0,light
87,123,255,255,255,1.0,1.0,1.0,light
87,124,255,255,255,1.0,1.0,1.0,light
87,125,255,255,255,1.0,1.0,1.0,light
87,126,255,255,255,1.0,1.0,1.0,light
87,127,255,255,255,1.0,1.0,1.0,light
88,0,255,255,255,1.0,1.0,1.0,light
88,1,255,255,255,1.0,1.0,1.0,light
88,2,255,255,255,1.0,1.0,1.0,light
88,3,255,255,255,1.0,1.0,1.0,light
88,4,255,255,255,1.0,1.0,1.0,light
88,5,255,255,255,1.0,1.0,1.0,light
88,6,255,255,255,1.0,1.0,1.0,light
88,7,255,255,255,1.0,1.0,1.0,light
88,8,255,255,255,1.0,1.0,1.0,light
88,9,255,255,255,1.0,1.0,1.0,light
88,10,255,255,255,1.0,1.0,1.0,light
88,11,255,255,255,1.0,1.0,1.0,light
88,12,255,255,255,1.0,1.0,1.0,light
88,13,255,255,255,1.0,1.0,1.0,light
88,14,255,255,255,1.0,1.0,1.0,light
88,15,255,255,255,1.0,1.0,1.0,light
88,16,255,255,255,1.0,1.0,1.0,light
88,17,255,255,255,1.0,1.0,1.0,light
88,18,255,255,255,1.0,1.0,1.0,light
88,19,255,255,255,1.0,1.0,1.0,light
88,20,255,255,255,1.0,1.0,1.0,light
88,21,255,255,255,1.0,1.0,1.0,light
88,22,255,255,255,1.0,1.0,1.0,light
88,23,148,143,149,0.5803922,0.56078434,0.58431375,mid
88,24,45,37,53,0.1764706,0.14509805,0.20784314,dark
88,25,54,48,62,0.21176471,0.1882353,0.24313726,dark
88,26,56,50,64,0.21960784,0.19607843,0.2509804,dark
88,27,56,50,64,0.21960784,0.19607843,0.2509804,dark
88,28,56,50,64,0.21960784,0.19607843,0.2509804,dark
88,29,56,50,64,0.21960784,0.19607843,0.2509804,dark
88,30,56,50,64,0.21960784,0.19607843,0.2509804,dark
88,31,56,50,64,0.21960784,0.19607843,0.2509804,dark
88,32,56,50,64,0.21960784,0.19607843,0.2509804,dark
88,33,56,50,64,0.21960784,0.19607843,0.2509804,dark
88,34,56,50,64,0.21960784,0.19607843,0.2509804,dark
88,35,56,50,64,0.21960784,0.19607843,0.2509804,dark
88,36,56,50,64,0.21960784,0.19607843,0.2509804,dark
88,37,56,50,65,0.21960784,0.19607843,0.25490198,dark
88,38,53,46,62,0.20784314,0.18039216,0.24313726,dark
88,39,45,38,54,0.1764706,0.14901961,0.21176471,dark
88,40,123,103,111,0.48235294,0.40392157,0.43529412,mid
88,41,213,175,176,0.8352941,0.6862745,0.6901961,light
88,42,206,169,172,0.80784315,0.6627451,0.6745098,light
88,43,206,171,171,0.80784315,0.67058825,0.67058825,light
88,44,181,149,152,0.70980394,0.58431375,0.59607846,mid
88,45,107,81,92,0.41960785,0.31764707,0.36078432,mid
88,46,95,73,87,0.37254903,0.28627452,0.34117648,dark
88,47,28,27,39,0.10980392,0.105882354,0.15294118,dark
88,48,24,24,37,0.09411765,0.09411765,0.14509805,dark
88,49,25,25,37,0.09803922,0.09803922,0.14509805,dark
88,50,25,25,37,0.09803922,0.09803922,0.14509805,dark
88,51,23,24,36,0.09019608,0.09411765,0.14117648,dark
88,52,23,22,35,0.09019608,0.08627451,0.13725491,dark
88,53,45,41,55,0.1764706,0.16078432,0.21568628,dark
88,54,58,52,66,0.22745098,0.20392157,0.25882354,dark
88,55,57,51,65,0.22352941,0.2,0.25490198,dark
88,56,57,51,65,0.22352941,0.2,0.25490198,dark
88,57,56,51,65,0.21960784,0.2,0.25490198,dark
88,58,56,50,64,0.21960784,0.19607843,0.2509804,dark
88,59,56,50,64,0.21960784,0.19607843,0.2509804,dark
88,60,56,50,64,0.21960784,0.19607843,0.2509804,dark
88,61,56,50,64,0.21960784,0.19607843,0.2509804,dark
88,62,56,50,64,0.21960784,0.19607843,0.2509804,dark
88,63,56,50,64,0.21960784,0.19607843,0.2509804,dark
88,64,57,51,65,0.22352941,0.2,0.25490198,dark
88,65,58,50,64,0.22745098,0.19607843,0.2509804,dark
88,66,28,29,41,0.10980392,0.11372549,0.16078432,dark
88,67,22,24,35,0.08627451,0.09411765,0.13725491,dark
88,68,25,24,37,0.09803922,0.09411765,0.14509805,dark
88,69,18,18,32,0.07058824,0.07058824,0.1254902,dark
88,70,134,109,115,0.5254902,0.42745098,0.4509804,mid
88,71,212,173,173,0.83137256,0.6784314,0.6784314,light
88,72,204,166,168,0.8,0.6509804,0.65882355,light
88,73,203,164,169,0.79607844,0.6431373,0.6627451,light
88,74,201,165,167,0.7882353,0.64705884,0.654902,light
88,75,201,165,167,0.7882353,0.64705884,0.654902,light
88,76,201,165,167,0.7882353,0.64705884,0.654902,light
88,77,201,165,167,0.7882353,0.64705884,0.654902,light
88,78,201,165,167,0.7882353,0.64705884,0.654902,light
88,79,201,165,167,0.7882353,0.64705884,0.654902,light
88,80,201,165,167,0.7882353,0.64705884,0.654902,light
88,81,201,165,167,0.7882353,0.64705884,0.654902,light
88,82,202,164,168,0.7921569,0.6431373,0.65882355,light
88,83,204,166,169,0.8,0.6509804,0.6627451,light
88,84,205,169,171,0.8039216,0.6627451,0.67058825,light
88,85,156,132,146,0.6117647,0.5176471,0.57254905,mid
88,86,134,114,143,0.5254902,0.44705883,0.56078434,mid
88,87,74,64,84,0.2901961,0.2509804,0.32941177,dark
88,88,18,19,30,0.07058824,0.07450981,0.11764706,dark
88,89,36,34,47,0.14117648,0.13333334,0.18431373,dark
88,90,55,51,65,0.21568628,0.2,0.25490198,dark
88,91,56,50,64,0.21960784,0.19607843,0.2509804,dark
88,92,56,50,64,0.21960784,0.19607843,0.2509804,dark
88,93,56,50,64,0.21960784,0.19607843,0.2509804,dark
88,94,56,50,64,0.21960784,0.19607843,0.2509804,dark
88,95,56,50,64,0.21960784,0.19607843,0.2509804,dark
88,96,57,51,65,0.22352941,0.2,0.25490198,dark
88,97,55,51,65,0.21568628,0.2,0.25490198,dark
88,98,29,29,42,0.11372549,0.11372549,0.16470589,dark
88,99,23,24,36,0.09019608,0.09411765,0.14117648,dark
88,100,18,18,30,0.07058824,0.07058824,0.11764706,dark
88,101,6,6,19,0.023529412,0.023529412,0.07450981,dark
88,102,159,159,163,0.62352943,0.62352943,0.6392157,mid
88,103,255,255,255,1.0,1.0,1.0,light
88,104,255,255,255,1.0,1.0,1.0,light
88,105,255,255,255,1.0,1.0,1.0,light
88,106,255,255,255,1.0,1.0,1.0,light
88,107,255,255,255,1.0,1.0,1.0,light
88,108,255,255,255,1.0,1.0,1.0,light
88,109,255,255,255,1.0,1.0,1.0,light
88,110,255,255,255,1.0,1.0,1.0,light
88,111,255,255,255,1.0,1.0,1.0,light
88,112,255,255,255,1.0,1.0,1.0,light
88,113,255,255,255,1.0,1.0,1.0,light
88,114,255,255,255,1.0,1.0,1.0,light
88,115,255,255,255,1.0,1.0,1.0,light
88,116,255,255,255,1.0,1.0,1.0,light
88,117,255,255,255,1.0,1.0,1.0,light
88,118,255,255,255,1.0,1.0,1.0,light
88,119,255,255,255,1.0,1.0,1.0,light
88,120,255,255,255,1.0,1.0,1.0,light
88,121,255,255,255,1.0,1.0,1.0,light
88,122,255,255,255,1.0,1.0,1.0,light
88,123,255,255,255,1.0,1.0,1.0,light
88,124,255,255,255,1.0,1.0,1.0,light
88,125,255,255,255,1.0,1.0,1.0,light
88,126,255,255,255,1.0,1.0,1.0,light
88,127,255,255,255,1.0,1.0,1.0,light
89,0,255,255,255,1.0,1.0,1.0,light
89,1,255,255,255,1.0,1.0,1.0,light
89,2,255,255,255,1.0,1.0,1.0,light
89,3,255,255,255,1.0,1.0,1.0,light
89,4,255,255,255,1.0,1.0,1.0,light
89,5,255,255,255,1.0,1.0,1.0,light
89,6,255,255,255,1.0,1.0,1.0,light
89,7,255,255,255,1.0,1.0,1.0,light
89,8,255,255,255,1.0,1.0,1.0,light
89,9,255,255,255,1.0,1.0,1.0,light
89,10,255,255,255,1.0,1.0,1.0,light
89,11,255,255,255,1.0,1.0,1.0,light
89,12,255,255,255,1.0,1.0,1.0,light
89,13,255,255,255,1.0,1.0,1.0,light
89,14,255,255,255,1.0,1.0,1.0,light
89,15,255,255,255,1.0,1.0,1.0,light
89,16,255,255,255,1.0,1.0,1.0,light
89,17,255,255,255,1.0,1.0,1.0,light
89,18,255,255,255,1.0,1.0,1.0,light
89,19,255,255,255,1.0,1.0,1.0,light
89,20,255,255,255,1.0,1.0,1.0,light
89,21,255,255,255,1.0,1.0,1.0,light
89,22,255,255,255,1.0,1.0,1.0,light
89,23,149,145,150,0.58431375,0.5686275,0.5882353,mid
89,24,48,41,56,0.1882353,0.16078432,0.21960784,dark
89,25,56,50,64,0.21960784,0.19607843,0.2509804,dark
89,26,56,50,64,0.21960784,0.19607843,0.2509804,dark
89,27,56,50,64,0.21960784,0.19607843,0.2509804,dark
89,28,56,50,64,0.21960784,0.19607843,0.2509804,dark
89,29,56,50,64,0.21960784,0.19607843,0.2509804,dark
89,30,56,50,64,0.21960784,0.19607843,0.2509804,dark
89,31,56,50,64,0.21960784,0.19607843,0.2509804,dark
89,32,56,50,64,0.21960784,0.19607843,0.2509804,dark
89,33,56,50,64,0.21960784,0.19607843,0.2509804,dark
89,34,56,50,64,0.21960784,0.19607843,0.2509804,dark
89,35,56,50,64,0.21960784,0.19607843,0.2509804,dark
89,36,56,50,64,0.21960784,0.19607843,0.2509804,dark
89,37,56,50,64,0.21960784,0.19607843,0.2509804,dark
89,38,56,50,64,0.21960784,0.19607843,0.2509804,dark
89,39,53,46,61,0.20784314,0.18039216,0.23921569,dark
89,40,96,82,93,0.3764706,0.32156864,0.3647059,mid
89,41,145,122,128,0.5686275,0.47843137,0.5019608,mid
89,42,149,122,130,0.58431375,0.47843137,0.50980395,mid
89,43,162,133,138,0.63529414,0.52156866,0.5411765,mid
89,44,146,119,126,0.57254905,0.46666667,0.49411765,mid
89,45,104,79,91,0.40784314,0.30980393,0.35686275,mid
89,46,94,71,85,0.36862746,0.2784314,0.33333334,dark
89,47,28,27,39,0.10980392,0.105882354,0.15294118,dark
89,48,25,24,37,0.09803922,0.09411765,0.14509805,dark
89,49,25,25,37,0.09803922,0.09803922,0.14509805,dark
89,50,25,25,37,0.09803922,0.09803922,0.14509805,dark
89,51,34,33,45,0.13333334,0.12941177,0.1764706,dark
89,52,37,34,48,0.14509805,0.13333334,0.1882353,dark
89,53,50,44,59,0.19607843,0.17254902,0.23137255,dark
89,54,57,51,65,0.22352941,0.2,0.25490198,dark
89,55,56,50,64,0.21960784,0.19607843,0.2509804,dark
89,56,56,50,64,0.21960784,0.19607843,0.2509804,dark
89,57,56,50,64,0.21960784,0.19607843,0.2509804,dark
89,58,56,50,64,0.21960784,0.19607843,0.2509804,dark
89,59,56,50,64,0.21960784,0.19607843,0.2509804,dark
89,60,56,50,64,0.21960784,0.19607843,0.2509804,dark
89,61,56,50,64,0.21960784,0.19607843,0.2509804,dark
89,62,56,50,64,0.21960784,0.19607843,0.2509804,dark
89,63,56,50,64,0.21960784,0.19607843,0.2509804,dark
89,64,56,50,64,0.21960784,0.19607843,0.2509804,dark
89,65,57,49,63,0.22352941,0.19215687,0.24705882,dark
89,66,40,38,51,0.15686275,0.14901961,0.2,dark
89,67,36,35,48,0.14117648,0.13725491,0.1882353,dark
89,68,29,27,40,0.11372549,0.105882354,0.15686275,dark
89,69,19,19,33,0.07450981,0.07450981,0.12941177,dark
89,70,114,96,107,0.44705883,0.3764706,0.41960785,mid
89,71,177,148,158,0.69411767,0.5803922,0.61960787,mid
89,72,187,153,160,0.73333335,0.6,0.627451,mid
89,73,204,165,168,0.8,0.64705884,0.65882355,light
89,74,201,165,167,0.7882353,0.64705884,0.654902,light
89,75,201,165,167,0.7882353,0.64705884,0.654902,light
89,76,201,165,167,0.7882353,0.64705884,0.654902,light
89,77,201,165,167,0.7882353,0.64705884,0.654902,light
89,78,201,165,167,0.7882353,0.64705884,0.654902,light
89,79,201,165,167,0.7882353,0.64705884,0.654902,light
89,80,201,165,167,0.7882353,0.64705884,0.654902,light
89,81,201,165,167,0.7882353,0.64705884,0.654902,light
89,82,201,165,168,0.7882353,0.64705884,0.65882355,light
89,83,179,148,158,0.7019608,0.5803922,0.61960787,mid
89,84,174,145,159,0.68235296,0.5686275,0.62352943,mid
89,85,116,100,115,0.45490196,0.39215687,0.4509804,mid
89,86,86,77,97,0.3372549,0.3019608,0.38039216,dark
89,87,60,54,70,0.23529412,0.21176471,0.27450982,dark
89,88,34,32,45,0.13333334,0.1254902,0.1764706,dark
89,89,44,41,54,0.17254902,0.16078432,0.21176471,dark
89,90,56,50,65,0.21960784,0.19607843,0.25490198,dark
89,91,56,50,64,0.21960784,0.19607843,0.2509804,dark
89,92,56,50,64,0.21960784,0.19607843,0.2509804,dark
89,93,56,50,64,0.21960784,0.19607843,0.2509804,dark
89,94,56,50,64,0.21960784,0.19607843,0.2509804,dark
89,95,56,50,64,0.21960784,0.19607843,0.2509804,dark
89,96,56,50,64,0.21960784,0.19607843,0.2509804,dark
89,97,54,50,64,0.21176471,0.19607843,0.2509804,dark
89,98,29,29,42,0.11372549,0.11372549,0.16470589,dark
89,99,21,22,34,0.08235294,0.08627451,0.13333334,dark
89,100,91,92,98,0.35686275,0.36078432,0.38431373,mid
89,101,112,112,116,0.4392157,0.4392157,0.45490196,mid
89,102,200,200,202,0.78431374,0.78431374,0.7921569,light
89,103,255,255,255,1.0,1.0,1.0,light
89,104,255,255,255,1.0,1.0,1.0,light
89,105,255,255,255,1.0,1.0,1.0,light
89,106,255,255,255,1.0,1.0,1.0,light
89,107,255,255,255,1.0,1.0,1.0,light
89,108,255,255,255,1.0,1.0,1.0,light
89,109,255,255,255,1.0,1.0,1.0,light
89,110,255,255,255,1.0,1.0,1.0,light
89,111,255,255,255,1.0,1.0,1.0,light
89,112,255,255,255,1.0,1.0,1.0,light
89,113,255,255,255,1.0,1.0,1.0,light
89,114,255,255,255,1.0,1.0,1.0,light
89,115,255,255,255,1.0,1.0,1.0,light
89,116,255,255,255,1.0,1.0,1.0,light
89,117,255,255,255,1.0,1.0,1.0,light
89,118,255,255,255,1.0,1.0,1.0,light
89,119,255,255,255,1.0,1.0,1.0,light
89,120,255,255,255,1.0,1.0,1.0,light
89,121,255,255,255,1.0,1.0,1.0,light
89,122,255,255,255,1.0,1.0,1.0,light
89,123,255,255,255,1.0,1.0,1.0,light
89,124,255,255,255,1.0,1.0,1.0,light
89,125,255,255,255,1.0,1.0,1.0,light
89,126,255,255,255,1.0,1.0,1.0,light
89,127,255,255,255,1.0,1.0,1.0,light
90,0,255,255,255,1.0,1.0,1.0,light
90,1,255,255,255,1.0,1.0,1.0,light
90,2,255,255,255,1.0,1.0,1.0,light
90,3,255,255,255,1.0,1.0,1.0,light
90,4,255,255,255,1.0,1.0,1.0,light
90,5,255,255,255,1.0,1.0,1.0,light
90,6,255,255,255,1.0,1.0,1.0,light
90,7,255,255,255,1.0,1.0,1.0,light
90,8,255,255,255,1.0,1.0,1.0,light
90,9,255,255,255,1.0,1.0,1.0,light
90,10,255,255,255,1.0,1.0,1.0,light
90,11,255,255,255,1.0,1.0,1.0,light
90,12,255,255,255,1.0,1.0,1.0,light
90,13,255,255,255,1.0,1.0,1.0,light
90,14,255,255,255,1.0,1.0,1.0,light
90,15,255,255,255,1.0,1.0,1.0,light
90,16,255,255,255,1.0,1.0,1.0,light
90,17,255,255,255,1.0,1.0,1.0,light
90,18,255,255,255,1.0,1.0,1.0,light
90,19,255,255,255,1.0,1.0,1.0,light
90,20,255,255,255,1.0,1.0,1.0,light
90,21,255,255,255,1.0,1.0,1.0,light
90,22,255,255,255,1.0,1.0,1.0,light
90,23,152,148,153,0.59607846,0.5803922,0.6,mid
90,24,48,41,56,0.1882353,0.16078432,0.21960784,dark
90,25,56,50,64,0.21960784,0.19607843,0.2509804,dark
90,26,56,50,64,0.21960784,0.19607843,0.2509804,dark
90,27,56,50,64,0.21960784,0.19607843,0.2509804,dark
90,28,56,50,64,0.21960784,0.19607843,0.2509804,dark
90,29,56,50,64,0.21960784,0.19607843,0.2509804,dark
90,30,56,50,64,0.21960784,0.19607843,0.2509804,dark
90,31,56,50,64,0.21960784,0.19607843,0.2509804,dark
90,32,56,50,64,0.21960784,0.19607843,0.2509804,dark
90,33,56,50,64,0.21960784,0.19607843,0.2509804,dark
90,34,56,50,64,0.21960784,0.19607843,0.2509804,dark
90,35,56,50,64,0.21960784,0.19607843,0.2509804,dark
90,36,56,50,64,0.21960784,0.19607843,0.2509804,dark
90,37,56,50,64,0.21960784,0.19607843,0.2509804,dark
90,38,56,50,64,0.21960784,0.19607843,0.2509804,dark
90,39,56,50,64,0.21960784,0.19607843,0.2509804,dark
90,40,53,48,62,0.20784314,0.1882353,0.24313726,dark
90,41,49,45,58,0.19215687,0.1764706,0.22745098,dark
90,42,68,56,69,0.26666668,0.21960784,0.27058825,dark
90,43,101,78,89,0.39607844,0.30588236,0.34901962,mid
90,44,101,78,88,0.39607844,0.30588236,0.34509805,mid
90,45,105,81,94,0.4117647,0.31764707,0.36862746,mid
90,46,96,73,87,0.3764706,0.28627452,0.34117648,dark
90,47,28,27,39,0.10980392,0.105882354,0.15294118,dark
90,48,25,24,37,0.09803922,0.09411765,0.14509805,dark
90,49,25,25,37,0.09803922,0.09803922,0.14509805,dark
90,50,25,25,37,0.09803922,0.09803922,0.14509805,dark
90,51,48,46,59,0.1882353,0.18039216,0.23137255,dark
90,52,57,52,66,0.22352941,0.20392157,0.25882354,dark
90,53,57,49,64,0.22352941,0.19215687,0.2509804,dark
90,54,56,50,64,0.21960784,0.19607843,0.2509804,dark
90,55,56,50,64,0.21960784,0.19607843,0.2509804,dark
90,56,56,50,64,0.21960784,0.19607843,0.2509804,dark
90,57,56,50,64,0.21960784,0.19607843,0.2509804,dark
90,58,56,50,64,0.21960784,0.19607843,0.2509804,dark
90,59,56,50,64,0.21960784,0.19607843,0.2509804,dark
90,60,56,50,64,0.21960784,0.19607843,0.2509804,dark
90,61,56,50,64,0.21960784,0.19607843,0.2509804,dark
90,62,56,50,64,0.21960784,0.19607843,0.2509804,dark
90,63,56,50,64,0.21960784,0.19607843,0.2509804,dark
90,64,56,50,64,0.21960784,0.19607843,0.2509804,dark
90,65,57,49,64,0.22352941,0.19215687,0.2509804,dark
90,66,57,50,65,0.22352941,0.19607843,0.25490198,dark
90,67,57,52,66,0.22352941,0.20392157,0.25882354,dark
90,68,33,32,45,0.12941177,0.1254902,0.1764706,dark
90,69,20,20,33,0.078431375,0.078431375,0.12941177,dark
90,70,85,76,94,0.33333334,0.29803923,0.36862746,dark
90,71,128,111,133,0.5019608,0.43529412,0.52156866,mid
90,72,164,136,148,0.6431373,0.53333336,0.5803922,mid
90,73,206,169,170,0.80784315,0.6627451,0.6666667,light
90,74,203,166,168,0.79607844,0.6509804,0.65882355,light
90,75,201,165,167,0.7882353,0.64705884,0.654902,light
90,76,201,165,167,0.7882353,0.64705884,0.654902,light
90,77,201,165,167,0.7882353,0.64705884,0.654902,light
90,78,201,165,167,0.7882353,0.64705884,0.654902,light
90,79,201,165,167,0.7882353,0.64705884,0.654902,light
90,80,201,165,167,0.7882353,0.64705884,0.654902,light
90,81,203,167,168,0.79607844,0.654902,0.65882355,light
90,82,203,167,171,0.79607844,0.654902,0.67058825,light
90,83,148,124,141,0.5803922,0.4862745,0.5529412,mid
90,84,132,114,141,0.5176471,0.44705883,0.5529412,mid
90,85,60,50,68,0.23529412,0.19607843,0.26666668,dark
90,86,14,16,27,0.05490196,0.0627451,0.105882354,dark
90,87,39,37,50,0.15294118,0.14509805,0.19607843,dark
90,88,57,52,66,0.22352941,0.20392157,0.25882354,dark
90,89,56,51,65,0.21960784,0.2,0.25490198,dark
90,90,57,49,64,0.22352941,0.19215687,0.2509804,dark
90,91,56,50,64,0.21960784,0.19607843,0.2509804,dark
90,92,56,50,64,0.21960784,0.19607843,0.2509804,dark
90,93,56,50,64,0.21960784,0.19607843,0.2509804,dark
90,94,56,50,64,0.21960784,0.19607843,0.2509804,dark
90,95,56,50,64,0.21960784,0.19607843,0.2509804,dark
90,96,56,50,64,0.21960784,0.19607843,0.2509804,dark
90,97,54,50,64,0.21176471,0.19607843,0.2509804,dark
90,98,29,29,41,0.11372549,0.11372549,0.16078432,dark
90,99,18,19,31,0.07058824,0.07450981,0.12156863,dark
90,100,197,198,200,0.77254903,0.7764706,0.78431374,light
90,101,255,255,255,1.0,1.0,1.0,light
90,102,255,255,255,1.0,1.0,1.0,light
90,103,255,255,255,1.0,1.0,1.0,light
90,104,255,255,255,1.0,1.0,1.0,light
90,105,255,255,255,1.0,1.0,1.0,light
90,106,255,255,255,1.0,1.0,1.0,light
90,107,255,255,255,1.0,1.0,1.0,light
90,108,255,255,255,1.0,1.0,1.0,light
90,109,255,255,255,1.0,1.0,1.0,light
90,110,255,255,255,1.0,1.0,1.0,light
90,111,255,255,255,1.0,1.0,1.0,light
90,112,255,255,255,1.0,1.0,1.0,light
90,113,255,255,255,1.0,1.0,1.0,light
90,114,255,255,255,1.0,1.0,1.0,light
90,115,255,255,255,1.0,1.0,1.0,light
90,116,255,255,255,1.0,1.0,1.0,light
90,117,255,255,255,1.0,1.0,1.0,light
90,118,255,255,255,1.0,1.0,1.0,light
90,119,255,255,255,1.0,1.0,1.0,light
90,120,255,255,255,1.0,1.0,1.0,light
90,121,255,255,255,1.0,1.0,1.0,light
90,122,255,255,255,1.0,1.0,1.0,light
90,123,255,255,255,1.0,1.0,1.0,light
90,124,255,255,255,1.0,1.0,1.0,light
90,125,255,255,255,1.0,1.0,1.0,light
90,126,255,255,255,1.0,1.0,1.0,light
90,127,255,255,255,1.0,1.0,1.0,light
91,0,255,255,255,1.0,1.0,1.0,light
91,1,255,255,255,1.0,1.0,1.0,light
91,2,255,255,255,1.0,1.0,1.0,light
91,3,255,255,255,1.0,1.0,1.0,light
91,4,255,255,255,1.0,1.0,1.0,light
91,5,255,255,255,1.0,1.0,1.0,light
91,6,255,255,255,1.0,1.0,1.0,light
91,7,255,255,255,1.0,1.0,1.0,light
91,8,255,255,255,1.0,1.0,1.0,light
91,9,255,255,255,1.0,1.0,1.0,light
91,10,255,255,255,1.0,1.0,1.0,light
91,11,255,255,255,1.0,1.0,1.0,light
91,12,255,255,255,1.0,1.0,1.0,light
91,13,255,255,255,1.0,1.0,1.0,light
91,14,255,255,255,1.0,1.0,1.0,light
91,15,255,255,255,1.0,1.0,1.0,light
91,16,255,255,255,1.0,1.0,1.0,light
91,17,255,255,255,1.0,1.0,1.0,light
91,18,255,255,255,1.0,1.0,1.0,light
91,19,255,255,255,1.0,1.0,1.0,light
91,20,254,255,255,0.99607843,1.0,1.0,light
91,21,218,217,219,0.85490197,0.8509804,0.85882354,light
91,22,198,197,199,0.7764706,0.77254903,0.78039217,light
91,23,123,119,125,0.48235294,0.46666667,0.49019608,mid
91,24,50,43,60,0.19607843,0.16862746,0.23529412,dark
91,25,56,50,63,0.21960784,0.19607843,0.24705882,dark
91,26,56,50,64,0.21960784,0.19607843,0.2509804,dark
91,27,56,50,64,0.21960784,0.19607843,0.2509804,dark
91,28,56,50,64,0.21960784,0.19607843,0.2509804,dark
91,29,56,50,64,0.21960784,0.19607843,0.2509804,dark
91,30,56,50,64,0.21960784,0.19607843,0.2509804,dark
91,31,56,50,64,0.21960784,0.19607843,0.2509804,dark
91,32,56,50,64,0.21960784,0.19607843,0.2509804,dark
91,33,56,50,64,0.21960784,0.19607843,0.2509804,dark
91,34,56,50,64,0.21960784,0.19607843,0.2509804,dark
91,35,56,50,64,0.21960784,0.19607843,0.2509804,dark
91,36,56,50,64,0.21960784,0.19607843,0.2509804,dark
91,37,56,50,64,0.21960784,0.19607843,0.2509804,dark
91,38,56,50,64,0.21960784,0.19607843,0.2509804,dark
91,39,55,50,64,0.21568628,0.19607843,0.2509804,dark
91,40,50,47,61,0.19607843,0.18431373,0.23921569,dark
91,41,46,41,56,0.18039216,0.16078432,0.21960784,dark
91,42,60,49,63,0.23529412,0.19215687,0.24705882,dark
91,43,81,64,75,0.31764707,0.2509804,0.29411766,dark
91,44,81,63,74,0.31764707,0.24705882,0.2901961,dark
91,45,82,64,75,0.32156864,0.2509804,0.29411766,dark
91,46,73,59,71,0.28627452,0.23137255,0.2784314,dark
91,47,26,27,37,0.101960786,0.105882354,0.14509805,dark
91,48,23,25,37,0.09019608,0.09803922,0.14509805,dark
91,49,25,25,37,0.09803922,0.09803922,0.14509805,dark
91,50,25,25,37,0.09803922,0.09803922,0.14509805,dark
91,51,49,44,58,0.19215687,0.17254902,0.22745098,dark
91,52,57,51,65,0.22352941,0.2,0.25490198,dark
91,53,56,50,64,0.21960784,0.19607843,0.2509804,dark
91,54,56,50,64,0.21960784,0.19607843,0.2509804,dark
91,55,56,50,64,0.21960784,0.19607843,0.2509804,dark
91,56,56,50,64,0.21960784,0.19607843,0.2509804,dark
91,57,56,50,64,0.21960784,0.19607843,0.2509804,dark
91,58,56,50,64,0.21960784,0.19607843,0.2509804,dark
91,59,56,50,64,0.21960784,0.19607843,0.2509804,dark
91,60,56,50,64,0.21960784,0.19607843,0.2509804,dark
91,61,56,50,64,0.21960784,0.19607843,0.2509804,dark
91,62,56,50,64,0.21960784,0.19607843,0.2509804,dark
91,63,56,50,64,0.21960784,0.19607843,0.2509804,dark
91,64,56,50,64,0.21960784,0.19607843,0.2509804,dark
91,65,56,50,64,0.21960784,0.19607843,0.2509804,dark
91,66,56,50,64,0.21960784,0.19607843,0.2509804,dark
91,67,57,51,65,0.22352941,0.2,0.25490198,dark
91,68,33,32,44,0.12941177,0.1254902,0.17254902,dark
91,69,20,20,33,0.078431375,0.078431375,0.12941177,dark
91,70,87,76,96,0.34117648,0.29803923,0.3764706,dark
91,71,130,115,138,0.50980395,0.4509804,0.5411765,mid
91,72,154,130,146,0.6039216,0.50980395,0.57254905,mid
91,73,182,152,159,0.7137255,0.59607846,0.62352943,mid
91,74,188,156,163,0.7372549,0.6117647,0.6392157,mid
91,75,202,165,167,0.7921569,0.64705884,0.654902,light
91,76,200,166,167,0.78431374,0.6509804,0.654902,light
91,77,201,165,169,0.7882353,0.64705884,0.6627451,light
91,78,201,165,169,0.7882353,0.64705884,0.6627451,light
91,79,202,165,167,0.7921569,0.64705884,0.654902,light
91,80,201,164,167,0.7882353,0.6431373,0.654902,light
91,81,185,152,161,0.7254902,0.59607846,0.6313726,mid
91,82,180,151,161,0.7058824,0.5921569,0.6313726,mid
91,83,120,100,116,0.47058824,0.39215687,0.45490196,mid
91,84,99,88,109,0.3882353,0.34509805,0.42745098,mid
91,85,56,50,66,0.21960784,0.19607843,0.25882354,dark
91,86,31,28,41,0.12156863,0.10980392,0.16078432,dark
91,87,45,41,55,0.1764706,0.16078432,0.21568628,dark
91,88,56,51,65,0.21960784,0.2,0.25490198,dark
91,89,56,50,64,0.21960784,0.19607843,0.2509804,dark
91,90,56,50,64,0.21960784,0.19607843,0.2509804,dark
91,91,56,50,64,0.21960784,0.19607843,0.2509804,dark
91,92,56,50,64,0.21960784,0.19607843,0.2509804,dark
91,93,56,50,64,0.21960784,0.19607843,0.2509804,dark
91,94,56,50,64,0.21960784,0.19607843,0.2509804,dark
91,95,56,50,64,0.21960784,0.19607843,0.2509804,dark
91,96,56,50,64,0.21960784,0.19607843,0.2509804,dark
91,97,54,50,64,0.21176471,0.19607843,0.2509804,dark
91,98,29,29,41,0.11372549,0.11372549,0.16078432,dark
91,99,17,19,30,0.06666667,0.07450981,0.11764706,dark
91,100,189,192,193,0.7411765,0.7529412,0.75686276,light
91,101,255,255,255,1.0,1.0,1.0,light
91,102,255,255,255,1.0,1.0,1.0,light
91,103,255,255,255,1.0,1.0,1.0,light
91,104,255,255,255,1.0,1.0,1.0,light
91,105,255,255,255,1.0,1.0,1.0,light
91,106,255,255,255,1.0,1.0,1.0,light
91,107,255,255,255,1.0,1.0,1.0,light
91,108,255,255,255,1.0,1.0,1.0,light
91,109,255,255,255,1.0,1.0,1.0,light
91,110,255,255,255,1.0,1.0,1.0,light
91,111,255,255,255,1.0,1.0,1.0,light
91,112,255,255,255,1.0,1.0,1.0,light
91,113,255,255,255,1.0,1.0,1.0,light
91,114,255,255,255,1.0,1.0,1.0,light
91,115,255,255,255,1.0,1.0,1.0,light
91,116,255,255,255,1.0,1.0,1.0,light
91,117,255,255,255,1.0,1.0,1.0,light
91,118,255,255,255,1.0,1.0,1.0,light
91,119,255,255,255,1.0,1.0,1.0,light
91,120,255,255,255,1.0,1.0,1.0,light
91,121,255,255,255,1.0,1.0,1.0,light
91,122,255,255,255,1.0,1.0,1.0,light
91,123,255,255,255,1.0,1.0,1.0,light
91,124,255,255,255,1.0,1.0,1.0,light
91,125,255,255,255,1.0,1.0,1.0,light
91,126,255,255,255,1.0,1.0,1.0,light
91,127,255,255,255,1.0,1.0,1.0,light
92,0,255,255,255,1.0,1.0,1.0,light
92,1,255,255,255,1.0,1.0,1.0,light
92,2,255,255,255,1.0,1.0,1.0,light
92,3,255,255,255,1.0,1.0,1.0,light
92,4,255,255,255,1.0,1.0,1.0,light
92,5,255,255,255,1.0,1.0,1.0,light
92,6,255,255,255,1.0,1.0,1.0,light
92,7,255,255,255,1.0,1.0,1.0,light
92,8,255,255,255,1.0,1.0,1.0,light
92,9,255,255,255,1.0,1.0,1.0,light
92,10,255,255,255,1.0,1.0,1.0,light
92,11,255,255,255,1.0,1.0,1.0,light
92,12,255,255,255,1.0,1.0,1.0,light
92,13,255,255,255,1.0,1.0,1.0,light
92,14,255,255,255,1.0,1.0,1.0,light
92,15,255,255,255,1.0,1.0,1.0,light
92,16,255,255,255,1.0,1.0,1.0,light
92,17,255,255,255,1.0,1.0,1.0,light
92,18,255,255,255,1.0,1.0,1.0,light
92,19,255,255,254,1.0,1.0,0.99607843,light
92,20,255,255,255,1.0,1.0,1.0,light
92,21,120,117,123,0.47058824,0.45882353,0.48235294,mid
92,22,45,38,52,0.1764706,0.14901961,0.20392157,dark
92,23,54,48,62,0.21176471,0.1882353,0.24313726,dark
92,24,56,50,64,0.21960784,0.19607843,0.2509804,dark
92,25,56,50,61,0.21960784,0.19607843,0.23921569,dark
92,26,56,50,64,0.21960784,0.19607843,0.2509804,dark
92,27,56,50,64,0.21960784,0.19607843,0.2509804,dark
92,28,56,50,64,0.21960784,0.19607843,0.2509804,dark
92,29,56,50,64,0.21960784,0.19607843,0.2509804,dark
92,30,56,50,64,0.21960784,0.19607843,0.2509804,dark
92,31,56,50,64,0.21960784,0.19607843,0.2509804,dark
92,32,56,50,64,0.21960784,0.19607843,0.2509804,dark
92,33,56,50,64,0.21960784,0.19607843,0.2509804,dark
92,34,57,50,65,0.22352941,0.19607843,0.25490198,dark
92,35,57,51,65,0.22352941,0.2,0.25490198,dark
92,36,57,51,65,0.22352941,0.2,0.25490198,dark
92,37,57,51,65,0.22352941,0.2,0.25490198,dark
92,38,57,51,65,0.22352941,0.2,0.25490198,dark
92,39,57,52,66,0.22352941,0.20392157,0.25882354,dark
92,40,40,38,51,0.15686275,0.14901961,0.2,dark
92,41,24,22,35,0.09411765,0.08627451,0.13725491,dark
92,42,24,23,35,0.09411765,0.09019608,0.13725491,dark
92,43,23,24,33,0.09019608,0.09411765,0.12941177,dark
92,44,23,24,33,0.09019608,0.09411765,0.12941177,dark
92,45,23,23,34,0.09019608,0.09019608,0.13333334,dark
92,46,23,23,35,0.09019608,0.09019608,0.13725491,dark
92,47,23,26,35,0.09019608,0.101960786,0.13725491,dark
92,48,24,25,36,0.09411765,0.09803922,0.14117648,dark
92,49,24,25,36,0.09411765,0.09803922,0.14117648,dark
92,50,24,24,36,0.09411765,0.09411765,0.14117648,dark
92,51,49,44,58,0.19215687,0.17254902,0.22745098,dark
92,52,57,51,65,0.22352941,0.2,0.25490198,dark
92,53,56,50,64,0.21960784,0.19607843,0.2509804,dark
92,54,56,50,64,0.21960784,0.19607843,0.2509804,dark
92,55,56,50,64,0.21960784,0.19607843,0.2509804,dark
92,56,56,50,64,0.21960784,0.19607843,0.2509804,dark
92,57,56,50,64,0.21960784,0.19607843,0.2509804,dark
92,58,56,50,64,0.21960784,0.19607843,0.2509804,dark
92,59,56,50,64,0.21960784,0.19607843,0.2509804,dark
92,60,56,50,64,0.21960784,0.19607843,0.2509804,dark
92,61,56,50,64,0.21960784,0.19607843,0.2509804,dark
92,62,56,50,64,0.21960784,0.19607843,0.2509804,dark
92,63,56,50,64,0.21960784,0.19607843,0.2509804,dark
92,64,56,50,64,0.21960784,0.19607843,0.2509804,dark
92,65,56,50,64,0.21960784,0.19607843,0.2509804,dark
92,66,56,50,64,0.21960784,0.19607843,0.2509804,dark
92,67,57,51,65,0.22352941,0.2,0.25490198,dark
92,68,33,32,44,0.12941177,0.1254902,0.17254902,dark
92,69,20,20,33,0.078431375,0.078431375,0.12941177,dark
92,70,87,76,96,0.34117648,0.29803923,0.3764706,dark
92,71,134,116,139,0.5254902,0.45490196,0.54509807,mid
92,72,128,112,134,0.5019608,0.4392157,0.5254902,mid
92,73,124,109,131,0.4862745,0.42745098,0.5137255,mid
92,74,154,130,146,0.6039216,0.50980395,0.57254905,mid
92,75,205,168,167,0.8039216,0.65882355,0.654902,light
92,76,205,165,166,0.8039216,0.64705884,0.6509804,light
92,77,203,166,170,0.79607844,0.6509804,0.6666667,light
92,78,203,166,170,0.79607844,0.6509804,0.6666667,light
92,79,204,166,168,0.8,0.6509804,0.65882355,light
92,80,198,164,169,0.7764706,0.6431373,0.6627451,light
92,81,139,117,138,0.54509807,0.45882353,0.5411765,mid
92,82,126,110,136,0.49411765,0.43137255,0.53333336,mid
92,83,48,40,57,0.1882353,0.15686275,0.22352941,dark
92,84,19,19,28,0.07450981,0.07450981,0.10980392,dark
92,85,45,41,53,0.1764706,0.16078432,0.20784314,dark
92,86,58,52,66,0.22745098,0.20392157,0.25882354,dark
92,87,56,50,64,0.21960784,0.19607843,0.2509804,dark
92,88,56,50,64,0.21960784,0.19607843,0.2509804,dark
92,89,56,50,64,0.21960784,0.19607843,0.2509804,dark
92,90,56,50,64,0.21960784,0.19607843,0.2509804,dark
92,91,56,50,64,0.21960784,0.19607843,0.2509804,dark
92,92,56,50,64,0.21960784,0.19607843,0.2509804,dark
92,93,56,50,64,0.21960784,0.19607843,0.2509804,dark
92,94,56,50,64,0.21960784,0.19607843,0.2509804,dark
92,95,56,50,64,0.21960784,0.19607843,0.2509804,dark
92,96,56,50,64,0.21960784,0.19607843,0.2509804,dark
92,97,54,50,64,0.21176471,0.19607843,0.2509804,dark
92,98,29,29,41,0.11372549,0.11372549,0.16078432,dark
92,99,17,19,30,0.06666667,0.07450981,0.11764706,dark
92,100,193,196,196,0.75686276,0.76862746,0.76862746,light
92,101,255,255,255,1.0,1.0,1.0,light
92,102,255,255,255,1.0,1.0,1.0,light
92,103,255,255,255,1.0,1.0,1.0,light
92,104,255,255,255,1.0,1.0,1.0,light
92,105,255,255,255,1.0,1.0,1.0,light
92,106,255,255,255,1.0,1.0,1.0,light
92,107,255,255,255,1.0,1.0,1.0,light
92,108,255,255,255,1.0,1.0,1.0,light
92,109,255,255,255,1.0,1.0,1.0,light
92,110,255,255,255,1.0,1.0,1.0,light
92,111,255,255,255,1.0,1.0,1.0,light
92,112,255,255,255,1.0,1.0,1.0,light
92,113,255,255,255,1.0,1.0,1.0,light
92,114,255,255,255,1.0,1.0,1.0,light
92,115,255,255,255,1.0,1.0,1.0,light
92,116,255,255,255,1.0,1.0,1.0,light
92,117,255,255,255,1.0,1.0,1.0,light
92,118,255,255,255,1.0,1.0,1.0,light
92,119,255,255,255,1.0,1.0,1.0,light
92,120,255,255,255,1.0,1.0,1.0,light
92,121,255,255,255,1.0,1.0,1.0,light
92,122,255,255,255,1.0,1.0,1.0,light
92,123,255,255,255,1.0,1.0,1.0,light
92,124,255,255,255,1.0,1.0,1.0,light
92,125,255,255,255,1.0,1.0,1.0,light
92,126,255,255,255,1.0,1.0,1.0,light
92,127,255,255,255,1.0,1.0,1.0,light
93,0,255,255,255,1.0,1.0,1.0,light
93,1,255,255,255,1.0,1.0,1.0,light
93,2,255,255,255,1.0,1.0,1.0,light
93,3,255,255,255,1.0,1.0,1.0,light
93,4,255,255,255,1.0,1.0,1.0,light
93,5,255,255,255,1.0,1.0,1.0,light
93,6,255,255,255,1.0,1.0,1.0,light
93,7,255,255,255,1.0,1.0,1.0,light
93,8,255,255,255,1.0,1.0,1.0,light
93,9,255,255,255,1.0,1.0,1.0,light
93,10,255,255,255,1.0,1.0,1.0,light
93,11,255,255,255,1.0,1.0,1.0,light
93,12,255,255,255,1.0,1.0,1.0,light
93,13,255,255,255,1.0,1.0,1.0,light
93,14,255,255,255,1.0,1.0,1.0,light
93,15,255,255,255,1.0,1.0,1.0,light
93,16,255,255,255,1.0,1.0,1.0,light
93,17,255,255,255,1.0,1.0,1.0,light
93,18,255,255,255,1.0,1.0,1.0,light
93,19,255,255,255,1.0,1.0,1.0,light
93,20,255,255,255,1.0,1.0,1.0,light
93,21,119,115,123,0.46666667,0.4509804,0.48235294,mid
93,22,44,37,51,0.17254902,0.14509805,0.2,dark
93,23,53,48,62,0.20784314,0.1882353,0.24313726,dark
93,24,56,50,64,0.21960784,0.19607843,0.2509804,dark
93,25,56,49,65,0.21960784,0.19215687,0.25490198,dark
93,26,56,50,64,0.21960784,0.19607843,0.2509804,dark
93,27,56,50,64,0.21960784,0.19607843,0.2509804,dark
93,28,56,50,64,0.21960784,0.19607843,0.2509804,dark
93,29,56,50,64,0.21960784,0.19607843,0.2509804,dark
93,30,56,50,64,0.21960784,0.19607843,0.2509804,dark
93,31,56,50,64,0.21960784,0.19607843,0.2509804,dark
93,32,56,50,64,0.21960784,0.19607843,0.2509804,dark
93,33,55,50,64,0.21568628,0.19607843,0.2509804,dark
93,34,52,46,60,0.20392157,0.18039216,0.23529412,dark
93,35,51,45,59,0.2,0.1764706,0.23137255,dark
93,36,51,46,60,0.2,0.18039216,0.23529412,dark
93,37,51,46,60,0.2,0.18039216,0.23529412,dark
93,38,51,46,60,0.2,0.18039216,0.23529412,dark
93,39,52,46,60,0.20392157,0.18039216,0.23529412,dark
93,40,38,36,49,0.14901961,0.14117648,0.19215687,dark
93,41,23,24,36,0.09019608,0.09411765,0.14117648,dark
93,42,23,25,37,0.09019608,0.09803922,0.14509805,dark
93,43,23,25,37,0.09019608,0.09803922,0.14509805,dark
93,44,23,25,37,0.09019608,0.09803922,0.14509805,dark
93,45,24,25,38,0.09411765,0.09803922,0.14901961,dark
93,46,25,24,38,0.09803922,0.09411765,0.14901961,dark
93,47,25,25,36,0.09803922,0.09803922,0.14117648,dark
93,48,25,25,36,0.09803922,0.09803922,0.14117648,dark
93,49,29,29,41,0.11372549,0.11372549,0.16078432,dark
93,50,30,29,41,0.11764706,0.11372549,0.16078432,dark
93,51,50,45,59,0.19607843,0.1764706,0.23137255,dark
93,52,57,51,65,0.22352941,0.2,0.25490198,dark
93,53,56,50,64,0.21960784,0.19607843,0.2509804,dark
93,54,56,50,64,0.21960784,0.19607843,0.2509804,dark
93,55,56,50,64,0.21960784,0.19607843,0.2509804,dark
93,56,56,50,64,0.21960784,0.19607843,0.2509804,dark
93,57,56,50,64,0.21960784,0.19607843,0.2509804,dark
93,58,56,50,64,0.21960784,0.19607843,0.2509804,dark
93,59,56,50,64,0.21960784,0.19607843,0.2509804,dark
93,60,56,50,64,0.21960784,0.19607843,0.2509804,dark
93,61,56,50,64,0.21960784,0.19607843,0.2509804,dark
93,62,56,50,64,0.21960784,0.19607843,0.2509804,dark
93,63,56,50,64,0.21960784,0.19607843,0.2509804,dark
93,64,56,50,64,0.21960784,0.19607843,0.2509804,dark
93,65,56,50,64,0.21960784,0.19607843,0.2509804,dark
93,66,56,50,64,0.21960784,0.19607843,0.2509804,dark
93,67,57,51,65,0.22352941,0.2,0.25490198,dark
93,68,33,32,44,0.12941177,0.1254902,0.17254902,dark
93,69,19,20,33,0.07450981,0.078431375,0.12941177,dark
93,70,87,76,96,0.34117648,0.29803923,0.3764706,dark
93,71,134,115,140,0.5254902,0.4509804,0.54901963,mid
93,72,129,112,137,0.5058824,0.4392157,0.5372549,mid
93,73,128,110,135,0.5019608,0.43137255,0.5294118,mid
93,74,150,127,145,0.5882353,0.49803922,0.5686275,mid
93,75,189,159,162,0.7411765,0.62352943,0.63529414,mid
93,76,189,156,164,0.7411765,0.6117647,0.6431373,mid
93,77,189,156,164,0.7411765,0.6117647,0.6431373,mid
93,78,189,156,164,0.7411765,0.6117647,0.6431373,mid
93,79,190,157,162,0.74509805,0.6156863,0.63529414,mid
93,80,185,154,163,0.7254902,0.6039216,0.6392157,mid
93,81,140,116,140,0.54901963,0.45490196,0.54901963,mid
93,82,128,111,139,0.5019608,0.43529412,0.54509807,mid
93,83,48,43,58,0.1882353,0.16862746,0.22745098,dark
93,84,22,21,32,0.08627451,0.08235294,0.1254902,dark
93,85,47,40,55,0.18431373,0.15686275,0.21568628,dark
93,86,58,50,65,0.22745098,0.19607843,0.25490198,dark
93,87,57,49,64,0.22352941,0.19215687,0.2509804,dark
93,88,56,50,64,0.21960784,0.19607843,0.2509804,dark
93,89,56,50,64,0.21960784,0.19607843,0.2509804,dark
93,90,56,50,64,0.21960784,0.19607843,0.2509804,dark
93,91,56,50,64,0.21960784,0.19607843,0.2509804,dark
93,92,56,50,64,0.21960784,0.19607843,0.2509804,dark
93,93,56,50,64,0.21960784,0.19607843,0.2509804,dark
93,94,56,50,64,0.21960784,0.19607843,0.2509804,dark
93,95,56,50,64,0.21960784,0.19607843,0.2509804,dark
93,96,56,50,64,0.21960784,0.19607843,0.2509804,dark
93,97,55,50,64,0.21568628,0.19607843,0.2509804,dark
93,98,29,29,41,0.11372549,0.11372549,0.16078432,dark
93,99,18,20,31,0.07058824,0.078431375,0.12156863,dark
93,100,162,164,167,0.63529414,0.6431373,0.654902,mid
93,101,215,215,217,0.84313726,0.84313726,0.8509804,light
93,102,240,240,240,0.9411765,0.9411765,0.9411765,light
93,103,255,255,255,1.0,1.0,1.0,light
93,104,255,255,255,1.0,1.0,1.0,light
93,105,255,255,255,1.0,1.0,1.0,light
93,106,255,255,255,1.0,1.0,1.0,light
93,107,255,255,255,1.0,1.0,1.0,light
93,108,255,255,255,1.0,1.0,1.0,light
93,109,255,255,255,1.0,1.0,1.0,light
93,110,255,255,255,1.0,1.0,1.0,light
93,111,255,255,255,1.0,1.0,1.0,light
93,112,255,255,255,1.0,1.0,1.0,light
93,113,255,255,255,1.0,1.0,1.0,light
93,114,255,255,255,1.0,1.0,1.0,light
93,115,255,255,255,1.0,1.0,1.0,light
93,116,255,255,255,1.0,1.0,1.0,light
93,117,255,255,255,1.0,1.0,1.0,light
93,118,255,255,255,1.0,1.0,1.0,light
93,119,255,255,255,1.0,1.0,1.0,light
93,120,255,255,255,1.0,1.0,1.0,light
93,121,255,255,255,1.0,1.0,1.0,light
93,122,255,255,255,1.0,1.0,1.0,light
93,123,255,255,255,1.0,1.0,1.0,light
93,124,255,255,255,1.0,1.0,1.0,light
93,125,255,255,255,1.0,1.0,1.0,light
93,126,255,255,255,1.0,1.0,1.0,light
93,127,255,255,255,1.0,1.0,1.0,light
94,0,255,255,255,1.0,1.0,1.0,light
94,1,255,255,255,1.0,1.0,1.0,light
94,2,255,255,255,1.0,1.0,1.0,light
94,3,255,255,255,1.0,1.0,1.0,light
94,4,255,255,255,1.0,1.0,1.0,light
94,5,255,255,255,1.0,1.0,1.0,light
94,6,255,255,255,1.0,1.0,1.0,light
94,7,255,255,255,1.0,1.0,1.0,light
94,8,255,255,255,1.0,1.0,1.0,light
94,9,255,255,255,1.0,1.0,1.0,light
94,10,255,255,255,1.0,1.0,1.0,light
94,11,255,255,255,1.0,1.0,1.0,light
94,12,255,255,255,1.0,1.0,1.0,light
94,13,255,255,255,1.0,1.0,1.0,light
94,14,255,255,255,1.0,1.0,1.0,light
94,15,255,255,255,1.0,1.0,1.0,light
94,16,255,255,255,1.0,1.0,1.0,light
94,17,255,255,255,1.0,1.0,1.0,light
94,18,255,255,255,1.0,1.0,1.0,light
94,19,255,255,255,1.0,1.0,1.0,light
94,20,255,255,255,1.0,1.0,1.0,light
94,21,102,102,109,0.4,0.4,0.42745098,mid
94,22,17,15,26,0.06666667,0.05882353,0.101960786,dark
94,23,41,38,51,0.16078432,0.14901961,0.2,dark
94,24,56,51,65,0.21960784,0.2,0.25490198,dark
94,25,57,50,64,0.22352941,0.19607843,0.2509804,dark
94,26,56,50,64,0.21960784,0.19607843,0.2509804,dark
94,27,55,50,64,0.21568628,0.19607843,0.2509804,dark
94,28,55,50,64,0.21568628,0.19607843,0.2509804,dark
94,29,56,50,64,0.21960784,0.19607843,0.2509804,dark
94,30,56,50,64,0.21960784,0.19607843,0.2509804,dark
94,31,57,49,64,0.22352941,0.19215687,0.2509804,dark
94,32,56,50,64,0.21960784,0.19607843,0.2509804,dark
94,33,53,50,64,0.20784314,0.19607843,0.2509804,dark
94,34,30,29,41,0.11764706,0.11372549,0.16078432,dark
94,35,24,24,36,0.09411765,0.09411765,0.14117648,dark
94,36,25,25,37,0.09803922,0.09803922,0.14509805,dark
94,37,25,24,37,0.09803922,0.09411765,0.14509805,dark
94,38,25,24,37,0.09803922,0.09411765,0.14509805,dark
94,39,25,25,37,0.09803922,0.09803922,0.14509805,dark
94,40,25,25,37,0.09803922,0.09803922,0.14509805,dark
94,41,25,25,37,0.09803922,0.09803922,0.14509805,dark
94,42,24,25,37,0.09411765,0.09803922,0.14509805,dark
94,43,23,25,37,0.09019608,0.09803922,0.14509805,dark
94,44,23,25,37,0.09019608,0.09803922,0.14509805,dark
94,45,25,25,37,0.09803922,0.09803922,0.14509805,dark
94,46,25,25,37,0.09803922,0.09803922,0.14509805,dark
94,47,25,25,37,0.09803922,0.09803922,0.14509805,dark
94,48,27,26,38,0.105882354,0.101960786,0.14901961,dark
94,49,50,47,61,0.19607843,0.18431373,0.23921569,dark
94,50,55,50,64,0.21568628,0.19607843,0.2509804,dark
94,51,56,50,64,0.21960784,0.19607843,0.2509804,dark
94,52,56,50,64,0.21960784,0.19607843,0.2509804,dark
94,53,56,50,64,0.21960784,0.19607843,0.2509804,dark
94,54,56,50,64,0.21960784,0.19607843,0.2509804,dark
94,55,56,50,64,0.21960784,0.19607843,0.2509804,dark
94,56,56,50,64,0.21960784,0.19607843,0.2509804,dark
94,57,56,50,64,0.21960784,0.19607843,0.2509804,dark
94,58,56,50,64,0.21960784,0.19607843,0.2509804,dark
94,59,56,50,64,0.21960784,0.19607843,0.2509804,dark
94,60,56,50,64,0.21960784,0.19607843,0.2509804,dark
94,61,56,50,64,0.21960784,0.19607843,0.2509804,dark
94,62,56,50,64,0.21960784,0.19607843,0.2509804,dark
94,63,56,50,64,0.21960784,0.19607843,0.2509804,dark
94,64,56,50,64,0.21960784,0.19607843,0.2509804,dark
94,65,56,50,64,0.21960784,0.19607843,0.2509804,dark
94,66,56,50,64,0.21960784,0.19607843,0.2509804,dark
94,67,57,51,65,0.22352941,0.2,0.25490198,dark
94,68,33,31,44,0.12941177,0.12156863,0.17254902,dark
94,69,18,20,33,0.07058824,0.078431375,0.12941177,dark
94,70,88,77,97,0.34509805,0.3019608,0.38039216,dark
94,71,136,116,143,0.53333336,0.45490196,0.56078434,mid
94,72,132,112,138,0.5176471,0.4392157,0.5411765,mid
94,73,131,111,135,0.5137255,0.43529412,0.5294118,mid
94,74,130,112,136,0.50980395,0.4392157,0.53333336,mid
94,75,131,113,136,0.5137255,0.44313726,0.53333336,mid
94,76,131,113,137,0.5137255,0.44313726,0.5372549,mid
94,77,131,113,136,0.5137255,0.44313726,0.53333336,mid
94,78,131,113,136,0.5137255,0.44313726,0.53333336,mid
94,79,132,113,135,0.5176471,0.44313726,0.5294118,mid
94,80,132,113,134,0.5176471,0.44313726,0.5254902,mid
94,81,133,112,138,0.52156866,0.4392157,0.5411765,mid
94,82,130,114,137,0.50980395,0.44705883,0.5372549,mid
94,83,48,43,58,0.1882353,0.16862746,0.22745098,dark
94,84,21,21,35,0.08235294,0.08235294,0.13725491,dark
94,85,46,41,55,0.18039216,0.16078432,0.21568628,dark
94,86,57,51,65,0.22352941,0.2,0.25490198,dark
94,87,56,50,64,0.21960784,0.19607843,0.2509804,dark
94,88,56,50,64,0.21960784,0.19607843,0.2509804,dark
94,89,56,50,64,0.21960784,0.19607843,0.2509804,dark
94,90,56,50,64,0.21960784,0.19607843,0.2509804,dark
94,91,56,50,64,0.21960784,0.19607843,0.2509804,dark
94,92,56,50,64,0.21960784,0.19607843,0.2509804,dark
94,93,56,50,64,0.21960784,0.19607843,0.2509804,dark
94,94,57,49,64,0.22352941,0.19215687,0.2509804,dark
94,95,55,50,64,0.21568628,0.19607843,0.2509804,dark
94,96,56,50,64,0.21960784,0.19607843,0.2509804,dark
94,97,56,49,64,0.21960784,0.19215687,0.2509804,dark
94,98,30,29,41,0.11764706,0.11372549,0.16078432,dark
94,99,24,24,36,0.09411765,0.09411765,0.14117648,dark
94,100,28,28,39,0.10980392,0.10980392,0.15294118,dark
94,101,20,20,31,0.078431375,0.078431375,0.12156863,dark
94,102,165,165,168,0.64705884,0.64705884,0.65882355,mid
94,103,255,255,255,1.0,1.0,1.0,light
94,104,255,255,255,1.0,1.0,1.0,light
94,105,255,255,255,1.0,1.0,1.0,light
94,106,255,255,255,1.0,1.0,1.0,light
94,107,255,255,255,1.0,1.0,1.0,light
94,108,255,255,255,1.0,1.0,1.0,light
94,109,255,255,255,1.0,1.0,1.0,light
94,110,255,255,255,1.0,1.0,1.0,light
94,111,255,255,255,1.0,1.0,1.0,light
94,112,255,255,255,1.0,1.0,1.0,light
94,113,255,255,255,1.0,1.0,1.0,light
94,114,255,255,255,1.0,1.0,1.0,light
94,115,255,255,255,1.0,1.0,1.0,light
94,116,255,255,255,1.0,1.0,1.0,light
94,117,255,255,255,1.0,1.0,1.0,light
94,118,255,255,255,1.0,1.0,1.0,light
94,119,255,255,255,1.0,1.0,1.0,light
94,120,255,255,255,1.0,1.0,1.0,light
94,121,255,255,255,1.0,1.0,1.0,light
94,122,255,255,255,1.0,1.0,1.0,light
94,123,255,255,255,1.0,1.0,1.0,light
94,124,255,255,255,1.0,1.0,1.0,light
94,125,255,255,255,1.0,1.0,1.0,light
94,126,255,255,255,1.0,1.0,1.0,light
94,127,255,255,255,1.0,1.0,1.0,light
95,0,255,255,255,1.0,1.0,1.0,light
95,1,255,255,255,1.0,1.0,1.0,light
95,2,255,255,255,1.0,1.0,1.0,light
95,3,255,255,255,1.0,1.0,1.0,light
95,4,255,255,255,1.0,1.0,1.0,light
95,5,255,255,255,1.0,1.0,1.0,light
95,6,255,255,255,1.0,1.0,1.0,light
95,7,255,255,255,1.0,1.0,1.0,light
95,8,255,255,255,1.0,1.0,1.0,light
95,9,255,255,255,1.0,1.0,1.0,light
95,10,255,255,255,1.0,1.0,1.0,light
95,11,255,255,255,1.0,1.0,1.0,light
95,12,255,255,255,1.0,1.0,1.0,light
95,13,255,255,255,1.0,1.0,1.0,light
95,14,255,255,255,1.0,1.0,1.0,light
95,15,255,255,255,1.0,1.0,1.0,light
95,16,255,255,255,1.0,1.0,1.0,light
95,17,255,255,255,1.0,1.0,1.0,light
95,18,255,255,255,1.0,1.0,1.0,light
95,19,255,255,255,1.0,1.0,1.0,light
95,20,255,255,255,1.0,1.0,1.0,light
95,21,102,102,109,0.4,0.4,0.42745098,mid
95,22,16,15,26,0.0627451,0.05882353,0.101960786,dark
95,23,41,38,51,0.16078432,0.14901961,0.2,dark
95,24,56,51,65,0.21960784,0.2,0.25490198,dark
95,25,57,50,64,0.22352941,0.19607843,0.2509804,dark
95,26,56,50,64,0.21960784,0.19607843,0.2509804,dark
95,27,54,50,64,0.21176471,0.19607843,0.2509804,dark
95,28,52,48,62,0.20392157,0.1882353,0.24313726,dark
95,29,52,48,62,0.20392157,0.1882353,0.24313726,dark
95,30,52,48,62,0.20392157,0.1882353,0.24313726,dark
95,31,53,48,62,0.20784314,0.1882353,0.24313726,dark
95,32,56,50,64,0.21960784,0.19607843,0.2509804,dark
95,33,55,49,64,0.21568628,0.19215687,0.2509804,dark
95,34,32,30,43,0.1254902,0.11764706,0.16862746,dark
95,35,26,26,38,0.101960786,0.101960786,0.14901961,dark
95,36,27,27,39,0.105882354,0.105882354,0.15294118,dark
95,37,27,26,39,0.105882354,0.101960786,0.15294118,dark
95,38,27,27,39,0.105882354,0.105882354,0.15294118,dark
95,39,27,26,39,0.105882354,0.101960786,0.15294118,dark
95,40,28,26,39,0.10980392,0.101960786,0.15294118,dark
95,41,28,26,39,0.10980392,0.101960786,0.15294118,dark
95,42,29,26,39,0.11372549,0.101960786,0.15294118,dark
95,43,29,26,39,0.11372549,0.101960786,0.15294118,dark
95,44,26,26,38,0.101960786,0.101960786,0.14901961,dark
95,45,24,25,37,0.09411765,0.09803922,0.14509805,dark
95,46,25,25,37,0.09803922,0.09803922,0.14509805,dark
95,47,25,25,37,0.09803922,0.09803922,0.14509805,dark
95,48,27,26,38,0.105882354,0.101960786,0.14901961,dark
95,49,50,47,61,0.19607843,0.18431373,0.23921569,dark
95,50,56,50,64,0.21960784,0.19607843,0.2509804,dark
95,51,56,50,64,0.21960784,0.19607843,0.2509804,dark
95,52,56,50,64,0.21960784,0.19607843,0.2509804,dark
95,53,56,50,64,0.21960784,0.19607843,0.2509804,dark
95,54,56,50,64,0.21960784,0.19607843,0.2509804,dark
95,55,56,50,64,0.21960784,0.19607843,0.2509804,dark
95,56,56,50,64,0.21960784,0.19607843,0.2509804,dark
95,57,56,50,64,0.21960784,0.19607843,0.2509804,dark
95,58,56,50,64,0.21960784,0.19607843,0.2509804,dark
95,59,56,50,64,0.21960784,0.19607843,0.2509804,dark
95,60,56,50,64,0.21960784,0.19607843,0.2509804,dark
95,61,56,50,64,0.21960784,0.19607843,0.2509804,dark
95,62,56,50,64,0.21960784,0.19607843,0.2509804,dark
95,63,56,50,64,0.21960784,0.19607843,0.2509804,dark
95,64,56,50,64,0.21960784,0.19607843,0.2509804,dark
95,65,56,50,64,0.21960784,0.19607843,0.2509804,dark
95,66,56,50,64,0.21960784,0.19607843,0.2509804,dark
95,67,57,51,65,0.22352941,0.2,0.25490198,dark
95,68,35,33,46,0.13725491,0.12941177,0.18039216,dark
95,69,23,22,36,0.09019608,0.08627451,0.14117648,dark
95,70,82,74,93,0.32156864,0.2901961,0.3647059,dark
95,71,123,109,129,0.48235294,0.42745098,0.5058824,mid
95,72,124,109,131,0.4862745,0.42745098,0.5137255,mid
95,73,128,113,136,0.5019608,0.44313726,0.53333336,mid
95,74,130,112,136,0.50980395,0.4392157,0.53333336,mid
95,75,130,112,136,0.50980395,0.4392157,0.53333336,mid
95,76,130,112,136,0.50980395,0.4392157,0.53333336,mid
95,77,130,112,136,0.50980395,0.4392157,0.53333336,mid
95,78,130,112,136,0.50980395,0.4392157,0.53333336,mid
95,79,129,112,137,0.5058824,0.4392157,0.5372549,mid
95,80,127,112,138,0.49803922,0.4392157,0.5411765,mid
95,81,121,106,131,0.4745098,0.41568628,0.5137255,mid
95,82,119,107,128,0.46666667,0.41960785,0.5019608,mid
95,83,47,44,58,0.18431373,0.17254902,0.22745098,dark
95,84,25,23,37,0.09803922,0.09019608,0.14509805,dark
95,85,47,42,56,0.18431373,0.16470589,0.21960784,dark
95,86,57,51,65,0.22352941,0.2,0.25490198,dark
95,87,56,50,64,0.21960784,0.19607843,0.2509804,dark
95,88,56,50,64,0.21960784,0.19607843,0.2509804,dark
95,89,56,50,64,0.21960784,0.19607843,0.2509804,dark
95,90,56,50,64,0.21960784,0.19607843,0.2509804,dark
95,91,56,50,64,0.21960784,0.19607843,0.2509804,dark
95,92,56,50,64,0.21960784,0.19607843,0.2509804,dark
95,93,56,50,64,0.21960784,0.19607843,0.2509804,dark
95,94,57,49,64,0.22352941,0.19215687,0.2509804,dark
95,95,55,50,64,0.21568628,0.19607843,0.2509804,dark
95,96,52,48,62,0.20392157,0.1882353,0.24313726,dark
95,97,51,49,62,0.2,0.19215687,0.24313726,dark
95,98,29,29,41,0.11372549,0.11372549,0.16078432,dark
95,99,24,24,36,0.09411765,0.09411765,0.14117648,dark
95,100,24,24,36,0.09411765,0.09411765,0.14117648,dark
95,101,15,15,27,0.05882353,0.05882353,0.105882354,dark
95,102,162,162,167,0.63529414,0.63529414,0.654902,mid
95,103,255,255,255,1.0,1.0,1.0,light
95,104,255,255,255,1.0,1.0,1.0,light
95,105,255,255,255,1.0,1.0,1.0,light
95,106,255,255,255,1.0,1.0,1.0,light
95,107,255,255,255,1.0,1.0,1.0,light
95,108,255,255,255,1.0,1.0,1.0,light
95,109,255,255,255,1.0,1.0,1.0,light
95,110,255,255,255,1.0,1.0,1.0,light
95,111,255,255,255,1.0,1.0,1.0,light
95,112,255,255,255,1.0,1.0,1.0,light
95,113,255,255,255,1.0,1.0,1.0,light
95,114,255,255,255,1.0,1.0,1.0,light
95,115,255,255,255,1.0,1.0,1.0,light
95,116,255,255,255,1.0,1.0,1.0,light
95,117,255,255,255,1.0,1.0,1.0,light
95,118,255,255,255,1.0,1.0,1.0,light
95,119,255,255,255,1.0,1.0,1.0,light
95,120,255,255,255,1.0,1.0,1.0,light
95,121,255,255,255,1.0,1.0,1.0,light
95,122,255,255,255,1.0,1.0,1.0,light
95,123,255,255,255,1.0,1.0,1.0,light
95,124,255,255,255,1.0,1.0,1.0,light
95,125,255,255,255,1.0,1.0,1.0,light
95,126,255,255,255,1.0,1.0,1.0,light
95,127,255,255,255,1.0,1.0,1.0,light
96,0,255,255,255,1.0,1.0,1.0,light
96,1,255,255,255,1.0,1.0,1.0,light
96,2,255,255,255,1.0,1.0,1.0,light
96,3,255,255,255,1.0,1.0,1.0,light
96,4,255,255,255,1.0,1.0,1.0,light
96,5,255,255,255,1.0,1.0,1.0,light
96,6,255,255,255,1.0,1.0,1.0,light
96,7,255,255,255,1.0,1.0,1.0,light
96,8,255,255,255,1.0,1.0,1.0,light
96,9,255,255,255,1.0,1.0,1.0,light
96,10,255,255,255,1.0,1.0,1.0,light
96,11,255,255,255,1.0,1.0,1.0,light
96,12,255,255,255,1.0,1.0,1.0,light
96,13,255,255,255,1.0,1.0,1.0,light
96,14,255,255,255,1.0,1.0,1.0,light
96,15,255,255,255,1.0,1.0,1.0,light
96,16,255,255,255,1.0,1.0,1.0,light
96,17,255,255,255,1.0,1.0,1.0,light
96,18,255,255,255,1.0,1.0,1.0,light
96,19,255,255,255,1.0,1.0,1.0,light
96,20,255,255,255,1.0,1.0,1.0,light
96,21,102,102,109,0.4,0.4,0.42745098,mid
96,22,15,15,26,0.05882353,0.05882353,0.101960786,dark
96,23,41,39,51,0.16078432,0.15294118,0.2,dark
96,24,57,51,65,0.22352941,0.2,0.25490198,dark
96,25,57,50,64,0.22352941,0.19607843,0.2509804,dark
96,26,57,51,65,0.22352941,0.2,0.25490198,dark
96,27,47,43,57,0.18431373,0.16862746,0.22352941,dark
96,28,27,26,38,0.105882354,0.101960786,0.14901961,dark
96,29,27,26,39,0.105882354,0.101960786,0.15294118,dark
96,30,28,26,39,0.10980392,0.101960786,0.15294118,dark
96,31,29,28,41,0.11372549,0.10980392,0.16078432,dark
96,32,52,48,62,0.20392157,0.1882353,0.24313726,dark
96,33,57,49,64,0.22352941,0.19215687,0.2509804,dark
96,34,55,47,63,0.21568628,0.18431373,0.24705882,dark
96,35,54,48,62,0.21176471,0.1882353,0.24313726,dark
96,36,54,48,62,0.21176471,0.1882353,0.24313726,dark
96,37,54,48,62,0.21176471,0.1882353,0.24313726,dark
96,38,54,48,62,0.21176471,0.1882353,0.24313726,dark
96,39,54,48,62,0.21176471,0.1882353,0.24313726,dark
96,40,53,48,62,0.20784314,0.1882353,0.24313726,dark
96,41,53,48,62,0.20784314,0.1882353,0.24313726,dark
96,42,53,48,62,0.20784314,0.1882353,0.24313726,dark
96,43,54,49,63,0.21176471,0.19215687,0.24705882,dark
96,44,45,44,56,0.1764706,0.17254902,0.21960784,dark
96,45,24,25,37,0.09411765,0.09803922,0.14509805,dark
96,46,25,25,37,0.09803922,0.09803922,0.14509805,dark
96,47,24,25,37,0.09411765,0.09803922,0.14509805,dark
96,48,26,26,38,0.101960786,0.101960786,0.14901961,dark
96,49,51,47,61,0.2,0.18431373,0.23921569,dark
96,50,56,50,64,0.21960784,0.19607843,0.2509804,dark
96,51,56,50,64,0.21960784,0.19607843,0.2509804,dark
96,52,56,50,64,0.21960784,0.19607843,0.2509804,dark
96,53,56,50,64,0.21960784,0.19607843,0.2509804,dark
96,54,56,50,64,0.21960784,0.19607843,0.2509804,dark
96,55,56,50,64,0.21960784,0.19607843,0.2509804,dark
96,56,56,50,64,0.21960784,0.19607843,0.2509804,dark
96,57,56,50,64,0.21960784,0.19607843,0.2509804,dark
96,58,56,50,64,0.21960784,0.19607843,0.2509804,dark
96,59,56,50,64,0.21960784,0.19607843,0.2509804,dark
96,60,56,50,64,0.21960784,0.19607843,0.2509804,dark
96,61,56,50,64,0.21960784,0.19607843,0.2509804,dark
96,62,56,50,64,0.21960784,0.19607843,0.2509804,dark
96,63,56,50,64,0.21960784,0.19607843,0.2509804,dark
96,64,56,50,64,0.21960784,0.19607843,0.2509804,dark
96,65,56,50,64,0.21960784,0.19607843,0.2509804,dark
96,66,56,50,64,0.21960784,0.19607843,0.2509804,dark
96,67,56,50,64,0.21960784,0.19607843,0.2509804,dark
96,68,53,49,63,0.20784314,0.19215687,0.24705882,dark
96,69,53,49,63,0.20784314,0.19215687,0.24705882,dark
96,70,42,38,54,0.16470589,0.14901961,0.21176471,dark
96,71,29,27,40,0.11372549,0.105882354,0.15686275,dark
96,72,79,68,87,0.30980393,0.26666668,0.34117648,dark
96,73,134,116,140,0.5254902,0.45490196,0.54901963,mid
96,74,130,112,136,0.50980395,0.4392157,0.53333336,mid
96,75,130,112,136,0.50980395,0.4392157,0.53333336,mid
96,76,130,112,136,0.50980395,0.4392157,0.53333336,mid
96,77,130,112,136,0.50980395,0.4392157,0.53333336,mid
96,78,130,112,136,0.50980395,0.4392157,0.53333336,mid
96,79,131,112,137,0.5137255,0.4392157,0.5372549,mid
96,80,125,109,132,0.49019608,0.42745098,0.5176471,mid
96,81,46,40,56,0.18039216,0.15686275,0.21960784,dark
96,82,32,30,43,0.1254902,0.11764706,0.16862746,dark
96,83,47,45,59,0.18431373,0.1764706,0.23137255,dark
96,84,53,48,63,0.20784314,0.1882353,0.24705882,dark
96,85,55,49,63,0.21568628,0.19215687,0.24705882,dark
96,86,56,50,64,0.21960784,0.19607843,0.2509804,dark
96,87,56,50,64,0.21960784,0.19607843,0.2509804,dark
96,88,56,50,64,0.21960784,0.19607843,0.2509804,dark
96,89,56,50,64,0.21960784,0.19607843,0.2509804,dark
96,90,56,50,64,0.21960784,0.19607843,0.2509804,dark
96,91,56,50,64,0.21960784,0.19607843,0.2509804,dark
96,92,56,50,64,0.21960784,0.19607843,0.2509804,dark
96,93,56,50,64,0.21960784,0.19607843,0.2509804,dark
96,94,57,50,64,0.22352941,0.19607843,0.2509804,dark
96,95,53,48,62,0.20784314,0.1882353,0.24313726,dark
96,96,30,28,41,0.11764706,0.10980392,0.16078432,dark
96,97,26,27,39,0.101960786,0.105882354,0.15294118,dark
96,98,25,25,37,0.09803922,0.09803922,0.14509805,dark
96,99,25,25,37,0.09803922,0.09803922,0.14509805,dark
96,100,25,25,37,0.09803922,0.09803922,0.14509805,dark
96,101,16,16,28,0.0627451,0.0627451,0.10980392,dark
96,102,163,163,167,0.6392157,0.6392157,0.654902,mid
96,103,255,255,255,1.0,1.0,1.0,light
96,104,255,255,255,1.0,1.0,1.0,light
96,105,255,255,255,1.0,1.0,1.0,light
96,106,255,255,255,1.0,1.0,1.0,light
96,107,255,255,255,1.0,1.0,1.0,light
96,108,255,255,255,1.0,1.0,1.0,light
96,109,255,255,255,1.0,1.0,1.0,light
96,110,255,255,255,1.0,1.0,1.0,light
96,111,255,255,255,1.0,1.0,1.0,light
96,112,255,255,255,1.0,1.0,1.0,light
96,113,255,255,255,1.0,1.0,1.0,light
96,114,255,255,255,1.0,1.0,1.0,light
96,115,255,255,255,1.0,1.0,1.0,light
96,116,255,255,255,1.0,1.0,1.0,light
96,117,255,255,255,1.0,1.0,1.0,light
96,118,255,255,255,1.0,1.0,1.0,light
96,119,255,255,255,1.0,1.0,1.0,light
96,120,255,255,255,1.0,1.0,1.0,light
96,121,255,255,255,1.0,1.0,1.0,light
96,122,255,255,255,1.0,1.0,1.0,light
96,123,255,255,255,1.0,1.0,1.0,light
96,124,255,255,255,1.0,1.0,1.0,light
96,125,255,255,255,1.0,1.0,1.0,light
96,126,255,255,255,1.0,1.0,1.0,light
96,127,255,255,255,1.0,1.0,1.0,light
97,0,255,255,255,1.0,1.0,1.0,light
97,1,255,255,255,1.0,1.0,1.0,light
97,2,255,255,255,1.0,1.0,1.0,light
97,3,255,255,255,1.0,1.0,1.0,light
97,4,255,255,255,1.0,1.0,1.0,light
97,5,255,255,255,1.0,1.0,1.0,light
97,6,255,255,255,1.0,1.0,1.0,light
97,7,255,255,255,1.0,1.0,1.0,light
97,8,255,255,255,1.0,1.0,1.0,light
97,9,255,255,255,1.0,1.0,1.0,light
97,10,255,255,255,1.0,1.0,1.0,light
97,11,255,255,255,1.0,1.0,1.0,light
97,12,255,255,255,1.0,1.0,1.0,light
97,13,255,255,255,1.0,1.0,1.0,light
97,14,255,255,255,1.0,1.0,1.0,light
97,15,255,255,255,1.0,1.0,1.0,light
97,16,255,255,255,1.0,1.0,1.0,light
97,17,255,255,255,1.0,1.0,1.0,light
97,18,255,255,255,1.0,1.0,1.0,light
97,19,255,255,255,1.0,1.0,1.0,light
97,20,255,255,255,1.0,1.0,1.0,light
97,21,101,102,109,0.39607844,0.4,0.42745098,mid
97,22,13,16,26,0.050980393,0.0627451,0.101960786,dark
97,23,39,39,51,0.15294118,0.15294118,0.2,dark
97,24,57,50,65,0.22352941,0.19607843,0.25490198,dark
97,25,55,50,64,0.21568628,0.19607843,0.2509804,dark
97,26,55,51,65,0.21568628,0.2,0.25490198,dark
97,27,45,43,57,0.1764706,0.16862746,0.22352941,dark
97,28,23,24,36,0.09019608,0.09411765,0.14117648,dark
97,29,24,25,37,0.09411765,0.09803922,0.14509805,dark
97,30,26,24,37,0.101960786,0.09411765,0.14509805,dark
97,31,27,27,39,0.105882354,0.105882354,0.15294118,dark
97,32,51,48,62,0.2,0.1882353,0.24313726,dark
97,33,57,50,64,0.22352941,0.19607843,0.2509804,dark
97,34,57,50,64,0.22352941,0.19607843,0.2509804,dark
97,35,56,50,64,0.21960784,0.19607843,0.2509804,dark
97,36,56,50,64,0.21960784,0.19607843,0.2509804,dark
97,37,56,50,64,0.21960784,0.19607843,0.2509804,dark
97,38,56,50,64,0.21960784,0.19607843,0.2509804,dark
97,39,56,50,64,0.21960784,0.19607843,0.2509804,dark
97,40,56,50,64,0.21960784,0.19607843,0.2509804,dark
97,41,56,50,64,0.21960784,0.19607843,0.2509804,dark
97,42,56,50,64,0.21960784,0.19607843,0.2509804,dark
97,43,56,51,65,0.21960784,0.2,0.25490198,dark
97,44,48,45,58,0.1882353,0.1764706,0.22745098,dark
97,45,26,24,37,0.101960786,0.09411765,0.14509805,dark
97,46,26,24,37,0.101960786,0.09411765,0.14509805,dark
97,47,24,25,37,0.09411765,0.09803922,0.14509805,dark
97,48,25,26,38,0.09803922,0.101960786,0.14901961,dark
97,49,51,46,61,0.2,0.18039216,0.23921569,dark
97,50,55,50,64,0.21568628,0.19607843,0.2509804,dark
97,51,55,50,64,0.21568628,0.19607843,0.2509804,dark
97,52,56,50,64,0.21960784,0.19607843,0.2509804,dark
97,53,56,50,64,0.21960784,0.19607843,0.2509804,dark
97,54,56,50,64,0.21960784,0.19607843,0.2509804,dark
97,55,56,50,64,0.21960784,0.19607843,0.2509804,dark
97,56,56,50,64,0.21960784,0.19607843,0.2509804,dark
97,57,56,50,64,0.21960784,0.19607843,0.2509804,dark
97,58,56,50,64,0.21960784,0.19607843,0.2509804,dark
97,59,56,50,64,0.21960784,0.19607843,0.2509804,dark
97,60,56,50,64,0.21960784,0.19607843,0.2509804,dark
97,61,56,50,64,0.21960784,0.19607843,0.2509804,dark
97,62,56,50,64,0.21960784,0.19607843,0.2509804,dark
97,63,56,50,64,0.21960784,0.19607843,0.2509804,dark
97,64,56,50,64,0.21960784,0.19607843,0.2509804,dark
97,65,56,50,64,0.21960784,0.19607843,0.2509804,dark
97,66,56,50,64,0.21960784,0.19607843,0.2509804,dark
97,67,56,50,64,0.21960784,0.19607843,0.2509804,dark
97,68,56,50,64,0.21960784,0.19607843,0.2509804,dark
97,69,56,51,65,0.21960784,0.2,0.25490198,dark
97,70,36,34,47,0.14117648,0.13333334,0.18431373,dark
97,71,19,19,30,0.07450981,0.07450981,0.11764706,dark
97,72,73,64,82,0.28627452,0.2509804,0.32156864,dark
97,73,133,116,141,0.52156866,0.45490196,0.5529412,mid
97,74,130,112,136,0.50980395,0.4392157,0.53333336,mid
97,75,130,112,136,0.50980395,0.4392157,0.53333336,mid
97,76,130,112,136,0.50980395,0.4392157,0.53333336,mid
97,77,130,112,136,0.50980395,0.4392157,0.53333336,mid
97,78,130,112,136,0.50980395,0.4392157,0.53333336,mid
97,79,131,113,138,0.5137255,0.44313726,0.5411765,mid
97,80,123,109,132,0.48235294,0.42745098,0.5176471,mid
97,81,37,33,48,0.14509805,0.12941177,0.1882353,dark
97,82,22,22,34,0.08627451,0.08627451,0.13333334,dark
97,83,48,45,58,0.1882353,0.1764706,0.22745098,dark
97,84,56,51,65,0.21960784,0.2,0.25490198,dark
97,85,56,50,64,0.21960784,0.19607843,0.2509804,dark
97,86,56,50,64,0.21960784,0.19607843,0.2509804,dark
97,87,56,50,64,0.21960784,0.19607843,0.2509804,dark
97,88,56,50,64,0.21960784,0.19607843,0.2509804,dark
97,89,56,50,64,0.21960784,0.19607843,0.2509804,dark
97,90,56,50,64,0.21960784,0.19607843,0.2509804,dark
97,91,56,50,64,0.21960784,0.19607843,0.2509804,dark
97,92,56,50,64,0.21960784,0.19607843,0.2509804,dark
97,93,56,50,64,0.21960784,0.19607843,0.2509804,dark
97,94,56,50,64,0.21960784,0.19607843,0.2509804,dark
97,95,52,48,62,0.20392157,0.1882353,0.24313726,dark
97,96,28,27,39,0.10980392,0.105882354,0.15294118,dark
97,97,25,25,37,0.09803922,0.09803922,0.14509805,dark
97,98,25,25,37,0.09803922,0.09803922,0.14509805,dark
97,99,25,25,37,0.09803922,0.09803922,0.14509805,dark
97,100,25,25,37,0.09803922,0.09803922,0.14509805,dark
97,101,16,16,28,0.0627451,0.0627451,0.10980392,dark
97,102,163,163,167,0.6392157,0.6392157,0.654902,mid
97,103,255,255,255,1.0,1.0,1.0,light
97,104,255,255,255,1.0,1.0,1.0,light
97,105,255,255,255,1.0,1.0,1.0,light
97,106,255,255,255,1.0,1.0,1.0,light
97,107,255,255,255,1.0,1.0,1.0,light
97,108,255,255,255,1.0,1.0,1.0,light
97,109,255,255,255,1.0,1.0,1.0,light
97,110,255,255,255,1.0,1.0,1.0,light
97,111,255,255,255,1.0,1.0,1.0,light
97,112,255,255,255,1.0,1.0,1.0,light
97,113,255,255,255,1.0,1.0,1.0,light
97,114,255,255,255,1.0,1.0,1.0,light
97,115,255,255,255,1.0,1.0,1.0,light
97,116,255,255,255,1.0,1.0,1.0,light
97,117,255,255,255,1.0,1.0,1.0,light
97,118,255,255,255,1.0,1.0,1.0,light
97,119,255,255,255,1.0,1.0,1.0,light
97,120,255,255,255,1.0,1.0,1.0,light
97,121,255,255,255,1.0,1.0,1.0,light
97,122,255,255,255,1.0,1.0,1.0,light
97,123,255,255,255,1.0,1.0,1.0,light
97,124,255,255,255,1.0,1.0,1.0,light
97,125,255,255,255,1.0,1.0,1.0,light
97,126,255,255,255,1.0,1.0,1.0,light
97,127,255,255,255,1.0,1.0,1.0,light
98,0,255,255,255,1.0,1.0,1.0,light
98,1,255,255,255,1.0,1.0,1.0,light
98,2,255,255,255,1.0,1.0,1.0,light
98,3,255,255,255,1.0,1.0,1.0,light
98,4,255,255,255,1.0,1.0,1.0,light
98,5,255,255,255,1.0,1.0,1.0,light
98,6,255,255,255,1.0,1.0,1.0,light
98,7,255,255,255,1.0,1.0,1.0,light
98,8,255,255,255,1.0,1.0,1.0,light
98,9,255,255,255,1.0,1.0,1.0,light
98,10,255,255,255,1.0,1.0,1.0,light
98,11,255,255,255,1.0,1.0,1.0,light
98,12,255,255,255,1.0,1.0,1.0,light
98,13,255,255,255,1.0,1.0,1.0,light
98,14,255,255,255,1.0,1.0,1.0,light
98,15,255,255,255,1.0,1.0,1.0,light
98,16,255,255,255,1.0,1.0,1.0,light
98,17,255,255,255,1.0,1.0,1.0,light
98,18,255,255,255,1.0,1.0,1.0,light
98,19,255,255,255,1.0,1.0,1.0,light
98,20,255,255,255,1.0,1.0,1.0,light
98,21,101,102,109,0.39607844,0.4,0.42745098,mid
98,22,15,16,26,0.05882353,0.0627451,0.101960786,dark
98,23,27,27,39,0.105882354,0.105882354,0.15294118,dark
98,24,29,29,42,0.11372549,0.11372549,0.16470589,dark
98,25,31,28,42,0.12156863,0.10980392,0.16470589,dark
98,26,31,28,42,0.12156863,0.10980392,0.16470589,dark
98,27,28,28,40,0.10980392,0.10980392,0.15686275,dark
98,28,24,24,36,0.09411765,0.09411765,0.14117648,dark
98,29,30,28,40,0.11764706,0.10980392,0.15686275,dark
98,30,49,45,60,0.19215687,0.1764706,0.23529412,dark
98,31,51,46,60,0.2,0.18039216,0.23529412,dark
98,32,56,49,64,0.21960784,0.19215687,0.2509804,dark
98,33,57,49,64,0.22352941,0.19215687,0.2509804,dark
98,34,56,50,64,0.21960784,0.19607843,0.2509804,dark
98,35,56,50,64,0.21960784,0.19607843,0.2509804,dark
98,36,56,50,64,0.21960784,0.19607843,0.2509804,dark
98,37,56,50,64,0.21960784,0.19607843,0.2509804,dark
98,38,56,50,64,0.21960784,0.19607843,0.2509804,dark
98,39,56,50,64,0.21960784,0.19607843,0.2509804,dark
98,40,56,50,64,0.21960784,0.19607843,0.2509804,dark
98,41,56,50,64,0.21960784,0.19607843,0.2509804,dark
98,42,56,50,64,0.21960784,0.19607843,0.2509804,dark
98,43,57,49,64,0.22352941,0.19215687,0.2509804,dark
98,44,54,49,63,0.21176471,0.19215687,0.24705882,dark
98,45,50,46,59,0.19607843,0.18039216,0.23137255,dark
98,46,47,43,57,0.18431373,0.16862746,0.22352941,dark
98,47,27,25,38,0.105882354,0.09803922,0.14901961,dark
98,48,25,25,37,0.09803922,0.09803922,0.14509805,dark
98,49,28,29,41,0.10980392,0.11372549,0.16078432,dark
98,50,31,28,41,0.12156863,0.10980392,0.16078432,dark
98,51,51,45,59,0.2,0.1764706,0.23137255,dark
98,52,57,51,65,0.22352941,0.2,0.25490198,dark
98,53,56,50,64,0.21960784,0.19607843,0.2509804,dark
98,54,56,50,64,0.21960784,0.19607843,0.2509804,dark
98,55,56,50,64,0.21960784,0.19607843,0.2509804,dark
98,56,56,50,64,0.21960784,0.19607843,0.2509804,dark
98,57,56,50,64,0.21960784,0.19607843,0.2509804,dark
98,58,56,50,64,0.21960784,0.19607843,0.2509804,dark
98,59,56,50,64,0.21960784,0.19607843,0.2509804,dark
98,60,56,50,64,0.21960784,0.19607843,0.2509804,dark
98,61,56,50,64,0.21960784,0.19607843,0.2509804,dark
98,62,56,50,64,0.21960784,0.19607843,0.2509804,dark
98,63,56,50,64,0.21960784,0.19607843,0.2509804,dark
98,64,56,50,64,0.21960784,0.19607843,0.2509804,dark
98,65,56,50,64,0.21960784,0.19607843,0.2509804,dark
98,66,56,50,64,0.21960784,0.19607843,0.2509804,dark
98,67,56,50,64,0.21960784,0.19607843,0.2509804,dark
98,68,56,50,64,0.21960784,0.19607843,0.2509804,dark
98,69,56,51,65,0.21960784,0.2,0.25490198,dark
98,70,37,35,48,0.14509805,0.13725491,0.1882353,dark
98,71,20,20,31,0.078431375,0.078431375,0.12156863,dark
98,72,74,65,83,0.2901961,0.25490198,0.3254902,dark
98,73,133,116,141,0.52156866,0.45490196,0.5529412,mid
98,74,130,112,136,0.50980395,0.4392157,0.53333336,mid
98,75,130,112,136,0.50980395,0.4392157,0.53333336,mid
98,76,130,112,136,0.50980395,0.4392157,0.53333336,mid
98,77,130,112,136,0.50980395,0.4392157,0.53333336,mid
98,78,130,112,136,0.50980395,0.4392157,0.53333336,mid
98,79,131,113,138,0.5137255,0.44313726,0.5411765,mid
98,80,123,109,132,0.48235294,0.42745098,0.5176471,mid
98,81,38,34,49,0.14901961,0.13333334,0.19215687,dark
98,82,23,23,35,0.09019608,0.09019608,0.13725491,dark
98,83,48,45,58,0.1882353,0.1764706,0.22745098,dark
98,84,56,51,65,0.21960784,0.2,0.25490198,dark
98,85,56,50,64,0.21960784,0.19607843,0.2509804,dark
98,86,56,50,64,0.21960784,0.19607843,0.2509804,dark
98,87,56,50,64,0.21960784,0.19607843,0.2509804,dark
98,88,56,50,64,0.21960784,0.19607843,0.2509804,dark
98,89,56,50,64,0.21960784,0.19607843,0.2509804,dark
98,90,56,50,64,0.21960784,0.19607843,0.2509804,dark
98,91,56,50,64,0.21960784,0.19607843,0.2509804,dark
98,92,56,50,64,0.21960784,0.19607843,0.2509804,dark
98,93,56,50,64,0.21960784,0.19607843,0.2509804,dark
98,94,56,50,64,0.21960784,0.19607843,0.2509804,dark
98,95,52,48,62,0.20392157,0.1882353,0.24313726,dark
98,96,28,27,39,0.10980392,0.105882354,0.15294118,dark
98,97,25,25,37,0.09803922,0.09803922,0.14509805,dark
98,98,25,25,37,0.09803922,0.09803922,0.14509805,dark
98,99,25,25,37,0.09803922,0.09803922,0.14509805,dark
98,100,25,25,37,0.09803922,0.09803922,0.14509805,dark
98,101,16,16,28,0.0627451,0.0627451,0.10980392,dark
98,102,163,163,167,0.6392157,0.6392157,0.654902,mid
98,103,255,255,255,1.0,1.0,1.0,light
98,104,255,255,255,1.0,1.0,1.0,light
98,105,255,255,255,1.0,1.0,1.0,light
98,106,255,255,255,1.0,1.0,1.0,light
98,107,255,255,255,1.0,1.0,1.0,light
98,108,255,255,255,1.0,1.0,1.0,light
98,109,255,255,255,1.0,1.0,1.0,light
98,110,255,255,255,1.0,1.0,1.0,light
98,111,255,255,255,1.0,1.0,1.0,light
98,112,255,255,255,1.0,1.0,1.0,light
98,113,255,255,255,1.0,1.0,1.0,light
98,114,255,255,255,1.0,1.0,1.0,light
98,115,255,255,255,1.0,1.0,1.0,light
98,116,255,255,255,1.0,1.0,1.0,light
98,117,255,255,255,1.0,1.0,1.0,light
98,118,255,255,255,1.0,1.0,1.0,light
98,119,255,255,255,1.0,1.0,1.0,light
98,120,255,255,255,1.0,1.0,1.0,light
98,121,255,255,255,1.0,1.0,1.0,light
98,122,255,255,255,1.0,1.0,1.0,light
98,123,255,255,255,1.0,1.0,1.0,light
98,124,255,255,255,1.0,1.0,1.0,light
98,125,255,255,255,1.0,1.0,1.0,light
98,126,255,255,255,1.0,1.0,1.0,light
98,127,255,255,255,1.0,1.0,1.0,light
99,0,255,255,255,1.0,1.0,1.0,light
99,1,255,255,255,1.0,1.0,1.0,light
99,2,255,255,255,1.0,1.0,1.0,light
99,3,255,255,255,1.0,1.0,1.0,light
99,4,255,255,255,1.0,1.0,1.0,light
99,5,255,255,255,1.0,1.0,1.0,light
99,6,255,255,255,1.0,1.0,1.0,light
99,7,255,255,255,1.0,1.0,1.0,light
99,8,255,255,255,1.0,1.0,1.0,light
99,9,255,255,255,1.0,1.0,1.0,light
99,10,255,255,255,1.0,1.0,1.0,light
99,11,255,255,255,1.0,1.0,1.0,light
99,12,255,255,255,1.0,1.0,1.0,light
99,13,255,255,255,1.0,1.0,1.0,light
99,14,255,255,255,1.0,1.0,1.0,light
99,15,255,255,255,1.0,1.0,1.0,light
99,16,255,255,255,1.0,1.0,1.0,light
99,17,255,255,255,1.0,1.0,1.0,light
99,18,255,255,255,1.0,1.0,1.0,light
99,19,255,255,255,1.0,1.0,1.0,light
99,20,255,255,255,1.0,1.0,1.0,light
99,21,99,98,105,0.3882353,0.38431373,0.4117647,mid
99,22,11,11,22,0.043137256,0.043137256,0.08627451,dark
99,23,22,22,33,0.08627451,0.08627451,0.12941177,dark
99,24,23,25,37,0.09019608,0.09803922,0.14509805,dark
99,25,25,24,36,0.09803922,0.09411765,0.14117648,dark
99,26,25,24,36,0.09803922,0.09411765,0.14117648,dark
99,27,24,25,37,0.09411765,0.09803922,0.14509805,dark
99,28,24,24,36,0.09411765,0.09411765,0.14117648,dark
99,29,30,28,41,0.11764706,0.10980392,0.16078432,dark
99,30,55,51,65,0.21568628,0.2,0.25490198,dark
99,31,57,50,65,0.22352941,0.19607843,0.25490198,dark
99,32,57,49,64,0.22352941,0.19215687,0.2509804,dark
99,33,56,50,64,0.21960784,0.19607843,0.2509804,dark
99,34,56,50,64,0.21960784,0.19607843,0.2509804,dark
99,35,56,50,64,0.21960784,0.19607843,0.2509804,dark
99,36,56,50,64,0.21960784,0.19607843,0.2509804,dark
99,37,56,50,64,0.21960784,0.19607843,0.2509804,dark
99,38,56,50,64,0.21960784,0.19607843,0.2509804,dark
99,39,56,50,64,0.21960784,0.19607843,0.2509804,dark
99,40,56,50,64,0.21960784,0.19607843,0.2509804,dark
99,41,56,50,64,0.21960784,0.19607843,0.2509804,dark
99,42,56,49,64,0.21960784,0.19215687,0.2509804,dark
99,43,56,47,63,0.21960784,0.18431373,0.24705882,dark
99,44,55,48,63,0.21568628,0.1882353,0.24705882,dark
99,45,56,49,64,0.21960784,0.19215687,0.2509804,dark
99,46,51,46,60,0.2,0.18039216,0.23529412,dark
99,47,27,25,37,0.105882354,0.09803922,0.14509805,dark
99,48,25,24,37,0.09803922,0.09411765,0.14509805,dark
99,49,22,25,36,0.08627451,0.09803922,0.14117648,dark
99,50,25,24,36,0.09803922,0.09411765,0.14117648,dark
99,51,49,45,59,0.19215687,0.1764706,0.23137255,dark
99,52,57,52,66,0.22352941,0.20392157,0.25882354,dark
99,53,56,50,64,0.21960784,0.19607843,0.2509804,dark
99,54,56,50,64,0.21960784,0.19607843,0.2509804,dark
99,55,56,50,64,0.21960784,0.19607843,0.2509804,dark
99,56,56,50,64,0.21960784,0.19607843,0.2509804,dark
99,57,56,50,64,0.21960784,0.19607843,0.2509804,dark
99,58,56,50,64,0.21960784,0.19607843,0.2509804,dark
99,59,56,50,64,0.21960784,0.19607843,0.2509804,dark
99,60,56,50,64,0.21960784,0.19607843,0.2509804,dark
99,61,56,50,64,0.21960784,0.19607843,0.2509804,dark
99,62,56,50,64,0.21960784,0.19607843,0.2509804,dark
99,63,56,50,64,0.21960784,0.19607843,0.2509804,dark
99,64,56,50,64,0.21960784,0.19607843,0.2509804,dark
99,65,56,50,64,0.21960784,0.19607843,0.2509804,dark
99,66,56,50,64,0.21960784,0.19607843,0.2509804,dark
99,67,56,50,64,0.21960784,0.19607843,0.2509804,dark
99,68,56,50,64,0.21960784,0.19607843,0.2509804,dark
99,69,56,51,65,0.21960784,0.2,0.25490198,dark
99,70,37,35,48,0.14509805,0.13725491,0.1882353,dark
99,71,20,20,31,0.078431375,0.078431375,0.12156863,dark
99,72,74,65,83,0.2901961,0.25490198,0.3254902,dark
99,73,133,116,141,0.52156866,0.45490196,0.5529412,mid
99,74,130,112,136,0.50980395,0.4392157,0.53333336,mid
99,75,130,112,136,0.50980395,0.4392157,0.53333336,mid
99,76,130,112,136,0.50980395,0.4392157,0.53333336,mid
99,77,130,112,135,0.50980395,0.4392157,0.5294118,mid
99,78,130,112,136,0.50980395,0.4392157,0.53333336,mid
99,79,133,115,140,0.52156866,0.4509804,0.54901963,mid
99,80,124,111,133,0.4862745,0.43529412,0.52156866,mid
99,81,37,34,48,0.14509805,0.13333334,0.1882353,dark
99,82,22,22,34,0.08627451,0.08627451,0.13333334,dark
99,83,48,44,58,0.1882353,0.17254902,0.22745098,dark
99,84,57,51,65,0.22352941,0.2,0.25490198,dark
99,85,56,50,64,0.21960784,0.19607843,0.2509804,dark
99,86,56,50,64,0.21960784,0.19607843,0.2509804,dark
99,87,56,50,64,0.21960784,0.19607843,0.2509804,dark
99,88,56,50,64,0.21960784,0.19607843,0.2509804,dark
99,89,56,50,64,0.21960784,0.19607843,0.2509804,dark
99,90,56,50,64,0.21960784,0.19607843,0.2509804,dark
99,91,56,50,64,0.21960784,0.19607843,0.2509804,dark
99,92,56,50,64,0.21960784,0.19607843,0.2509804,dark
99,93,56,50,64,0.21960784,0.19607843,0.2509804,dark
99,94,58,50,65,0.22745098,0.19607843,0.25490198,dark
99,95,53,49,63,0.20784314,0.19215687,0.24705882,dark
99,96,28,27,39,0.10980392,0.105882354,0.15294118,dark
99,97,25,25,37,0.09803922,0.09803922,0.14509805,dark
99,98,25,25,37,0.09803922,0.09803922,0.14509805,dark
99,99,25,25,37,0.09803922,0.09803922,0.14509805,dark
99,100,25,25,37,0.09803922,0.09803922,0.14509805,dark
99,101,16,16,28,0.0627451,0.0627451,0.10980392,dark
99,102,163,163,167,0.6392157,0.6392157,0.654902,mid
99,103,255,255,255,1.0,1.0,1.0,light
99,104,255,255,255,1.0,1.0,1.0,light
99,105,255,255,255,1.0,1.0,1.0,light
99,106,255,255,255,1.0,1.0,1.0,light
99,107,255,255,255,1.0,1.0,1.0,light
99,108,255,255,255,1.0,1.0,1.0,light
99,109,255,255,255,1.0,1.0,1.0,light
99,110,255,255,255,1.0,1.0,1.0,light
99,111,255,255,255,1.0,1.0,1.0,light
99,112,255,255,255,1.0,1.0,1.0,light
99,113,255,255,255,1.0,1.0,1.0,light
99,114,255,255,255,1.0,1.0,1.0,light
99,115,255,255,255,1.0,1.0,1.0,light
99,116,255,255,255,1.0,1.0,1.0,light
99,117,255,255,255,1.0,1.0,1.0,light
99,118,255,255,255,1.0,1.0,1.0,light
99,119,255,255,255,1.0,1.0,1.0,light
99,120,255,255,255,1.0,1.0,1.0,light
99,121,255,255,255,1.0,1.0,1.0,light
99,122,255,255,255,1.0,1.0,1.0,light
99,123,255,255,255,1.0,1.0,1.0,light
99,124,255,255,255,1.0,1.0,1.0,light
99,125,255,255,255,1.0,1.0,1.0,light
99,126,255,255,255,1.0,1.0,1.0,light
99,127,255,255,255,1.0,1.0,1.0,light
100,0,255,255,255,1.0,1.0,1.0,light
100,1,255,255,255,1.0,1.0,1.0,light
100,2,255,255,255,1.0,1.0,1.0,light
100,3,255,255,255,1.0,1.0,1.0,light
100,4,255,255,255,1.0,1.0,1.0,light
100,5,255,255,255,1.0,1.0,1.0,light
100,6,255,255,255,1.0,1.0,1.0,light
100,7,255,255,255,1.0,1.0,1.0,light
100,8,255,255,255,1.0,1.0,1.0,light
100,9,255,255,255,1.0,1.0,1.0,light
100,10,255,255,255,1.0,1.0,1.0,light
100,11,255,255,255,1.0,1.0,1.0,light
100,12,255,255,255,1.0,1.0,1.0,light
100,13,255,255,255,1.0,1.0,1.0,light
100,14,255,255,255,1.0,1.0,1.0,light
100,15,255,255,255,1.0,1.0,1.0,light
100,16,255,255,255,1.0,1.0,1.0,light
100,17,255,255,255,1.0,1.0,1.0,light
100,18,255,255,255,1.0,1.0,1.0,light
100,19,255,255,255,1.0,1.0,1.0,light
100,20,255,255,254,1.0,1.0,0.99607843,light
100,21,213,212,212,0.8352941,0.83137256,0.83137256,light
100,22,189,189,192,0.7411765,0.7411765,0.7529412,light
100,23,102,102,109,0.4,0.4,0.42745098,mid
100,24,18,17,31,0.07058824,0.06666667,0.12156863,dark
100,25,25,25,36,0.09803922,0.09803922,0.14117648,dark
100,26,25,25,37,0.09803922,0.09803922,0.14509805,dark
100,27,25,25,37,0.09803922,0.09803922,0.14509805,dark
100,28,23,24,36,0.09019608,0.09411765,0.14117648,dark
100,29,29,29,41,0.11372549,0.11372549,0.16078432,dark
100,30,54,50,64,0.21176471,0.19607843,0.2509804,dark
100,31,56,50,64,0.21960784,0.19607843,0.2509804,dark
100,32,56,50,64,0.21960784,0.19607843,0.2509804,dark
100,33,56,50,64,0.21960784,0.19607843,0.2509804,dark
100,34,56,50,64,0.21960784,0.19607843,0.2509804,dark
100,35,56,50,64,0.21960784,0.19607843,0.2509804,dark
100,36,56,50,64,0.21960784,0.19607843,0.2509804,dark
100,37,56,50,64,0.21960784,0.19607843,0.2509804,dark
100,38,56,50,64,0.21960784,0.19607843,0.2509804,dark
100,39,56,50,64,0.21960784,0.19607843,0.2509804,dark
100,40,56,50,64,0.21960784,0.19607843,0.2509804,dark
100,41,54,49,62,0.21176471,0.19215687,0.24313726,dark
100,42,74,65,81,0.2901961,0.25490198,0.31764707,dark
100,43,110,96,115,0.43137255,0.3764706,0.4509804,mid
100,44,109,95,114,0.42745098,0.37254903,0.44705883,mid
100,45,111,95,115,0.43529412,0.37254903,0.4509804,mid
100,46,99,86,104,0.3882353,0.3372549,0.40784314,mid
100,47,30,27,40,0.11764706,0.105882354,0.15686275,dark
100,48,24,25,36,0.09411765,0.09803922,0.14117648,dark
100,49,25,25,37,0.09803922,0.09803922,0.14509805,dark
100,50,25,25,37,0.09803922,0.09803922,0.14509805,dark
100,51,31,30,43,0.12156863,0.11764706,0.16862746,dark
100,52,33,31,44,0.12941177,0.12156863,0.17254902,dark
100,53,49,43,57,0.19215687,0.16862746,0.22352941,dark
100,54,57,51,65,0.22352941,0.2,0.25490198,dark
100,55,56,50,64,0.21960784,0.19607843,0.2509804,dark
100,56,56,50,64,0.21960784,0.19607843,0.2509804,dark
100,57,56,50,64,0.21960784,0.19607843,0.2509804,dark
100,58,56,50,64,0.21960784,0.19607843,0.2509804,dark
100,59,56,50,64,0.21960784,0.19607843,0.2509804,dark
100,60,56,50,64,0.21960784,0.19607843,0.2509804,dark
100,61,56,50,64,0.21960784,0.19607843,0.2509804,dark
100,62,56,50,64,0.21960784,0.19607843,0.2509804,dark
100,63,56,50,64,0.21960784,0.19607843,0.2509804,dark
100,64,56,50,64,0.21960784,0.19607843,0.2509804,dark
100,65,56,50,64,0.21960784,0.19607843,0.2509804,dark
100,66,56,50,64,0.21960784,0.19607843,0.2509804,dark
100,67,56,50,64,0.21960784,0.19607843,0.2509804,dark
100,68,56,50,64,0.21960784,0.19607843,0.2509804,dark
100,69,56,51,65,0.21960784,0.2,0.25490198,dark
100,70,37,35,48,0.14509805,0.13725491,0.1882353,dark
100,71,20,20,31,0.078431375,0.078431375,0.12156863,dark
100,72,74,65,83,0.2901961,0.25490198,0.3254902,dark
100,73,133,116,141,0.52156866,0.45490196,0.5529412,mid
100,74,130,112,136,0.50980395,0.4392157,0.53333336,mid
100,75,130,112,136,0.50980395,0.4392157,0.53333336,mid
100,76,130,112,136,0.50980395,0.4392157,0.53333336,mid
100,77,132,113,137,0.5176471,0.44313726,0.5372549,mid
100,78,121,104,127,0.4745098,0.40784314,0.49803922,mid
100,79,60,49,69,0.23529412,0.19215687,0.27058825,dark
100,80,53,47,63,0.20784314,0.18431373,0.24705882,dark
100,81,48,43,58,0.1882353,0.16862746,0.22745098,dark
100,82,47,43,56,0.18431373,0.16862746,0.21960784,dark
100,83,53,48,62,0.20784314,0.1882353,0.24313726,dark
100,84,56,50,64,0.21960784,0.19607843,0.2509804,dark
100,85,56,50,64,0.21960784,0.19607843,0.2509804,dark
100,86,56,50,64,0.21960784,0.19607843,0.2509804,dark
100,87,56,50,64,0.21960784,0.19607843,0.2509804,dark
100,88,56,50,64,0.21960784,0.19607843,0.2509804,dark
100,89,56,50,64,0.21960784,0.19607843,0.2509804,dark
100,90,56,50,64,0.21960784,0.19607843,0.2509804,dark
100,91,56,50,64,0.21960784,0.19607843,0.2509804,dark
100,92,57,51,65,0.22352941,0.2,0.25490198,dark
100,93,53,47,61,0.20784314,0.18431373,0.23921569,dark
100,94,36,31,44,0.14117648,0.12156863,0.17254902,dark
100,95,32,31,44,0.1254902,0.12156863,0.17254902,dark
100,96,24,26,38,0.09411765,0.101960786,0.14901961,dark
100,97,25,25,37,0.09803922,0.09803922,0.14509805,dark
100,98,25,25,37,0.09803922,0.09803922,0.14509805,dark
100,99,25,25,37,0.09803922,0.09803922,0.14509805,dark
100,100,25,25,37,0.09803922,0.09803922,0.14509805,dark
100,101,16,16,28,0.0627451,0.0627451,0.10980392,dark
100,102,163,163,167,0.6392157,0.6392157,0.654902,mid
100,103,255,255,255,1.0,1.0,1.0,light
100,104,255,255,255,1.0,1.0,1.0,light
100,105,255,255,255,1.0,1.0,1.0,light
100,106,255,255,255,1.0,1.0,1.0,light
100,107,255,255,255,1.0,1.0,1.0,light
100,108,255,255,255,1.0,1.0,1.0,light
100,109,255,255,255,1.0,1.0,1.0,light
100,110,255,255,255,1.0,1.0,1.0,light
100,111,255,255,255,1.0,1.0,1.0,light
100,112,255,255,255,1.0,1.0,1.0,light
100,113,255,255,255,1.0,1.0,1.0,light
100,114,255,255,255,1.0,1.0,1.0,light
100,115,255,255,255,1.0,1.0,1.0,light
100,116,255,255,255,1.0,1.0,1.0,light
100,117,255,255,255,1.0,1.0,1.0,light
100,118,255,255,255,1.0,1.0,1.0,light
100,119,255,255,255,1.0,1.0,1.0,light
100,120,255,255,255,1.0,1.0,1.0,light
100,121,255,255,255,1.0,1.0,1.0,light
100,122,255,255,255,1.0,1.0,1.0,light
100,123,255,255,255,1.0,1.0,1.0,light
100,124,255,255,255,1.0,1.0,1.0,light
100,125,255,255,255,1.0,1.0,1.0,light
100,126,255,255,255,1.0,1.0,1.0,light
100,127,255,255,255,1.0,1.0,1.0,light
101,0,255,255,255,1.0,1.0,1.0,light
101,1,255,255,255,1.0,1.0,1.0,light
101,2,255,255,255,1.0,1.0,1.0,light
101,3,255,255,255,1.0,1.0,1.0,light
101,4,255,255,255,1.0,1.0,1.0,light
101,5,255,255,255,1.0,1.0,1.0,light
101,6,255,255,255,1.0,1.0,1.0,light
101,7,255,255,255,1.0,1.0,1.0,light
101,8,255,255,255,1.0,1.0,1.0,light
101,9,255,255,255,1.0,1.0,1.0,light
101,10,255,255,255,1.0,1.0,1.0,light
101,11,255,255,255,1.0,1.0,1.0,light
101,12,255,255,255,1.0,1.0,1.0,light
101,13,255,255,255,1.0,1.0,1.0,light
101,14,255,255,255,1.0,1.0,1.0,light
101,15,255,255,255,1.0,1.0,1.0,light
101,16,255,255,255,1.0,1.0,1.0,light
101,17,255,255,255,1.0,1.0,1.0,light
101,18,255,255,255,1.0,1.0,1.0,light
101,19,255,255,255,1.0,1.0,1.0,light
101,20,255,255,253,1.0,1.0,0.99215686,light
101,21,255,255,255,1.0,1.0,1.0,light
101,22,255,255,255,1.0,1.0,1.0,light
101,23,129,131,134,0.5058824,0.5137255,0.5254902,mid
101,24,5,5,18,0.019607844,0.019607844,0.07058824,dark
101,25,20,20,31,0.078431375,0.078431375,0.12156863,dark
101,26,25,25,37,0.09803922,0.09803922,0.14509805,dark
101,27,25,25,37,0.09803922,0.09803922,0.14509805,dark
101,28,23,24,36,0.09019608,0.09411765,0.14117648,dark
101,29,29,29,41,0.11372549,0.11372549,0.16078432,dark
101,30,54,50,64,0.21176471,0.19607843,0.2509804,dark
101,31,56,50,64,0.21960784,0.19607843,0.2509804,dark
101,32,56,50,64,0.21960784,0.19607843,0.2509804,dark
101,33,56,50,64,0.21960784,0.19607843,0.2509804,dark
101,34,56,50,64,0.21960784,0.19607843,0.2509804,dark
101,35,56,50,64,0.21960784,0.19607843,0.2509804,dark
101,36,56,50,64,0.21960784,0.19607843,0.2509804,dark
101,37,56,50,64,0.21960784,0.19607843,0.2509804,dark
101,38,56,50,64,0.21960784,0.19607843,0.2509804,dark
101,39,56,50,64,0.21960784,0.19607843,0.2509804,dark
101,40,55,49,63,0.21568628,0.19215687,0.24705882,dark
101,41,50,45,58,0.19607843,0.1764706,0.22745098,dark
101,42,81,71,88,0.31764707,0.2784314,0.34509805,dark
101,43,138,120,144,0.5411765,0.47058824,0.5647059,mid
101,44,136,118,141,0.53333336,0.4627451,0.5529412,mid
101,45,138,119,143,0.5411765,0.46666667,0.56078434,mid
101,46,122,106,128,0.47843137,0.41568628,0.5019608,mid
101,47,31,26,42,0.12156863,0.101960786,0.16470589,dark
101,48,23,23,35,0.09019608,0.09019608,0.13725491,dark
101,49,25,25,37,0.09803922,0.09803922,0.14509805,dark
101,50,25,25,37,0.09803922,0.09803922,0.14509805,dark
101,51,23,24,36,0.09019608,0.09411765,0.14117648,dark
101,52,23,23,35,0.09019608,0.09019608,0.13725491,dark
101,53,44,41,55,0.17254902,0.16078432,0.21568628,dark
101,54,57,51,65,0.22352941,0.2,0.25490198,dark
101,55,56,50,64,0.21960784,0.19607843,0.2509804,dark
101,56,56,50,64,0.21960784,0.19607843,0.2509804,dark
101,57,56,50,64,0.21960784,0.19607843,0.2509804,dark
101,58,56,50,64,0.21960784,0.19607843,0.2509804,dark
101,59,56,50,64,0.21960784,0.19607843,0.2509804,dark
101,60,56,50,64,0.21960784,0.19607843,0.2509804,dark
101,61,56,50,64,0.21960784,0.19607843,0.2509804,dark
101,62,56,50,64,0.21960784,0.19607843,0.2509804,dark
101,63,56,50,64,0.21960784,0.19607843,0.2509804,dark
101,64,56,50,64,0.21960784,0.19607843,0.2509804,dark
101,65,56,50,64,0.21960784,0.19607843,0.2509804,dark
101,66,56,50,64,0.21960784,0.19607843,0.2509804,dark
101,67,56,50,64,0.21960784,0.19607843,0.2509804,dark
101,68,57,51,65,0.22352941,0.2,0.25490198,dark
101,69,57,52,66,0.22352941,0.20392157,0.25882354,dark
101,70,37,35,48,0.14509805,0.13725491,0.1882353,dark
101,71,20,20,31,0.078431375,0.078431375,0.12156863,dark
101,72,74,65,83,0.2901961,0.25490198,0.3254902,dark
101,73,133,116,141,0.52156866,0.45490196,0.5529412,mid
101,74,130,112,136,0.50980395,0.4392157,0.53333336,mid
101,75,130,112,136,0.50980395,0.4392157,0.53333336,mid
101,76,129,112,137,0.5058824,0.4392157,0.5372549,mid
101,77,133,112,140,0.52156866,0.4392157,0.54901963,mid
101,78,117,101,122,0.45882353,0.39607844,0.47843137,mid
101,79,26,25,37,0.101960786,0.09803922,0.14509805,dark
101,80,22,23,32,0.08627451,0.09019608,0.1254902,dark
101,81,51,48,61,0.2,0.1882353,0.23921569,dark
101,82,58,51,66,0.22745098,0.2,0.25882354,dark
101,83,56,50,64,0.21960784,0.19607843,0.2509804,dark
101,84,54,50,64,0.21176471,0.19607843,0.2509804,dark
101,85,55,50,64,0.21568628,0.19607843,0.2509804,dark
101,86,56,50,64,0.21960784,0.19607843,0.2509804,dark
101,87,56,50,64,0.21960784,0.19607843,0.2509804,dark
101,88,56,50,64,0.21960784,0.19607843,0.2509804,dark
101,89,56,50,64,0.21960784,0.19607843,0.2509804,dark
101,90,56,50,64,0.21960784,0.19607843,0.2509804,dark
101,91,56,50,64,0.21960784,0.19607843,0.2509804,dark
101,92,58,52,66,0.22745098,0.20392157,0.25882354,dark
101,93,52,47,61,0.20392157,0.18431373,0.23921569,dark
101,94,25,24,36,0.09803922,0.09411765,0.14117648,dark
101,95,24,24,36,0.09411765,0.09411765,0.14117648,dark
101,96,24,25,37,0.09411765,0.09803922,0.14509805,dark
101,97,25,25,37,0.09803922,0.09803922,0.14509805,dark
101,98,24,24,36,0.09411765,0.09411765,0.14117648,dark
101,99,24,24,36,0.09411765,0.09411765,0.14117648,dark
101,100,24,24,36,0.09411765,0.09411765,0.14117648,dark
101,101,14,15,27,0.05490196,0.05882353,0.105882354,dark
101,102,167,167,171,0.654902,0.654902,0.67058825,mid
101,103,255,255,255,1.0,1.0,1.0,light
101,104,255,255,255,1.0,1.0,1.0,light
101,105,255,255,255,1.0,1.0,1.0,light
101,106,255,255,255,1.0,1.0,1.0,light
101,107,255,255,255,1.0,1.0,1.0,light
101,108,255,255,255,1.0,1.0,1.0,light
101,109,255,255,255,1.0,1.0,1.0,light
101,110,255,255,255,1.0,1.0,1.0,light
101,111,255,255,255,1.0,1.0,1.0,light
101,112,255,255,255,1.0,1.0,1.0,light
101,113,255,255,255,1.0,1.0,1.0,light
101,114,255,255,255,1.0,1.0,1.0,light
101,115,255,255,255,1.0,1.0,1.0,light
101,116,255,255,255,1.0,1.0,1.0,light
101,117,255,255,255,1.0,1.0,1.0,light
101,118,255,255,255,1.0,1.0,1.0,light
101,119,255,255,255,1.0,1.0,1.0,light
101,120,255,255,255,1.0,1.0,1.0,light
101,121,255,255,255,1.0,1.0,1.0,light
101,122,255,255,255,1.0,1.0,1.0,light
101,123,255,255,255,1.0,1.0,1.0,light
101,124,255,255,255,1.0,1.0,1.0,light
101,125,255,255,255,1.0,1.0,1.0,light
101,126,255,255,255,1.0,1.0,1.0,light
101,127,255,255,255,1.0,1.0,1.0,light
102,0,255,255,255,1.0,1.0,1.0,light
102,1,255,255,255,1.0,1.0,1.0,light
102,2,255,255,255,1.0,1.0,1.0,light
102,3,255,255,255,1.0,1.0,1.0,light
102,4,255,255,255,1.0,1.0,1.0,light
102,5,255,255,255,1.0,1.0,1.0,light
102,6,255,255,255,1.0,1.0,1.0,light
102,7,255,255,255,1.0,1.0,1.0,light
102,8,255,255,255,1.0,1.0,1.0,light
102,9,255,255,255,1.0,1.0,1.0,light
102,10,255,255,255,1.0,1.0,1.0,light
102,11,255,255,255,1.0,1.0,1.0,light
102,12,255,255,255,1.0,1.0,1.0,light
102,13,255,255,255,1.0,1.0,1.0,light
102,14,255,255,255,1.0,1.0,1.0,light
102,15,255,255,255,1.0,1.0,1.0,light
102,16,255,255,255,1.0,1.0,1.0,light
102,17,255,255,255,1.0,1.0,1.0,light
102,18,255,255,255,1.0,1.0,1.0,light
102,19,255,255,255,1.0,1.0,1.0,light
102,20,255,255,254,1.0,1.0,0.99607843,light
102,21,255,255,255,1.0,1.0,1.0,light
102,22,255,255,255,1.0,1.0,1.0,light
102,23,205,206,206,0.8039216,0.80784315,0.80784315,light
102,24,159,159,163,0.62352943,0.62352943,0.6392157,mid
102,25,108,108,115,0.42352942,0.42352942,0.4509804,mid
102,26,20,20,32,0.078431375,0.078431375,0.1254902,dark
102,27,25,25,37,0.09803922,0.09803922,0.14509805,dark
102,28,24,24,36,0.09411765,0.09411765,0.14117648,dark
102,29,30,28,41,0.11764706,0.10980392,0.16078432,dark
102,30,55,50,64,0.21568628,0.19607843,0.2509804,dark
102,31,57,49,64,0.22352941,0.19215687,0.2509804,dark
102,32,56,50,64,0.21960784,0.19607843,0.2509804,dark
102,33,54,50,64,0.21176471,0.19607843,0.2509804,dark
102,34,56,50,64,0.21960784,0.19607843,0.2509804,dark
102,35,56,50,64,0.21960784,0.19607843,0.2509804,dark
102,36,56,50,64,0.21960784,0.19607843,0.2509804,dark
102,37,56,50,64,0.21960784,0.19607843,0.2509804,dark
102,38,55,50,63,0.21568628,0.19607843,0.24705882,dark
102,39,54,49,59,0.21176471,0.19215687,0.23137255,dark
102,40,77,67,83,0.3019608,0.2627451,0.3254902,dark
102,41,103,90,110,0.40392157,0.3529412,0.43137255,mid
102,42,90,78,93,0.3529412,0.30588236,0.3647059,dark
102,43,66,59,76,0.25882354,0.23137255,0.29803923,dark
102,44,67,60,77,0.2627451,0.23529412,0.3019608,dark
102,45,67,60,77,0.2627451,0.23529412,0.3019608,dark
102,46,63,57,74,0.24705882,0.22352941,0.2901961,dark
102,47,45,40,55,0.1764706,0.15686275,0.21568628,dark
102,48,42,39,52,0.16470589,0.15294118,0.20392157,dark
102,49,27,26,39,0.105882354,0.101960786,0.15294118,dark
102,50,23,25,37,0.09019608,0.09803922,0.14509805,dark
102,51,24,25,37,0.09411765,0.09803922,0.14509805,dark
102,52,24,24,36,0.09411765,0.09411765,0.14117648,dark
102,53,45,41,55,0.1764706,0.16078432,0.21568628,dark
102,54,57,51,65,0.22352941,0.2,0.25490198,dark
102,55,57,49,64,0.22352941,0.19215687,0.2509804,dark
102,56,57,49,64,0.22352941,0.19215687,0.2509804,dark
102,57,56,50,64,0.21960784,0.19607843,0.2509804,dark
102,58,56,50,64,0.21960784,0.19607843,0.2509804,dark
102,59,56,50,64,0.21960784,0.19607843,0.2509804,dark
102,60,56,50,64,0.21960784,0.19607843,0.2509804,dark
102,61,56,50,64,0.21960784,0.19607843,0.2509804,dark
102,62,56,50,64,0.21960784,0.19607843,0.2509804,dark
102,63,56,50,64,0.21960784,0.19607843,0.2509804,dark
102,64,56,50,64,0.21960784,0.19607843,0.2509804,dark
102,65,56,50,64,0.21960784,0.19607843,0.2509804,dark
102,66,56,50,64,0.21960784,0.19607843,0.2509804,dark
102,67,57,51,65,0.22352941,0.2,0.25490198,dark
102,68,42,39,52,0.16470589,0.15294118,0.20392157,dark
102,69,37,35,48,0.14509805,0.13725491,0.1882353,dark
102,70,30,29,41,0.11764706,0.11372549,0.16078432,dark
102,71,21,20,33,0.08235294,0.078431375,0.12941177,dark
102,72,74,65,84,0.2901961,0.25490198,0.32941177,dark
102,73,135,115,141,0.5294118,0.4509804,0.5529412,mid
102,74,130,112,136,0.50980395,0.4392157,0.53333336,mid
102,75,130,112,136,0.50980395,0.4392157,0.53333336,mid
102,76,129,112,137,0.5058824,0.4392157,0.5372549,mid
102,77,131,113,140,0.5137255,0.44313726,0.54901963,mid
102,78,118,101,123,0.4627451,0.39607844,0.48235294,mid
102,79,28,28,40,0.10980392,0.10980392,0.15686275,dark
102,80,26,25,35,0.101960786,0.09803922,0.13725491,dark
102,81,51,47,61,0.2,0.18431373,0.23921569,dark
102,82,56,50,64,0.21960784,0.19607843,0.2509804,dark
102,83,56,50,64,0.21960784,0.19607843,0.2509804,dark
102,84,55,50,64,0.21568628,0.19607843,0.2509804,dark
102,85,56,50,64,0.21960784,0.19607843,0.2509804,dark
102,86,56,50,64,0.21960784,0.19607843,0.2509804,dark
102,87,56,50,64,0.21960784,0.19607843,0.2509804,dark
102,88,57,49,64,0.22352941,0.19215687,0.2509804,dark
102,89,57,49,64,0.22352941,0.19215687,0.2509804,dark
102,90,56,51,65,0.21960784,0.2,0.25490198,dark
102,91,50,46,60,0.19607843,0.18039216,0.23529412,dark
102,92,38,35,48,0.14901961,0.13725491,0.1882353,dark
102,93,36,33,46,0.14117648,0.12941177,0.18039216,dark
102,94,27,24,37,0.105882354,0.09411765,0.14509805,dark
102,95,25,24,37,0.09803922,0.09411765,0.14509805,dark
102,96,24,25,37,0.09411765,0.09803922,0.14509805,dark
102,97,25,25,37,0.09803922,0.09803922,0.14509805,dark
102,98,39,38,51,0.15294118,0.14901961,0.2,dark
102,99,43,40,54,0.16862746,0.15686275,0.21176471,dark
102,100,43,40,53,0.16862746,0.15686275,0.20784314,dark
102,101,40,36,50,0.15686275,0.14117648,0.19607843,dark
102,102,98,95,105,0.38431373,0.37254903,0.4117647,mid
102,103,135,132,140,0.5294118,0.5176471,0.54901963,mid
102,104,135,132,140,0.5294118,0.5176471,0.54901963,mid
102,105,130,128,134,0.50980395,0.5019608,0.5254902,mid
102,106,175,174,177,0.6862745,0.68235296,0.69411767,light
102,107,255,255,255,1.0,1.0,1.0,light
102,108,255,255,254,1.0,1.0,0.99607843,light
102,109,255,255,255,1.0,1.0,1.0,light
102,110,255,255,255,1.0,1.0,1.0,light
102,111,255,255,255,1.0,1.0,1.0,light
102,112,255,255,255,1.0,1.0,1.0,light
102,113,255,255,255,1.0,1.0,1.0,light
102,114,255,255,255,1.0,1.0,1.0,light
102,115,255,255,255,1.0,1.0,1.0,light
102,116,255,255,255,1.0,1.0,1.0,light
102,117,255,255,255,1.0,1.0,1.0,light
102,118,255,255,255,1.0,1.0,1.0,light
102,119,255,255,255,1.0,1.0,1.0,light
102,120,255,255,255,1.0,1.0,1.0,light
102,121,255,255,255,1.0,1.0,1.0,light
102,122,255,255,255,1.0,1.0,1.0,light
102,123,255,255,255,1.0,1.0,1.0,light
102,124,255,255,255,1.0,1.0,1.0,light
102,125,255,255,255,1.0,1.0,1.0,light
102,126,255,255,255,1.0,1.0,1.0,light
102,127,255,255,255,1.0,1.0,1.0,light
103,0,255,255,255,1.0,1.0,1.0,light
103,1,255,255,255,1.0,1.0,1.0,light
103,2,255,255,255,1.0,1.0,1.0,light
103,3,255,255,255,1.0,1.0,1.0,light
103,4,255,255,255,1.0,1.0,1.0,light
103,5,255,255,255,1.0,1.0,1.0,light
103,6,255,255,255,1.0,1.0,1.0,light
103,7,255,255,255,1.0,1.0,1.0,light
103,8,255,255,255,1.0,1.0,1.0,light
103,9,255,255,255,1.0,1.0,1.0,light
103,10,255,255,255,1.0,1.0,1.0,light
103,11,255,255,255,1.0,1.0,1.0,light
103,12,255,255,255,1.0,1.0,1.0,light
103,13,255,255,255,1.0,1.0,1.0,light
103,14,255,255,255,1.0,1.0,1.0,light
103,15,255,255,255,1.0,1.0,1.0,light
103,16,255,255,255,1.0,1.0,1.0,light
103,17,255,255,255,1.0,1.0,1.0,light
103,18,255,255,255,1.0,1.0,1.0,light
103,19,255,255,255,1.0,1.0,1.0,light
103,20,255,255,255,1.0,1.0,1.0,light
103,21,255,255,255,1.0,1.0,1.0,light
103,22,255,255,255,1.0,1.0,1.0,light
103,23,255,255,255,1.0,1.0,1.0,light
103,24,255,255,255,1.0,1.0,1.0,light
103,25,169,169,172,0.6627451,0.6627451,0.6745098,mid
103,26,16,16,28,0.0627451,0.0627451,0.10980392,dark
103,27,25,25,37,0.09803922,0.09803922,0.14509805,dark
103,28,24,24,36,0.09411765,0.09411765,0.14117648,dark
103,29,31,29,41,0.12156863,0.11372549,0.16078432,dark
103,30,55,51,65,0.21568628,0.2,0.25490198,dark
103,31,57,51,65,0.22352941,0.2,0.25490198,dark
103,32,56,50,64,0.21960784,0.19607843,0.2509804,dark
103,33,54,50,64,0.21176471,0.19607843,0.2509804,dark
103,34,56,50,64,0.21960784,0.19607843,0.2509804,dark
103,35,56,50,64,0.21960784,0.19607843,0.2509804,dark
103,36,56,50,64,0.21960784,0.19607843,0.2509804,dark
103,37,56,50,64,0.21960784,0.19607843,0.2509804,dark
103,38,55,48,62,0.21568628,0.1882353,0.24313726,dark
103,39,51,43,55,0.2,0.16862746,0.21568628,dark
103,40,92,80,98,0.36078432,0.3137255,0.38431373,mid
103,41,142,124,152,0.5568628,0.4862745,0.59607846,mid
103,42,97,84,105,0.38039216,0.32941177,0.4117647,mid
103,43,16,17,29,0.0627451,0.06666667,0.11372549,dark
103,44,19,20,32,0.07450981,0.078431375,0.1254902,dark
103,45,17,20,32,0.06666667,0.078431375,0.1254902,dark
103,46,23,24,36,0.09019608,0.09411765,0.14117648,dark
103,47,54,50,64,0.21176471,0.19607843,0.2509804,dark
103,48,55,50,64,0.21568628,0.19607843,0.2509804,dark
103,49,28,26,39,0.10980392,0.101960786,0.15294118,dark
103,50,22,24,36,0.08627451,0.09411765,0.14117648,dark
103,51,25,24,37,0.09803922,0.09411765,0.14509805,dark
103,52,24,24,36,0.09411765,0.09411765,0.14117648,dark
103,53,47,42,56,0.18431373,0.16470589,0.21960784,dark
103,54,57,52,66,0.22352941,0.20392157,0.25882354,dark
103,55,57,50,65,0.22352941,0.19607843,0.25490198,dark
103,56,57,49,64,0.22352941,0.19215687,0.2509804,dark
103,57,56,50,64,0.21960784,0.19607843,0.2509804,dark
103,58,56,50,64,0.21960784,0.19607843,0.2509804,dark
103,59,56,50,64,0.21960784,0.19607843,0.2509804,dark
103,60,56,50,64,0.21960784,0.19607843,0.2509804,dark
103,61,56,50,64,0.21960784,0.19607843,0.2509804,dark
103,62,56,50,64,0.21960784,0.19607843,0.2509804,dark
103,63,56,50,64,0.21960784,0.19607843,0.2509804,dark
103,64,56,50,64,0.21960784,0.19607843,0.2509804,dark
103,65,56,50,64,0.21960784,0.19607843,0.2509804,dark
103,66,56,50,64,0.21960784,0.19607843,0.2509804,dark
103,67,57,51,65,0.22352941,0.2,0.25490198,dark
103,68,32,31,43,0.1254902,0.12156863,0.16862746,dark
103,69,23,23,35,0.09019608,0.09019608,0.13725491,dark
103,70,25,25,37,0.09803922,0.09803922,0.14509805,dark
103,71,20,21,33,0.078431375,0.08235294,0.12941177,dark
103,72,75,68,84,0.29411766,0.26666668,0.32941177,dark
103,73,137,120,143,0.5372549,0.47058824,0.56078434,mid
103,74,134,116,139,0.5254902,0.45490196,0.54509807,mid
103,75,134,116,139,0.5254902,0.45490196,0.54509807,mid
103,76,135,115,139,0.5294118,0.4509804,0.54509807,mid
103,77,138,116,142,0.5411765,0.45490196,0.5568628,mid
103,78,120,105,126,0.47058824,0.4117647,0.49411765,mid
103,79,27,27,41,0.105882354,0.105882354,0.16078432,dark
103,80,23,24,36,0.09019608,0.09411765,0.14117648,dark
103,81,50,48,61,0.19607843,0.1882353,0.23921569,dark
103,82,56,51,64,0.21960784,0.2,0.2509804,dark
103,83,56,50,64,0.21960784,0.19607843,0.2509804,dark
103,84,56,50,64,0.21960784,0.19607843,0.2509804,dark
103,85,56,50,64,0.21960784,0.19607843,0.2509804,dark
103,86,56,50,64,0.21960784,0.19607843,0.2509804,dark
103,87,56,50,64,0.21960784,0.19607843,0.2509804,dark
103,88,57,49,64,0.22352941,0.19215687,0.2509804,dark
103,89,57,50,65,0.22352941,0.19607843,0.25490198,dark
103,90,56,52,66,0.21960784,0.20392157,0.25882354,dark
103,91,46,44,57,0.18039216,0.17254902,0.22352941,dark
103,92,24,22,35,0.09411765,0.08627451,0.13725491,dark
103,93,25,23,36,0.09803922,0.09019608,0.14117648,dark
103,94,26,24,37,0.101960786,0.09411765,0.14509805,dark
103,95,25,25,37,0.09803922,0.09803922,0.14509805,dark
103,96,23,24,36,0.09019608,0.09411765,0.14117648,dark
103,97,25,24,36,0.09803922,0.09411765,0.14117648,dark
103,98,50,47,61,0.19607843,0.18431373,0.23921569,dark
103,99,58,52,66,0.22745098,0.20392157,0.25882354,dark
103,100,57,51,65,0.22352941,0.2,0.25490198,dark
103,101,58,51,65,0.22745098,0.2,0.25490198,dark
103,102,52,46,60,0.20392157,0.18039216,0.23529412,dark
103,103,48,42,56,0.1882353,0.16470589,0.21960784,dark
103,104,48,42,56,0.1882353,0.16470589,0.21960784,dark
103,105,39,34,49,0.15294118,0.13333334,0.19215687,dark
103,106,119,117,124,0.46666667,0.45882353,0.4862745,mid
103,107,255,255,255,1.0,1.0,1.0,light
103,108,255,255,255,1.0,1.0,1.0,light
103,109,255,255,255,1.0,1.0,1.0,light
103,110,255,255,255,1.0,1.0,1.0,light
103,111,255,255,255,1.0,1.0,1.0,light
103,112,255,255,255,1.0,1.0,1.0,light
103,113,255,255,255,1.0,1.0,1.0,light
103,114,255,255,255,1.0,1.0,1.0,light
103,115,255,255,255,1.0,1.0,1.0,light
103,116,255,255,255,1.0,1.0,1.0,light
103,117,255,255,255,1.0,1.0,1.0,light
103,118,255,255,255,1.0,1.0,1.0,light
103,119,255,255,255,1.0,1.0,1.0,light
103,120,255,255,255,1.0,1.0,1.0,light
103,121,255,255,255,1.0,1.0,1.0,light
103,122,255,255,255,1.0,1.0,1.0,light
103,123,255,255,255,1.0,1.0,1.0,light
103,124,255,255,255,1.0,1.0,1.0,light
103,125,255,255,255,1.0,1.0,1.0,light
103,126,255,255,255,1.0,1.0,1.0,light
103,127,255,255,255,1.0,1.0,1.0,light
104,0,255,255,255,1.0,1.0,1.0,light
104,1,255,255,255,1.0,1.0,1.0,light
104,2,255,255,255,1.0,1.0,1.0,light
104,3,255,255,255,1.0,1.0,1.0,light
104,4,255,255,255,1.0,1.0,1.0,light
104,5,255,255,255,1.0,1.0,1.0,light
104,6,255,255,255,1.0,1.0,1.0,light
104,7,255,255,255,1.0,1.0,1.0,light
104,8,255,255,255,1.0,1.0,1.0,light
104,9,255,255,255,1.0,1.0,1.0,light
104,10,255,255,255,1.0,1.0,1.0,light
104,11,255,255,255,1.0,1.0,1.0,light
104,12,255,255,255,1.0,1.0,1.0,light
104,13,255,255,255,1.0,1.0,1.0,light
104,14,255,255,255,1.0,1.0,1.0,light
104,15,255,255,255,1.0,1.0,1.0,light
104,16,255,255,255,1.0,1.0,1.0,light
104,17,255,255,255,1.0,1.0,1.0,light
104,18,255,255,255,1.0,1.0,1.0,light
104,19,255,255,255,1.0,1.0,1.0,light
104,20,255,255,255,1.0,1.0,1.0,light
104,21,255,255,255,1.0,1.0,1.0,light
104,22,255,255,255,1.0,1.0,1.0,light
104,23,255,255,255,1.0,1.0,1.0,light
104,24,255,255,255,1.0,1.0,1.0,light
104,25,163,163,167,0.6392157,0.6392157,0.654902,mid
104,26,16,16,28,0.0627451,0.0627451,0.10980392,dark
104,27,25,25,37,0.09803922,0.09803922,0.14509805,dark
104,28,24,25,36,0.09411765,0.09803922,0.14117648,dark
104,29,27,28,39,0.105882354,0.10980392,0.15294118,dark
104,30,40,38,51,0.15686275,0.14901961,0.2,dark
104,31,42,39,52,0.16470589,0.15294118,0.20392157,dark
104,32,54,49,63,0.21176471,0.19215687,0.24705882,dark
104,33,57,49,64,0.22352941,0.19215687,0.2509804,dark
104,34,56,50,64,0.21960784,0.19607843,0.2509804,dark
104,35,56,50,64,0.21960784,0.19607843,0.2509804,dark
104,36,56,50,64,0.21960784,0.19607843,0.2509804,dark
104,37,54,49,63,0.21176471,0.19215687,0.24705882,dark
104,38,77,66,84,0.3019608,0.25882354,0.32941177,dark
104,39,93,78,100,0.3647059,0.30588236,0.39215687,dark
104,40,93,80,102,0.3647059,0.3137255,0.4,mid
104,41,97,84,104,0.38039216,0.32941177,0.40784314,mid
104,42,76,67,84,0.29803923,0.2627451,0.32941177,dark
104,43,38,35,48,0.14901961,0.13725491,0.1882353,dark
104,44,40,36,50,0.15686275,0.14117648,0.19607843,dark
104,45,39,36,49,0.15294118,0.14117648,0.19215687,dark
104,46,42,38,51,0.16470589,0.14901961,0.2,dark
104,47,56,49,63,0.21960784,0.19215687,0.24705882,dark
104,48,55,49,63,0.21568628,0.19215687,0.24705882,dark
104,49,41,38,51,0.16078432,0.14901961,0.2,dark
104,50,40,36,50,0.15686275,0.14117648,0.19607843,dark
104,51,29,27,40,0.11372549,0.105882354,0.15686275,dark
104,52,24,24,36,0.09411765,0.09411765,0.14117648,dark
104,53,38,33,47,0.14901961,0.12941177,0.18431373,dark
104,54,41,38,51,0.16078432,0.14901961,0.2,dark
104,55,48,45,58,0.1882353,0.1764706,0.22745098,dark
104,56,57,50,64,0.22352941,0.19607843,0.2509804,dark
104,57,56,50,64,0.21960784,0.19607843,0.2509804,dark
104,58,56,50,64,0.21960784,0.19607843,0.2509804,dark
104,59,56,50,64,0.21960784,0.19607843,0.2509804,dark
104,60,56,50,64,0.21960784,0.19607843,0.2509804,dark
104,61,56,50,64,0.21960784,0.19607843,0.2509804,dark
104,62,56,50,64,0.21960784,0.19607843,0.2509804,dark
104,63,56,50,64,0.21960784,0.19607843,0.2509804,dark
104,64,56,50,64,0.21960784,0.19607843,0.2509804,dark
104,65,56,50,64,0.21960784,0.19607843,0.2509804,dark
104,66,56,50,64,0.21960784,0.19607843,0.2509804,dark
104,67,57,51,65,0.22352941,0.2,0.25490198,dark
104,68,33,32,44,0.12941177,0.1254902,0.17254902,dark
104,69,24,24,36,0.09411765,0.09411765,0.14117648,dark
104,70,25,25,37,0.09803922,0.09803922,0.14509805,dark
104,71,22,24,34,0.08627451,0.09411765,0.13333334,dark
104,72,49,47,60,0.19215687,0.18431373,0.23529412,dark
104,73,81,73,90,0.31764707,0.28627452,0.3529412,dark
104,74,80,71,88,0.3137255,0.2784314,0.34509805,dark
104,75,80,71,88,0.3137255,0.2784314,0.34509805,dark
104,76,80,71,88,0.3137255,0.2784314,0.34509805,dark
104,77,80,71,90,0.3137255,0.2784314,0.3529412,dark
104,78,75,69,84,0.29411766,0.27058825,0.32941177,dark
104,79,41,38,51,0.16078432,0.14901961,0.2,dark
104,80,40,36,50,0.15686275,0.14117648,0.19607843,dark
104,81,54,48,62,0.21176471,0.1882353,0.24313726,dark
104,82,57,50,64,0.22352941,0.19607843,0.2509804,dark
104,83,56,50,64,0.21960784,0.19607843,0.2509804,dark
104,84,56,50,64,0.21960784,0.19607843,0.2509804,dark
104,85,56,50,64,0.21960784,0.19607843,0.2509804,dark
104,86,56,50,64,0.21960784,0.19607843,0.2509804,dark
104,87,56,50,64,0.21960784,0.19607843,0.2509804,dark
104,88,57,50,64,0.22352941,0.19607843,0.2509804,dark
104,89,49,45,59,0.19215687,0.1764706,0.23137255,dark
104,90,40,38,51,0.15686275,0.14901961,0.2,dark
104,91,36,34,47,0.14117648,0.13333334,0.18431373,dark
104,92,26,24,37,0.101960786,0.09411765,0.14509805,dark
104,93,25,24,37,0.09803922,0.09411765,0.14509805,dark
104,94,24,25,37,0.09411765,0.09803922,0.14509805,dark
104,95,26,26,38,0.101960786,0.101960786,0.14901961,dark
104,96,38,35,49,0.14901961,0.13725491,0.19215687,dark
104,97,40,36,50,0.15686275,0.14117648,0.19607843,dark
104,98,54,47,62,0.21176471,0.18431373,0.24313726,dark
104,99,57,50,65,0.22352941,0.19607843,0.25490198,dark
104,100,56,50,64,0.21960784,0.19607843,0.2509804,dark
104,101,56,50,64,0.21960784,0.19607843,0.2509804,dark
104,102,56,50,64,0.21960784,0.19607843,0.2509804,dark
104,103,56,50,64,0.21960784,0.19607843,0.2509804,dark
104,104,56,50,64,0.21960784,0.19607843,0.2509804,dark
104,105,53,45,59,0.20784314,0.1764706,0.23137255,dark
104,106,92,86,96,0.36078432,0.3372549,0.3764706,mid
104,107,159,157,162,0.62352943,0.6156863,0.63529414,mid
104,108,180,179,182,0.7058824,0.7019608,0.7137255,light
104,109,254,254,254,0.99607843,0.99607843,0.99607843,light
104,110,255,255,254,1.0,1.0,0.99607843,light
104,111,255,255,255,1.0,1.0,1.0,light
104,112,255,255,255,1.0,1.0,1.0,light
104,113,255,255,255,1.0,1.0,1.0,light
104,114,255,255,255,1.0,1.0,1.0,light
104,115,255,255,255,1.0,1.0,1.0,light
104,116,255,255,255,1.0,1.0,1.0,light
104,117,255,255,255,1.0,1.0,1.0,light
104,118,255,255,255,1.0,1.0,1.0,light
104,119,255,255,255,1.0,1.0,1.0,light
104,120,255,255,255,1.0,1.0,1.0,light
104,121,255,255,255,1.0,1.0,1.0,light
104,122,255,255,255,1.0,1.0,1.0,light
104,123,255,255,255,1.0,1.0,1.0,light
104,124,255,255,255,1.0,1.0,1.0,light
104,125,255,255,255,1.0,1.0,1.0,light
104,126,255,255,255,1.0,1.0,1.0,light
104,127,255,255,255,1.0,1.0,1.0,light
105,0,255,255,255,1.0,1.0,1.0,light
105,1,255,255,255,1.0,1.0,1.0,light
105,2,255,255,255,1.0,1.0,1.0,light
105,3,255,255,255,1.0,1.0,1.0,light
105,4,255,255,255,1.0,1.0,1.0,light
105,5,255,255,255,1.0,1.0,1.0,light
105,6,255,255,255,1.0,1.0,1.0,light
105,7,255,255,255,1.0,1.0,1.0,light
105,8,255,255,255,1.0,1.0,1.0,light
105,9,255,255,255,1.0,1.0,1.0,light
105,10,255,255,255,1.0,1.0,1.0,light
105,11,255,255,255,1.0,1.0,1.0,light
105,12,255,255,255,1.0,1.0,1.0,light
105,13,255,255,255,1.0,1.0,1.0,light
105,14,255,255,255,1.0,1.0,1.0,light
105,15,255,255,255,1.0,1.0,1.0,light
105,16,255,255,255,1.0,1.0,1.0,light
105,17,255,255,255,1.0,1.0,1.0,light
105,18,255,255,255,1.0,1.0,1.0,light
105,19,255,255,255,1.0,1.0,1.0,light
105,20,255,255,255,1.0,1.0,1.0,light
105,21,255,255,255,1.0,1.0,1.0,light
105,22,255,255,255,1.0,1.0,1.0,light
105,23,255,255,255,1.0,1.0,1.0,light
105,24,255,255,255,1.0,1.0,1.0,light
105,25,160,160,163,0.627451,0.627451,0.6392157,mid
105,26,7,7,20,0.02745098,0.02745098,0.078431375,dark
105,27,19,19,31,0.07450981,0.07450981,0.12156863,dark
105,28,25,25,35,0.09803922,0.09803922,0.13725491,dark
105,29,24,25,37,0.09411765,0.09803922,0.14509805,dark
105,30,24,24,36,0.09411765,0.09411765,0.14117648,dark
105,31,26,26,38,0.101960786,0.101960786,0.14901961,dark
105,32,53,49,63,0.20784314,0.19215687,0.24705882,dark
105,33,59,50,65,0.23137255,0.19607843,0.25490198,dark
105,34,57,51,65,0.22352941,0.2,0.25490198,dark
105,35,57,51,65,0.22352941,0.2,0.25490198,dark
105,36,57,51,65,0.22352941,0.2,0.25490198,dark
105,37,53,48,63,0.20784314,0.1882353,0.24705882,dark
105,38,104,90,111,0.40784314,0.3529412,0.43529412,mid
105,39,142,122,148,0.5568628,0.47843137,0.5803922,mid
105,40,100,83,106,0.39215687,0.3254902,0.41568628,mid
105,41,52,44,57,0.20392157,0.17254902,0.22352941,dark
105,42,54,50,59,0.21176471,0.19607843,0.23137255,dark
105,43,58,51,65,0.22745098,0.2,0.25490198,dark
105,44,58,51,65,0.22745098,0.2,0.25490198,dark
105,45,58,51,65,0.22745098,0.2,0.25490198,dark
105,46,58,50,65,0.22745098,0.19607843,0.25490198,dark
105,47,56,50,64,0.21960784,0.19607843,0.2509804,dark
105,48,56,50,64,0.21960784,0.19607843,0.2509804,dark
105,49,57,51,65,0.22352941,0.2,0.25490198,dark
105,50,57,51,65,0.22352941,0.2,0.25490198,dark
105,51,32,30,43,0.1254902,0.11764706,0.16862746,dark
105,52,24,24,36,0.09411765,0.09411765,0.14117648,dark
105,53,25,24,36,0.09803922,0.09411765,0.14117648,dark
105,54,24,22,35,0.09411765,0.08627451,0.13725491,dark
105,55,41,38,51,0.16078432,0.14901961,0.2,dark
105,56,58,52,66,0.22745098,0.20392157,0.25882354,dark
105,57,57,51,65,0.22352941,0.2,0.25490198,dark
105,58,57,51,65,0.22352941,0.2,0.25490198,dark
105,59,57,51,65,0.22352941,0.2,0.25490198,dark
105,60,57,51,65,0.22352941,0.2,0.25490198,dark
105,61,57,51,65,0.22352941,0.2,0.25490198,dark
105,62,57,51,65,0.22352941,0.2,0.25490198,dark
105,63,57,51,65,0.22352941,0.2,0.25490198,dark
105,64,57,51,65,0.22352941,0.2,0.25490198,dark
105,65,57,51,65,0.22352941,0.2,0.25490198,dark
105,66,57,51,65,0.22352941,0.2,0.25490198,dark
105,67,58,52,66,0.22745098,0.20392157,0.25882354,dark
105,68,33,32,44,0.12941177,0.1254902,0.17254902,dark
105,69,24,24,36,0.09411765,0.09411765,0.14117648,dark
105,70,25,25,37,0.09803922,0.09803922,0.14509805,dark
105,71,25,25,37,0.09803922,0.09803922,0.14509805,dark
105,72,23,23,35,0.09019608,0.09019608,0.13725491,dark
105,73,21,20,33,0.08235294,0.078431375,0.12941177,dark
105,74,21,21,33,0.08235294,0.08235294,0.12941177,dark
105,75,21,21,33,0.08235294,0.08235294,0.12941177,dark
105,76,21,21,33,0.08235294,0.08235294,0.12941177,dark
105,77,20,20,33,0.078431375,0.078431375,0.12941177,dark
105,78,26,24,37,0.101960786,0.09411765,0.14509805,dark
105,79,55,50,64,0.21568628,0.19607843,0.2509804,dark
105,80,58,51,65,0.22745098,0.2,0.25490198,dark
105,81,57,49,64,0.22352941,0.19215687,0.2509804,dark
105,82,57,50,64,0.22352941,0.19607843,0.2509804,dark
105,83,56,50,64,0.21960784,0.19607843,0.2509804,dark
105,84,56,50,64,0.21960784,0.19607843,0.2509804,dark
105,85,56,50,64,0.21960784,0.19607843,0.2509804,dark
105,86,57,49,64,0.22352941,0.19215687,0.2509804,dark
105,87,57,50,65,0.22352941,0.19607843,0.25490198,dark
105,88,58,52,66,0.22745098,0.20392157,0.25882354,dark
105,89,44,39,53,0.17254902,0.15294118,0.20784314,dark
105,90,24,22,35,0.09411765,0.08627451,0.13725491,dark
105,91,24,24,36,0.09411765,0.09411765,0.14117648,dark
105,92,25,25,37,0.09803922,0.09803922,0.14509805,dark
105,93,25,25,37,0.09803922,0.09803922,0.14509805,dark
105,94,24,25,37,0.09411765,0.09803922,0.14509805,dark
105,95,28,26,39,0.10980392,0.101960786,0.15294118,dark
105,96,53,49,63,0.20784314,0.19215687,0.24705882,dark
105,97,57,51,65,0.22352941,0.2,0.25490198,dark
105,98,56,50,64,0.21960784,0.19607843,0.2509804,dark
105,99,56,50,64,0.21960784,0.19607843,0.2509804,dark
105,100,56,50,64,0.21960784,0.19607843,0.2509804,dark
105,101,56,50,64,0.21960784,0.19607843,0.2509804,dark
105,102,56,50,64,0.21960784,0.19607843,0.2509804,dark
105,103,56,50,64,0.21960784,0.19607843,0.2509804,dark
105,104,56,50,64,0.21960784,0.19607843,0.2509804,dark
105,105,57,49,63,0.22352941,0.19215687,0.24705882,dark
105,106,53,47,61,0.20784314,0.18431373,0.23921569,dark
105,107,41,37,51,0.16078432,0.14509805,0.2,dark
105,108,92,89,97,0.36078432,0.34901962,0.38039216,mid
105,109,255,255,255,1.0,1.0,1.0,light
105,110,254,255,254,0.99607843,1.0,0.99607843,light
105,111,255,255,255,1.0,1.0,1.0,light
105,112,255,255,255,1.0,1.0,1.0,light
105,113,255,255,255,1.0,1.0,1.0,light
105,114,255,255,255,1.0,1.0,1.0,light
105,115,255,255,255,1.0,1.0,1.0,light
105,116,255,255,255,1.0,1.0,1.0,light
105,117,255,255,255,1.0,1.0,1.0,light
105,118,255,255,255,1.0,1.0,1.0,light
105,119,255,255,255,1.0,1.0,1.0,light
105,120,255,255,255,1.0,1.0,1.0,light
105,121,255,255,255,1.0,1.0,1.0,light
105,122,255,255,255,1.0,1.0,1.0,light
105,123,255,255,255,1.0,1.0,1.0,light
105,124,255,255,255,1.0,1.0,1.0,light
105,125,255,255,255,1.0,1.0,1.0,light
105,126,255,255,255,1.0,1.0,1.0,light
105,127,255,255,255,1.0,1.0,1.0,light
106,0,255,255,255,1.0,1.0,1.0,light
106,1,255,255,255,1.0,1.0,1.0,light
106,2,255,255,255,1.0,1.0,1.0,light
106,3,255,255,255,1.0,1.0,1.0,light
106,4,255,255,255,1.0,1.0,1.0,light
106,5,255,255,255,1.0,1.0,1.0,light
106,6,255,255,255,1.0,1.0,1.0,light
106,7,255,255,255,1.0,1.0,1.0,light
106,8,255,255,255,1.0,1.0,1.0,light
106,9,255,255,255,1.0,1.0,1.0,light
106,10,255,255,255,1.0,1.0,1.0,light
106,11,255,255,255,1.0,1.0,1.0,light
106,12,255,255,255,1.0,1.0,1.0,light
106,13,255,255,255,1.0,1.0,1.0,light
106,14,255,255,255,1.0,1.0,1.0,light
106,15,255,255,255,1.0,1.0,1.0,light
106,16,255,255,255,1.0,1.0,1.0,light
106,17,255,255,255,1.0,1.0,1.0,light
106,18,255,255,255,1.0,1.0,1.0,light
106,19,255,255,255,1.0,1.0,1.0,light
106,20,255,255,255,1.0,1.0,1.0,light
106,21,255,255,255,1.0,1.0,1.0,light
106,22,255,255,255,1.0,1.0,1.0,light
106,23,255,255,255,1.0,1.0,1.0,light
106,24,255,255,255,1.0,1.0,1.0,light
106,25,194,194,195,0.7607843,0.7607843,0.7647059,light
106,26,96,96,102,0.3764706,0.3764706,0.4,mid
106,27,81,81,88,0.31764707,0.31764707,0.34509805,dark
106,28,23,23,34,0.09019608,0.09019608,0.13333334,dark
106,29,25,25,37,0.09803922,0.09803922,0.14509805,dark
106,30,25,25,37,0.09803922,0.09803922,0.14509805,dark
106,31,26,26,38,0.101960786,0.101960786,0.14901961,dark
106,32,43,41,54,0.16862746,0.16078432,0.21176471,dark
106,33,46,41,55,0.18039216,0.16078432,0.21568628,dark
106,34,45,42,55,0.1764706,0.16470589,0.21568628,dark
106,35,44,42,55,0.17254902,0.16470589,0.21568628,dark
106,36,44,42,55,0.17254902,0.16470589,0.21568628,dark
106,37,43,39,53,0.16862746,0.15294118,0.20784314,dark
106,38,81,71,89,0.31764707,0.2784314,0.34901962,dark
106,39,110,95,116,0.43137255,0.37254903,0.45490196,mid
106,40,79,67,85,0.30980393,0.2627451,0.33333334,dark
106,41,43,38,52,0.16862746,0.14901961,0.20392157,dark
106,42,47,45,57,0.18431373,0.1764706,0.22352941,dark
106,43,56,50,64,0.21960784,0.19607843,0.2509804,dark
106,44,56,50,64,0.21960784,0.19607843,0.2509804,dark
106,45,56,50,64,0.21960784,0.19607843,0.2509804,dark
106,46,56,50,64,0.21960784,0.19607843,0.2509804,dark
106,47,56,50,64,0.21960784,0.19607843,0.2509804,dark
106,48,56,50,64,0.21960784,0.19607843,0.2509804,dark
106,49,56,50,64,0.21960784,0.19607843,0.2509804,dark
106,50,56,50,64,0.21960784,0.19607843,0.2509804,dark
106,51,32,30,43,0.1254902,0.11764706,0.16862746,dark
106,52,24,24,36,0.09411765,0.09411765,0.14117648,dark
106,53,25,25,37,0.09803922,0.09803922,0.14509805,dark
106,54,24,24,36,0.09411765,0.09411765,0.14117648,dark
106,55,36,33,46,0.14117648,0.12941177,0.18039216,dark
106,56,46,42,56,0.18039216,0.16470589,0.21960784,dark
106,57,44,42,55,0.17254902,0.16470589,0.21568628,dark
106,58,44,42,55,0.17254902,0.16470589,0.21568628,dark
106,59,44,42,55,0.17254902,0.16470589,0.21568628,dark
106,60,44,42,55,0.17254902,0.16470589,0.21568628,dark
106,61,44,42,55,0.17254902,0.16470589,0.21568628,dark
106,62,44,42,55,0.17254902,0.16470589,0.21568628,dark
106,63,44,42,55,0.17254902,0.16470589,0.21568628,dark
106,64,44,42,55,0.17254902,0.16470589,0.21568628,dark
106,65,44,42,55,0.17254902,0.16470589,0.21568628,dark
106,66,44,42,55,0.17254902,0.16470589,0.21568628,dark
106,67,45,42,56,0.1764706,0.16470589,0.21960784,dark
106,68,30,30,42,0.11764706,0.11764706,0.16470589,dark
106,69,24,24,36,0.09411765,0.09411765,0.14117648,dark
106,70,25,25,37,0.09803922,0.09803922,0.14509805,dark
106,71,25,25,37,0.09803922,0.09803922,0.14509805,dark
106,72,25,25,37,0.09803922,0.09803922,0.14509805,dark
106,73,25,25,37,0.09803922,0.09803922,0.14509805,dark
106,74,25,25,37,0.09803922,0.09803922,0.14509805,dark
106,75,25,25,37,0.09803922,0.09803922,0.14509805,dark
106,76,25,25,37,0.09803922,0.09803922,0.14509805,dark
106,77,25,24,37,0.09803922,0.09411765,0.14509805,dark
106,78,30,27,40,0.11764706,0.105882354,0.15686275,dark
106,79,53,49,63,0.20784314,0.19215687,0.24705882,dark
106,80,56,50,64,0.21960784,0.19607843,0.2509804,dark
106,81,56,50,64,0.21960784,0.19607843,0.2509804,dark
106,82,56,50,64,0.21960784,0.19607843,0.2509804,dark
106,83,56,50,64,0.21960784,0.19607843,0.2509804,dark
106,84,56,50,64,0.21960784,0.19607843,0.2509804,dark
106,85,57,49,64,0.22352941,0.19215687,0.2509804,dark
106,86,56,50,64,0.21960784,0.19607843,0.2509804,dark
106,87,50,45,59,0.19607843,0.1764706,0.23137255,dark
106,88,46,41,55,0.18039216,0.16078432,0.21568628,dark
106,89,37,35,48,0.14509805,0.13725491,0.1882353,dark
106,90,25,24,36,0.09803922,0.09411765,0.14117648,dark
106,91,25,25,37,0.09803922,0.09803922,0.14509805,dark
106,92,25,25,37,0.09803922,0.09803922,0.14509805,dark
106,93,25,25,37,0.09803922,0.09803922,0.14509805,dark
106,94,25,25,37,0.09803922,0.09803922,0.14509805,dark
106,95,28,26,39,0.10980392,0.101960786,0.15294118,dark
106,96,52,48,62,0.20392157,0.1882353,0.24313726,dark
106,97,56,50,64,0.21960784,0.19607843,0.2509804,dark
106,98,56,50,64,0.21960784,0.19607843,0.2509804,dark
106,99,56,50,64,0.21960784,0.19607843,0.2509804,dark
106,100,56,50,64,0.21960784,0.19607843,0.2509804,dark
106,101,56,50,64,0.21960784,0.19607843,0.2509804,dark
106,102,56,50,64,0.21960784,0.19607843,0.2509804,dark
106,103,56,50,64,0.21960784,0.19607843,0.2509804,dark
106,104,56,50,64,0.21960784,0.19607843,0.2509804,dark
106,105,57,50,64,0.22352941,0.19607843,0.2509804,dark
106,106,52,47,61,0.20392157,0.18431373,0.23921569,dark
106,107,38,36,49,0.14901961,0.14117648,0.19215687,dark
106,108,90,88,96,0.3529412,0.34509805,0.3764706,mid
106,109,255,255,255,1.0,1.0,1.0,light
106,110,255,255,254,1.0,1.0,0.99607843,light
106,111,255,255,255,1.0,1.0,1.0,light
106,112,255,255,255,1.0,1.0,1.0,light
106,113,255,255,255,1.0,1.0,1.0,light
106,114,255,255,255,1.0,1.0,1.0,light
106,115,255,255,255,1.0,1.0,1.0,light
106,116,255,255,255,1.0,1.0,1.0,light
106,117,255,255,255,1.0,1.0,1.0,light
106,118,255,255,255,1.0,1.0,1.0,light
106,119,255,255,255,1.0,1.0,1.0,light
106,120,255,255,255,1.0,1.0,1.0,light
106,121,255,255,255,1.0,1.0,1.0,light
106,122,255,255,255,1.0,1.0,1.0,light
106,123,255,255,255,1.0,1.0,1.0,light
106,124,255,255,255,1.0,1.0,1.0,light
106,125,255,255,255,1.0,1.0,1.0,light
106,126,255,255,255,1.0,1.0,1.0,light
106,127,255,255,255,1.0,1.0,1.0,light
107,0,255,255,255,1.0,1.0,1.0,light
107,1,255,255,255,1.0,1.0,1.0,light
107,2,255,255,255,1.0,1.0,1.0,light
107,3,255,255,255,1.0,1.0,1.0,light
107,4,255,255,255,1.0,1.0,1.0,light
107,5,255,255,255,1.0,1.0,1.0,light
107,6,255,255,255,1.0,1.0,1.0,light
107,7,255,255,255,1.0,1.0,1.0,light
107,8,255,255,255,1.0,1.0,1.0,light
107,9,255,255,255,1.0,1.0,1.0,light
107,10,255,255,255,1.0,1.0,1.0,light
107,11,255,255,255,1.0,1.0,1.0,light
107,12,255,255,255,1.0,1.0,1.0,light
107,13,255,255,255,1.0,1.0,1.0,light
107,14,255,255,255,1.0,1.0,1.0,light
107,15,255,255,255,1.0,1.0,1.0,light
107,16,255,255,255,1.0,1.0,1.0,light
107,17,255,255,255,1.0,1.0,1.0,light
107,18,255,255,255,1.0,1.0,1.0,light
107,19,255,255,255,1.0,1.0,1.0,light
107,20,255,255,255,1.0,1.0,1.0,light
107,21,255,255,255,1.0,1.0,1.0,light
107,22,255,255,255,1.0,1.0,1.0,light
107,23,255,255,255,1.0,1.0,1.0,light
107,24,255,255,255,1.0,1.0,1.0,light
107,25,255,255,255,1.0,1.0,1.0,light
107,26,255,255,255,1.0,1.0,1.0,light
107,27,195,195,197,0.7647059,0.7647059,0.77254903,light
107,28,14,13,25,0.05490196,0.050980393,0.09803922,dark
107,29,19,19,31,0.07450981,0.07450981,0.12156863,dark
107,30,19,19,31,0.07450981,0.07450981,0.12156863,dark
107,31,19,19,31,0.07450981,0.07450981,0.12156863,dark
107,32,24,24,36,0.09411765,0.09411765,0.14117648,dark
107,33,24,24,36,0.09411765,0.09411765,0.14117648,dark
107,34,23,24,36,0.09019608,0.09411765,0.14117648,dark
107,35,23,24,36,0.09019608,0.09411765,0.14117648,dark
107,36,23,24,36,0.09019608,0.09411765,0.14117648,dark
107,37,24,22,34,0.09411765,0.08627451,0.13333334,dark
107,38,42,38,52,0.16470589,0.14901961,0.20392157,dark
107,39,55,50,66,0.21568628,0.19607843,0.25882354,dark
107,40,40,37,50,0.15686275,0.14509805,0.19607843,dark
107,41,22,21,34,0.08627451,0.08235294,0.13333334,dark
107,42,35,33,46,0.13725491,0.12941177,0.18039216,dark
107,43,58,52,66,0.22745098,0.20392157,0.25882354,dark
107,44,57,51,65,0.22352941,0.2,0.25490198,dark
107,45,57,51,65,0.22352941,0.2,0.25490198,dark
107,46,57,51,65,0.22352941,0.2,0.25490198,dark
107,47,57,51,65,0.22352941,0.2,0.25490198,dark
107,48,57,51,65,0.22352941,0.2,0.25490198,dark
107,49,57,51,65,0.22352941,0.2,0.25490198,dark
107,50,57,51,65,0.22352941,0.2,0.25490198,dark
107,51,32,30,43,0.1254902,0.11764706,0.16862746,dark
107,52,24,24,36,0.09411765,0.09411765,0.14117648,dark
107,53,25,25,37,0.09803922,0.09803922,0.14509805,dark
107,54,24,25,37,0.09411765,0.09803922,0.14509805,dark
107,55,25,24,37,0.09803922,0.09411765,0.14509805,dark
107,56,25,23,36,0.09803922,0.09019608,0.14117648,dark
107,57,23,24,36,0.09019608,0.09411765,0.14117648,dark
107,58,23,24,36,0.09019608,0.09411765,0.14117648,dark
107,59,23,24,36,0.09019608,0.09411765,0.14117648,dark
107,60,23,24,36,0.09019608,0.09411765,0.14117648,dark
107,61,23,24,36,0.09019608,0.09411765,0.14117648,dark
107,62,23,24,36,0.09019608,0.09411765,0.14117648,dark
107,63,23,24,36,0.09019608,0.09411765,0.14117648,dark
107,64,23,24,36,0.09019608,0.09411765,0.14117648,dark
107,65,23,24,36,0.09019608,0.09411765,0.14117648,dark
107,66,23,24,36,0.09019608,0.09411765,0.14117648,dark
107,67,23,24,36,0.09019608,0.09411765,0.14117648,dark
107,68,24,25,37,0.09411765,0.09803922,0.14509805,dark
107,69,25,25,37,0.09803922,0.09803922,0.14509805,dark
107,70,25,25,37,0.09803922,0.09803922,0.14509805,dark
107,71,25,25,37,0.09803922,0.09803922,0.14509805,dark
107,72,25,25,37,0.09803922,0.09803922,0.14509805,dark
107,73,25,25,37,0.09803922,0.09803922,0.14509805,dark
107,74,25,25,37,0.09803922,0.09803922,0.14509805,dark
107,75,25,25,37,0.09803922,0.09803922,0.14509805,dark
107,76,25,25,37,0.09803922,0.09803922,0.14509805,dark
107,77,25,24,37,0.09803922,0.09411765,0.14509805,dark
107,78,30,27,40,0.11764706,0.105882354,0.15686275,dark
107,79,54,50,64,0.21176471,0.19607843,0.2509804,dark
107,80,57,51,65,0.22352941,0.2,0.25490198,dark
107,81,57,51,65,0.22352941,0.2,0.25490198,dark
107,82,57,51,65,0.22352941,0.2,0.25490198,dark
107,83,57,51,65,0.22352941,0.2,0.25490198,dark
107,84,57,51,65,0.22352941,0.2,0.25490198,dark
107,85,58,50,65,0.22745098,0.19607843,0.25490198,dark
107,86,57,52,66,0.22352941,0.20392157,0.25882354,dark
107,87,37,37,50,0.14509805,0.14509805,0.19607843,dark
107,88,24,22,35,0.09411765,0.08627451,0.13725491,dark
107,89,25,24,36,0.09803922,0.09411765,0.14117648,dark
107,90,24,25,37,0.09411765,0.09803922,0.14509805,dark
107,91,25,25,37,0.09803922,0.09803922,0.14509805,dark
107,92,25,25,37,0.09803922,0.09803922,0.14509805,dark
107,93,25,25,37,0.09803922,0.09803922,0.14509805,dark
107,94,25,25,37,0.09803922,0.09803922,0.14509805,dark
107,95,28,26,39,0.10980392,0.101960786,0.15294118,dark
107,96,53,49,63,0.20784314,0.19215687,0.24705882,dark
107,97,57,51,65,0.22352941,0.2,0.25490198,dark
107,98,57,51,65,0.22352941,0.2,0.25490198,dark
107,99,57,51,65,0.22352941,0.2,0.25490198,dark
107,100,57,51,65,0.22352941,0.2,0.25490198,dark
107,101,57,51,65,0.22352941,0.2,0.25490198,dark
107,102,57,51,65,0.22352941,0.2,0.25490198,dark
107,103,57,51,65,0.22352941,0.2,0.25490198,dark
107,104,57,51,65,0.22352941,0.2,0.25490198,dark
107,105,57,52,66,0.22352941,0.20392157,0.25882354,dark
107,106,44,42,55,0.17254902,0.16470589,0.21568628,dark
107,107,17,17,29,0.06666667,0.06666667,0.11372549,dark
107,108,73,74,81,0.28627452,0.2901961,0.31764707,dark
107,109,255,255,255,1.0,1.0,1.0,light
107,110,255,255,254,1.0,1.0,0.99607843,light
107,111,255,255,255,1.0,1.0,1.0,light
107,112,255,255,255,1.0,1.0,1.0,light
107,113,255,255,255,1.0,1.0,1.0,light
107,114,255,255,255,1.0,1.0,1.0,light
107,115,255,255,255,1.0,1.0,1.0,light
107,116,255,255,255,1.0,1.0,1.0,light
107,117,255,255,255,1.0,1.0,1.0,light
107,118,255,255,255,1.0,1.0,1.0,light
107,119,255,255,255,1.0,1.0,1.0,light
107,120,255,255,255,1.0,1.0,1.0,light
107,121,255,255,255,1.0,1.0,1.0,light
107,122,255,255,255,1.0,1.0,1.0,light
107,123,255,255,255,1.0,1.0,1.0,light
107,124,255,255,255,1.0,1.0,1.0,light
107,125,255,255,255,1.0,1.0,1.0,light
107,126,255,255,255,1.0,1.0,1.0,light
107,127,255,255,255,1.0,1.0,1.0,light
108,0,255,255,255,1.0,1.0,1.0,light
108,1,255,255,255,1.0,1.0,1.0,light
108,2,255,255,255,1.0,1.0,1.0,light
108,3,255,255,255,1.0,1.0,1.0,light
108,4,255,255,255,1.0,1.0,1.0,light
108,5,255,255,255,1.0,1.0,1.0,light
108,6,255,255,255,1.0,1.0,1.0,light
108,7,255,255,255,1.0,1.0,1.0,light
108,8,255,255,255,1.0,1.0,1.0,light
108,9,255,255,255,1.0,1.0,1.0,light
108,10,255,255,255,1.0,1.0,1.0,light
108,11,255,255,255,1.0,1.0,1.0,light
108,12,255,255,255,1.0,1.0,1.0,light
108,13,255,255,255,1.0,1.0,1.0,light
108,14,255,255,255,1.0,1.0,1.0,light
108,15,255,255,255,1.0,1.0,1.0,light
108,16,255,255,255,1.0,1.0,1.0,light
108,17,255,255,255,1.0,1.0,1.0,light
108,18,255,255,255,1.0,1.0,1.0,light
108,19,255,255,255,1.0,1.0,1.0,light
108,20,255,255,255,1.0,1.0,1.0,light
108,21,255,255,255,1.0,1.0,1.0,light
108,22,255,255,255,1.0,1.0,1.0,light
108,23,255,255,255,1.0,1.0,1.0,light
108,24,255,255,255,1.0,1.0,1.0,light
108,25,255,255,254,1.0,1.0,0.99607843,light
108,26,255,255,255,1.0,1.0,1.0,light
108,27,204,204,205,0.8,0.8,0.8039216,light
108,28,71,70,77,0.2784314,0.27450982,0.3019608,dark
108,29,75,74,82,0.29411766,0.2901961,0.32156864,dark
108,30,76,75,82,0.29803923,0.29411766,0.32156864,dark
108,31,71,71,78,0.2784314,0.2784314,0.30588236,dark
108,32,29,28,41,0.11372549,0.10980392,0.16078432,dark
108,33,24,24,36,0.09411765,0.09411765,0.14117648,dark
108,34,25,25,37,0.09803922,0.09803922,0.14509805,dark
108,35,25,25,37,0.09803922,0.09803922,0.14509805,dark
108,36,25,25,37,0.09803922,0.09803922,0.14509805,dark
108,37,24,24,36,0.09411765,0.09411765,0.14117648,dark
108,38,39,37,49,0.15294118,0.14509805,0.19215687,dark
108,39,50,46,60,0.19607843,0.18039216,0.23529412,dark
108,40,37,36,48,0.14509805,0.14117648,0.1882353,dark
108,41,23,24,36,0.09019608,0.09411765,0.14117648,dark
108,42,32,32,44,0.1254902,0.1254902,0.17254902,dark
108,43,49,45,59,0.19215687,0.1764706,0.23137255,dark
108,44,48,44,58,0.1882353,0.17254902,0.22745098,dark
108,45,48,44,58,0.1882353,0.17254902,0.22745098,dark
108,46,48,44,58,0.1882353,0.17254902,0.22745098,dark
108,47,48,44,58,0.1882353,0.17254902,0.22745098,dark
108,48,48,44,58,0.1882353,0.17254902,0.22745098,dark
108,49,48,44,58,0.1882353,0.17254902,0.22745098,dark
108,50,48,44,58,0.1882353,0.17254902,0.22745098,dark
108,51,30,29,42,0.11764706,0.11372549,0.16470589,dark
108,52,24,24,36,0.09411765,0.09411765,0.14117648,dark
108,53,25,25,37,0.09803922,0.09803922,0.14509805,dark
108,54,25,25,37,0.09803922,0.09803922,0.14509805,dark
108,55,25,25,37,0.09803922,0.09803922,0.14509805,dark
108,56,25,25,37,0.09803922,0.09803922,0.14509805,dark
108,57,25,25,37,0.09803922,0.09803922,0.14509805,dark
108,58,25,25,37,0.09803922,0.09803922,0.14509805,dark
108,59,25,25,37,0.09803922,0.09803922,0.14509805,dark
108,60,25,25,37,0.09803922,0.09803922,0.14509805,dark
108,61,25,25,37,0.09803922,0.09803922,0.14509805,dark
108,62,25,25,37,0.09803922,0.09803922,0.14509805,dark
108,63,25,25,37,0.09803922,0.09803922,0.14509805,dark
108,64,25,25,37,0.09803922,0.09803922,0.14509805,dark
108,65,25,25,37,0.09803922,0.09803922,0.14509805,dark
108,66,25,25,37,0.09803922,0.09803922,0.14509805,dark
108,67,25,25,37,0.09803922,0.09803922,0.14509805,dark
108,68,25,25,37,0.09803922,0.09803922,0.14509805,dark
108,69,25,25,37,0.09803922,0.09803922,0.14509805,dark
108,70,25,25,37,0.09803922,0.09803922,0.14509805,dark
108,71,25,25,37,0.09803922,0.09803922,0.14509805,dark
108,72,25,25,37,0.09803922,0.09803922,0.14509805,dark
108,73,25,25,37,0.09803922,0.09803922,0.14509805,dark
108,74,25,25,37,0.09803922,0.09803922,0.14509805,dark
108,75,25,25,37,0.09803922,0.09803922,0.14509805,dark
108,76,25,25,37,0.09803922,0.09803922,0.14509805,dark
108,77,25,25,37,0.09803922,0.09803922,0.14509805,dark
108,78,28,28,40,0.10980392,0.10980392,0.15686275,dark
108,79,46,44,57,0.18039216,0.17254902,0.22352941,dark
108,80,48,44,58,0.1882353,0.17254902,0.22745098,dark
108,81,48,44,58,0.1882353,0.17254902,0.22745098,dark
108,82,48,44,58,0.1882353,0.17254902,0.22745098,dark
108,83,48,44,58,0.1882353,0.17254902,0.22745098,dark
108,84,48,44,58,0.1882353,0.17254902,0.22745098,dark
108,85,50,43,58,0.19607843,0.16862746,0.22745098,dark
108,86,50,45,59,0.19607843,0.1764706,0.23137255,dark
108,87,34,35,47,0.13333334,0.13725491,0.18431373,dark
108,88,24,24,36,0.09411765,0.09411765,0.14117648,dark
108,89,25,25,37,0.09803922,0.09803922,0.14509805,dark
108,90,25,25,37,0.09803922,0.09803922,0.14509805,dark
108,91,25,25,37,0.09803922,0.09803922,0.14509805,dark
108,92,25,25,37,0.09803922,0.09803922,0.14509805,dark
108,93,25,25,37,0.09803922,0.09803922,0.14509805,dark
108,94,25,25,37,0.09803922,0.09803922,0.14509805,dark
108,95,27,27,39,0.105882354,0.105882354,0.15294118,dark
108,96,45,44,56,0.1764706,0.17254902,0.21960784,dark
108,97,48,44,58,0.1882353,0.17254902,0.22745098,dark
108,98,48,44,58,0.1882353,0.17254902,0.22745098,dark
108,99,48,44,58,0.1882353,0.17254902,0.22745098,dark
108,100,48,44,58,0.1882353,0.17254902,0.22745098,dark
108,101,48,44,58,0.1882353,0.17254902,0.22745098,dark
108,102,48,44,58,0.1882353,0.17254902,0.22745098,dark
108,103,48,44,58,0.1882353,0.17254902,0.22745098,dark
108,104,48,44,58,0.1882353,0.17254902,0.22745098,dark
108,105,49,45,59,0.19215687,0.1764706,0.23137255,dark
108,106,39,39,51,0.15294118,0.15294118,0.2,dark
108,107,16,18,30,0.0627451,0.07058824,0.11764706,dark
108,108,72,75,82,0.28235295,0.29411766,0.32156864,dark
108,109,255,255,255,1.0,1.0,1.0,light
108,110,255,255,254,1.0,1.0,0.99607843,light
108,111,255,255,255,1.0,1.0,1.0,light
108,112,255,255,255,1.0,1.0,1.0,light
108,113,255,255,255,1.0,1.0,1.0,light
108,114,255,255,255,1.0,1.0,1.0,light
108,115,255,255,255,1.0,1.0,1.0,light
108,116,255,255,255,1.0,1.0,1.0,light
108,117,255,255,255,1.0,1.0,1.0,light
108,118,255,255,255,1.0,1.0,1.0,light
108,119,255,255,255,1.0,1.0,1.0,light
108,120,255,255,255,1.0,1.0,1.0,light
108,121,255,255,255,1.0,1.0,1.0,light
108,122,255,255,255,1.0,1.0,1.0,light
108,123,255,255,255,1.0,1.0,1.0,light
108,124,255,255,255,1.0,1.0,1.0,light
108,125,255,255,255,1.0,1.0,1.0,light
108,126,255,255,255,1.0,1.0,1.0,light
108,127,255,255,255,1.0,1.0,1.0,light
109,0,255,255,255,1.0,1.0,1.0,light
109,1,255,255,255,1.0,1.0,1.0,light
109,2,255,255,255,1.0,1.0,1.0,light
109,3,255,255,255,1.0,1.0,1.0,light
109,4,255,255,255,1.0,1.0,1.0,light
109,5,255,255,255,1.0,1.0,1.0,light
109,6,255,255,255,1.0,1.0,1.0,light
109,7,255,255,255,1.0,1.0,1.0,light
109,8,255,255,255,1.0,1.0,1.0,light
109,9,255,255,255,1.0,1.0,1.0,light
109,10,255,255,255,1.0,1.0,1.0,light
109,11,255,255,255,1.0,1.0,1.0,light
109,12,255,255,255,1.0,1.0,1.0,light
109,13,255,255,255,1.0,1.0,1.0,light
109,14,255,255,255,1.0,1.0,1.0,light
109,15,255,255,255,1.0,1.0,1.0,light
109,16,255,255,255,1.0,1.0,1.0,light
109,17,255,255,255,1.0,1.0,1.0,light
109,18,255,255,255,1.0,1.0,1.0,light
109,19,255,255,255,1.0,1.0,1.0,light
109,20,255,255,255,1.0,1.0,1.0,light
109,21,255,255,255,1.0,1.0,1.0,light
109,22,255,255,255,1.0,1.0,1.0,light
109,23,255,255,255,1.0,1.0,1.0,light
109,24,255,255,255,1.0,1.0,1.0,light
109,25,255,255,255,1.0,1.0,1.0,light
109,26,255,255,255,1.0,1.0,1.0,light
109,27,254,254,254,0.99607843,0.99607843,0.99607843,light
109,28,255,255,255,1.0,1.0,1.0,light
109,29,255,255,255,1.0,1.0,1.0,light
109,30,255,255,255,1.0,1.0,1.0,light
109,31,236,237,237,0.9254902,0.92941177,0.92941177,light
109,32,39,39,49,0.15294118,0.15294118,0.19215687,dark
109,33,18,18,30,0.07058824,0.07058824,0.11764706,dark
109,34,21,21,33,0.08235294,0.08235294,0.12941177,dark
109,35,21,21,33,0.08235294,0.08235294,0.12941177,dark
109,36,21,21,33,0.08235294,0.08235294,0.12941177,dark
109,37,21,21,33,0.08235294,0.08235294,0.12941177,dark
109,38,21,21,33,0.08235294,0.08235294,0.12941177,dark
109,39,21,20,33,0.08235294,0.078431375,0.12941177,dark
109,40,22,20,33,0.08627451,0.078431375,0.12941177,dark
109,41,20,21,33,0.078431375,0.08235294,0.12941177,dark
109,42,20,21,33,0.078431375,0.08235294,0.12941177,dark
109,43,22,20,33,0.08627451,0.078431375,0.12941177,dark
109,44,22,20,33,0.08627451,0.078431375,0.12941177,dark
109,45,22,20,33,0.08627451,0.078431375,0.12941177,dark
109,46,22,20,33,0.08627451,0.078431375,0.12941177,dark
109,47,22,20,33,0.08627451,0.078431375,0.12941177,dark
109,48,22,20,33,0.08627451,0.078431375,0.12941177,dark
109,49,22,20,33,0.08627451,0.078431375,0.12941177,dark
109,50,22,20,33,0.08627451,0.078431375,0.12941177,dark
109,51,21,21,33,0.08235294,0.08235294,0.12941177,dark
109,52,21,21,33,0.08235294,0.08235294,0.12941177,dark
109,53,21,21,33,0.08235294,0.08235294,0.12941177,dark
109,54,21,21,33,0.08235294,0.08235294,0.12941177,dark
109,55,21,21,33,0.08235294,0.08235294,0.12941177,dark
109,56,21,21,33,0.08235294,0.08235294,0.12941177,dark
109,57,21,21,33,0.08235294,0.08235294,0.12941177,dark
109,58,21,21,33,0.08235294,0.08235294,0.12941177,dark
109,59,21,21,33,0.08235294,0.08235294,0.12941177,dark
109,60,21,21,33,0.08235294,0.08235294,0.12941177,dark
109,61,21,21,33,0.08235294,0.08235294,0.12941177,dark
109,62,21,21,33,0.08235294,0.08235294,0.12941177,dark
109,63,21,21,33,0.08235294,0.08235294,0.12941177,dark
109,64,21,21,33,0.08235294,0.08235294,0.12941177,dark
109,65,21,21,33,0.08235294,0.08235294,0.12941177,dark
109,66,21,21,33,0.08235294,0.08235294,0.12941177,dark
109,67,21,21,33,0.08235294,0.08235294,0.12941177,dark
109,68,21,21,33,0.08235294,0.08235294,0.12941177,dark
109,69,21,21,33,0.08235294,0.08235294,0.12941177,dark
109,70,21,21,33,0.08235294,0.08235294,0.12941177,dark
109,71,21,21,33,0.08235294,0.08235294,0.12941177,dark
109,72,21,21,33,0.08235294,0.08235294,0.12941177,dark
109,73,21,21,33,0.08235294,0.08235294,0.12941177,dark
109,74,21,21,33,0.08235294,0.08235294,0.12941177,dark
109,75,21,21,33,0.08235294,0.08235294,0.12941177,dark
109,76,21,21,33,0.08235294,0.08235294,0.12941177,dark
109,77,21,21,33,0.08235294,0.08235294,0.12941177,dark
109,78,21,21,33,0.08235294,0.08235294,0.12941177,dark
109,79,21,20,33,0.08235294,0.078431375,0.12941177,dark
109,80,22,20,33,0.08627451,0.078431375,0.12941177,dark
109,81,22,20,33,0.08627451,0.078431375,0.12941177,dark
109,82,22,20,33,0.08627451,0.078431375,0.12941177,dark
109,83,22,20,33,0.08627451,0.078431375,0.12941177,dark
109,84,22,20,33,0.08627451,0.078431375,0.12941177,dark
109,85,22,19,33,0.08627451,0.07450981,0.12941177,dark
109,86,21,20,33,0.08235294,0.078431375,0.12941177,dark
109,87,19,21,33,0.07450981,0.08235294,0.12941177,dark
109,88,21,21,33,0.08235294,0.08235294,0.12941177,dark
109,89,21,21,33,0.08235294,0.08235294,0.12941177,dark
109,90,21,21,33,0.08235294,0.08235294,0.12941177,dark
109,91,21,21,33,0.08235294,0.08235294,0.12941177,dark
109,92,21,21,33,0.08235294,0.08235294,0.12941177,dark
109,93,21,21,33,0.08235294,0.08235294,0.12941177,dark
109,94,21,21,33,0.08235294,0.08235294,0.12941177,dark
109,95,21,21,33,0.08235294,0.08235294,0.12941177,dark
109,96,21,21,33,0.08235294,0.08235294,0.12941177,dark
109,97,22,20,33,0.08627451,0.078431375,0.12941177,dark
109,98,22,20,33,0.08627451,0.078431375,0.12941177,dark
109,99,22,20,33,0.08627451,0.078431375,0.12941177,dark
109,100,22,20,33,0.08627451,0.078431375,0.12941177,dark
109,101,22,20,33,0.08627451,0.078431375,0.12941177,dark
109,102,22,20,33,0.08627451,0.078431375,0.12941177,dark
109,103,22,20,33,0.08627451,0.078431375,0.12941177,dark
109,104,22,20,33,0.08627451,0.078431375,0.12941177,dark
109,105,21,20,33,0.08235294,0.078431375,0.12941177,dark
109,106,21,21,33,0.08235294,0.08235294,0.12941177,dark
109,107,15,15,27,0.05882353,0.05882353,0.105882354,dark
109,108,70,72,79,0.27450982,0.28235295,0.30980393,dark
109,109,255,255,255,1.0,1.0,1.0,light
109,110,255,255,254,1.0,1.0,0.99607843,light
109,111,255,255,255,1.0,1.0,1.0,light
109,112,255,255,255,1.0,1.0,1.0,light
109,113,255,255,255,1.0,1.0,1.0,light
109,114,255,255,255,1.0,1.0,1.0,light
109,115,255,255,255,1.0,1.0,1.0,light
109,116,255,255,255,1.0,1.0,1.0,light
109,117,255,255,255,1.0,1.0,1.0,light
109,118,255,255,255,1.0,1.0,1.0,light
109,119,255,255,255,1.0,1.0,1.0,light
109,120,255,255,255,1.0,1.0,1.0,light
109,121,255,255,255,1.0,1.0,1.0,light
109,122,255,255,255,1.0,1.0,1.0,light
109,123,255,255,255,1.0,1.0,1.0,light
109,124,255,255,255,1.0,1.0,1.0,light
109,125,255,255,255,1.0,1.0,1.0,light
109,126,255,255,255,1.0,1.0,1.0,light
109,127,255,255,255,1.0,1.0,1.0,light
110,0,255,255,255,1.0,1.0,1.0,light
110,1,255,255,255,1.0,1.0,1.0,light
110,2,255,255,255,1.0,1.0,1.0,light
110,3,255,255,255,1.0,1.0,1.0,light
110,4,255,255,255,1.0,1.0,1.0,light
110,5,255,255,255,1.0,1.0,1.0,light
110,6,255,255,255,1.0,1.0,1.0,light
110,7,255,255,255,1.0,1.0,1.0,light
110,8,255,255,255,1.0,1.0,1.0,light
110,9,255,255,255,1.0,1.0,1.0,light
110,10,255,255,255,1.0,1.0,1.0,light
110,11,255,255,255,1.0,1.0,1.0,light
110,12,255,255,255,1.0,1.0,1.0,light
110,13,255,255,255,1.0,1.0,1.0,light
110,14,255,255,255,1.0,1.0,1.0,light
110,15,255,255,255,1.0,1.0,1.0,light
110,16,255,255,255,1.0,1.0,1.0,light
110,17,255,255,255,1.0,1.0,1.0,light
110,18,255,255,255,1.0,1.0,1.0,light
110,19,255,255,255,1.0,1.0,1.0,light
110,20,255,255,255,1.0,1.0,1.0,light
110,21,255,255,255,1.0,1.0,1.0,light
110,22,255,255,255,1.0,1.0,1.0,light
110,23,255,255,255,1.0,1.0,1.0,light
110,24,255,255,255,1.0,1.0,1.0,light
110,25,255,255,255,1.0,1.0,1.0,light
110,26,255,255,255,1.0,1.0,1.0,light
110,27,255,255,254,1.0,1.0,0.99607843,light
110,28,255,255,254,1.0,1.0,0.99607843,light
110,29,255,255,255,1.0,1.0,1.0,light
110,30,255,255,255,1.0,1.0,1.0,light
110,31,239,240,237,0.9372549,0.9411765,0.92941177,light
110,32,68,69,75,0.26666668,0.27058825,0.29411766,dark
110,33,50,50,60,0.19607843,0.19607843,0.23529412,dark
110,34,53,52,63,0.20784314,0.20392157,0.24705882,dark
110,35,53,53,63,0.20784314,0.20784314,0.24705882,dark
110,36,53,53,63,0.20784314,0.20784314,0.24705882,dark
110,37,53,52,63,0.20784314,0.20392157,0.24705882,dark
110,38,51,53,63,0.2,0.20784314,0.24705882,dark
110,39,50,53,63,0.19607843,0.20784314,0.24705882,dark
110,40,53,52,63,0.20784314,0.20392157,0.24705882,dark
110,41,52,53,63,0.20392157,0.20784314,0.24705882,dark
110,42,52,52,63,0.20392157,0.20392157,0.24705882,dark
110,43,52,52,63,0.20392157,0.20392157,0.24705882,dark
110,44,52,52,63,0.20392157,0.20392157,0.24705882,dark
110,45,52,52,63,0.20392157,0.20392157,0.24705882,dark
110,46,52,52,63,0.20392157,0.20392157,0.24705882,dark
110,47,52,52,63,0.20392157,0.20392157,0.24705882,dark
110,48,52,52,63,0.20392157,0.20392157,0.24705882,dark
110,49,52,52,63,0.20392157,0.20392157,0.24705882,dark
110,50,52,52,63,0.20392157,0.20392157,0.24705882,dark
110,51,52,53,63,0.20392157,0.20784314,0.24705882,dark
110,52,53,53,63,0.20784314,0.20784314,0.24705882,dark
110,53,53,53,63,0.20784314,0.20784314,0.24705882,dark
110,54,53,52,63,0.20784314,0.20392157,0.24705882,dark
110,55,53,52,63,0.20784314,0.20392157,0.24705882,dark
110,56,53,53,63,0.20784314,0.20784314,0.24705882,dark
110,57,53,53,63,0.20784314,0.20784314,0.24705882,dark
110,58,53,53,63,0.20784314,0.20784314,0.24705882,dark
110,59,53,52,63,0.20784314,0.20392157,0.24705882,dark
110,60,53,52,63,0.20784314,0.20392157,0.24705882,dark
110,61,53,53,63,0.20784314,0.20784314,0.24705882,dark
110,62,53,53,63,0.20784314,0.20784314,0.24705882,dark
110,63,53,53,63,0.20784314,0.20784314,0.24705882,dark
110,64,53,52,63,0.20784314,0.20392157,0.24705882,dark
110,65,53,52,63,0.20784314,0.20392157,0.24705882,dark
110,66,53,53,63,0.20784314,0.20784314,0.24705882,dark
110,67,53,53,63,0.20784314,0.20784314,0.24705882,dark
110,68,53,53,63,0.20784314,0.20784314,0.24705882,dark
110,69,53,53,63,0.20784314,0.20784314,0.24705882,dark
110,70,53,52,63,0.20784314,0.20392157,0.24705882,dark
110,71,53,52,63,0.20784314,0.20392157,0.24705882,dark
110,72,53,53,63,0.20784314,0.20784314,0.24705882,dark
110,73,53,53,63,0.20784314,0.20784314,0.24705882,dark
110,74,53,53,63,0.20784314,0.20784314,0.24705882,dark
110,75,53,52,63,0.20784314,0.20392157,0.24705882,dark
110,76,53,52,63,0.20784314,0.20392157,0.24705882,dark
110,77,53,53,63,0.20784314,0.20784314,0.24705882,dark
110,78,52,52,63,0.20392157,0.20392157,0.24705882,dark
110,79,52,52,63,0.20392157,0.20392157,0.24705882,dark
110,80,52,52,63,0.20392157,0.20392157,0.24705882,dark
110,81,52,52,63,0.20392157,0.20392157,0.24705882,dark
110,82,52,52,63,0.20392157,0.20392157,0.24705882,dark
110,83,52,52,63,0.20392157,0.20392157,0.24705882,dark
110,84,52,52,63,0.20392157,0.20392157,0.24705882,dark
110,85,51,53,63,0.2,0.20784314,0.24705882,dark
110,86,51,53,63,0.2,0.20784314,0.24705882,dark
110,87,51,52,63,0.2,0.20392157,0.24705882,dark
110,88,53,53,63,0.20784314,0.20784314,0.24705882,dark
110,89,53,53,63,0.20784314,0.20784314,0.24705882,dark
110,90,53,53,63,0.20784314,0.20784314,0.24705882,dark
110,91,53,52,63,0.20784314,0.20392157,0.24705882,dark
110,92,53,52,63,0.20784314,0.20392157,0.24705882,dark
110,93,53,53,63,0.20784314,0.20784314,0.24705882,dark
110,94,53,53,63,0.20784314,0.20784314,0.24705882,dark
110,95,52,52,63,0.20392157,0.20392157,0.24705882,dark
110,96,52,52,63,0.20392157,0.20392157,0.24705882,dark
110,97,52,52,63,0.20392157,0.20392157,0.24705882,dark
110,98,52,52,63,0.20392157,0.20392157,0.24705882,dark
110,99,52,52,63,0.20392157,0.20392157,0.24705882,dark
110,100,52,52,63,0.20392157,0.20392157,0.24705882,dark
110,101,52,52,63,0.20392157,0.20392157,0.24705882,dark
110,102,52,52,63,0.20392157,0.20392157,0.24705882,dark
110,103,52,52,63,0.20392157,0.20392157,0.24705882,dark
110,104,52,52,63,0.20392157,0.20392157,0.24705882,dark
110,105,51,53,63,0.2,0.20784314,0.24705882,dark
110,106,52,52,63,0.20392157,0.20392157,0.24705882,dark
110,107,48,46,57,0.1882353,0.18039216,0.22352941,dark
110,108,95,97,103,0.37254903,0.38039216,0.40392157,mid
110,109,255,255,255,1.0,1.0,1.0,light
110,110,255,255,254,1.0,1.0,0.99607843,light
110,111,255,255,255,1.0,1.0,1.0,light
110,112,255,255,255,1.0,1.0,1.0,light
110,113,255,255,255,1.0,1.0,1.0,light
110,114,255,255,255,1.0,1.0,1.0,light
110,115,255,255,255,1.0,1.0,1.0,light
110,116,255,255,255,1.0,1.0,1.0,light
110,117,255,255,255,1.0,1.0,1.0,light
110,118,255,255,255,1.0,1.0,1.0,light
110,119,255,255,255,1.0,1.0,1.0,light
110,120,255,255,255,1.0,1.0,1.0,light
110,121,255,255,255,1.0,1.0,1.0,light
110,122,255,255,255,1.0,1.0,1.0,light
110,123,255,255,255,1.0,1.0,1.0,light
110,124,255,255,255,1.0,1.0,1.0,light
110,125,255,255,255,1.0,1.0,1.0,light
110,126,255,255,255,1.0,1.0,1.0,light
110,127,255,255,255,1.0,1.0,1.0,light
111,0,255,255,255,1.0,1.0,1.0,light
111,1,255,255,255,1.0,1.0,1.0,light
111,2,255,255,255,1.0,1.0,1.0,light
111,3,255,255,255,1.0,1.0,1.0,light
111,4,255,255,255,1.0,1.0,1.0,light
111,5,255,255,255,1.0,1.0,1.0,light
111,6,255,255,255,1.0,1.0,1.0,light
111,7,255,255,255,1.0,1.0,1.0,light
111,8,255,255,255,1.0,1.0,1.0,light
111,9,255,255,255,1.0,1.0,1.0,light
111,10,255,255,255,1.0,1.0,1.0,light
111,11,255,255,255,1.0,1.0,1.0,light
111,12,255,255,255,1.0,1.0,1.0,light
111,13,255,255,255,1.0,1.0,1.0,light
111,14,255,255,255,1.0,1.0,1.0,light
111,15,255,255,255,1.0,1.0,1.0,light
111,16,255,255,255,1.0,1.0,1.0,light
111,17,255,255,255,1.0,1.0,1.0,light
111,18,255,255,255,1.0,1.0,1.0,light
111,19,255,255,255,1.0,1.0,1.0,light
111,20,255,255,255,1.0,1.0,1.0,light
111,21,255,255,255,1.0,1.0,1.0,light
111,22,255,255,255,1.0,1.0,1.0,light
111,23,255,255,255,1.0,1.0,1.0,light
111,24,255,255,255,1.0,1.0,1.0,light
111,25,255,255,255,1.0,1.0,1.0,light
111,26,255,255,255,1.0,1.0,1.0,light
111,27,255,255,255,1.0,1.0,1.0,light
111,28,255,255,255,1.0,1.0,1.0,light
111,29,255,255,255,1.0,1.0,1.0,light
111,30,255,255,255,1.0,1.0,1.0,light
111,31,254,254,254,0.99607843,0.99607843,0.99607843,light
111,32,246,246,246,0.9647059,0.9647059,0.9647059,light
111,33,245,245,245,0.9607843,0.9607843,0.9607843,light
111,34,245,245,245,0.9607843,0.9607843,0.9607843,light
111,35,245,245,245,0.9607843,0.9607843,0.9607843,light
111,36,245,245,245,0.9607843,0.9607843,0.9607843,light
111,37,245,245,245,0.9607843,0.9607843,0.9607843,light
111,38,245,245,245,0.9607843,0.9607843,0.9607843,light
111,39,245,245,245,0.9607843,0.9607843,0.9607843,light
111,40,245,245,245,0.9607843,0.9607843,0.9607843,light
111,41,245,245,245,0.9607843,0.9607843,0.9607843,light
111,42,245,245,245,0.9607843,0.9607843,0.9607843,light
111,43,245,245,245,0.9607843,0.9607843,0.9607843,light
111,44,245,245,245,0.9607843,0.9607843,0.9607843,light
111,45,245,245,245,0.9607843,0.9607843,0.9607843,light
111,46,245,245,245,0.9607843,0.9607843,0.9607843,light
111,47,245,245,245,0.9607843,0.9607843,0.9607843,light
111,48,245,245,245,0.9607843,0.9607843,0.9607843,light
111,49,245,245,245,0.9607843,0.9607843,0.9607843,light
111,50,245,245,245,0.9607843,0.9607843,0.9607843,light
111,51,245,245,245,0.9607843,0.9607843,0.9607843,light
111,52,245,245,245,0.9607843,0.9607843,0.9607843,light
111,53,245,245,245,0.9607843,0.9607843,0.9607843,light
111,54,245,245,245,0.9607843,0.9607843,0.9607843,light
111,55,245,245,245,0.9607843,0.9607843,0.9607843,light
111,56,245,245,245,0.9607843,0.9607843,0.9607843,light
111,57,245,245,245,0.9607843,0.9607843,0.9607843,light
111,58,245,245,245,0.9607843,0.9607843,0.9607843,light
111,59,245,245,245,0.9607843,0.9607843,0.9607843,light
111,60,245,245,245,0.9607843,0.9607843,0.9607843,light
111,61,245,245,245,0.9607843,0.9607843,0.9607843,light
111,62,245,245,245,0.9607843,0.9607843,0.9607843,light
111,63,245,245,245,0.9607843,0.9607843,0.9607843,light
111,64,245,245,245,0.9607843,0.9607843,0.9607843,light
111,65,245,245,245,0.9607843,0.9607843,0.9607843,light
111,66,245,245,245,0.9607843,0.9607843,0.9607843,light
111,67,245,245,245,0.9607843,0.9607843,0.9607843,light
111,68,245,245,245,0.9607843,0.9607843,0.9607843,light
111,69,245,245,245,0.9607843,0.9607843,0.9607843,light
111,70,245,245,245,0.9607843,0.9607843,0.9607843,light
111,71,245,245,245,0.9607843,0.9607843,0.9607843,light
111,72,245,245,245,0.9607843,0.9607843,0.9607843,light
111,73,245,245,245,0.9607843,0.9607843,0.9607843,light
111,74,245,245,245,0.9607843,0.9607843,0.9607843,light
111,75,245,245,245,0.9607843,0.9607843,0.9607843,light
111,76,245,245,245,0.9607843,0.9607843,0.9607843,light
111,77,245,245,245,0.9607843,0.9607843,0.9607843,light
111,78,245,245,245,0.9607843,0.9607843,0.9607843,light
111,79,245,245,245,0.9607843,0.9607843,0.9607843,light
111,80,245,245,245,0.9607843,0.9607843,0.9607843,light
111,81,245,245,245,0.9607843,0.9607843,0.9607843,light
111,82,245,245,245,0.9607843,0.9607843,0.9607843,light
111,83,245,245,245,0.9607843,0.9607843,0.9607843,light
111,84,245,245,245,0.9607843,0.9607843,0.9607843,light
111,85,245,245,245,0.9607843,0.9607843,0.9607843,light
111,86,245,245,245,0.9607843,0.9607843,0.9607843,light
111,87,245,245,245,0.9607843,0.9607843,0.9607843,light
111,88,245,245,245,0.9607843,0.9607843,0.9607843,light
111,89,245,245,245,0.9607843,0.9607843,0.9607843,light
111,90,245,245,245,0.9607843,0.9607843,0.9607843,light
111,91,245,245,245,0.9607843,0.9607843,0.9607843,light
111,92,245,245,245,0.9607843,0.9607843,0.9607843,light
111,93,245,245,245,0.9607843,0.9607843,0.9607843,light
111,94,245,245,245,0.9607843,0.9607843,0.9607843,light
111,95,245,245,245,0.9607843,0.9607843,0.9607843,light
111,96,245,245,245,0.9607843,0.9607843,0.9607843,light
111,97,245,245,245,0.9607843,0.9607843,0.9607843,light
111,98,245,245,245,0.9607843,0.9607843,0.9607843,light
111,99,245,245,245,0.9607843,0.9607843,0.9607843,light
111,100,245,245,245,0.9607843,0.9607843,0.9607843,light
111,101,245,245,245,0.9607843,0.9607843,0.9607843,light
111,102,245,245,245,0.9607843,0.9607843,0.9607843,light
111,103,245,245,245,0.9607843,0.9607843,0.9607843,light
111,104,245,245,245,0.9607843,0.9607843,0.9607843,light
111,105,245,245,245,0.9607843,0.9607843,0.9607843,light
111,106,245,245,245,0.9607843,0.9607843,0.9607843,light
111,107,245,244,245,0.9607843,0.95686275,0.9607843,light
111,108,247,247,247,0.96862745,0.96862745,0.96862745,light
111,109,255,255,255,1.0,1.0,1.0,light
111,110,255,255,255,1.0,1.0,1.0,light
111,111,255,255,255,1.0,1.0,1.0,light
111,112,255,255,255,1.0,1.0,1.0,light
111,113,255,255,255,1.0,1.0,1.0,light
111,114,255,255,255,1.0,1.0,1.0,light
111,115,255,255,255,1.0,1.0,1.0,light
111,116,255,255,255,1.0,1.0,1.0,light
111,117,255,255,255,1.0,1.0,1.0,light
111,118,255,255,255,1.0,1.0,1.0,light
111,119,255,255,255,1.0,1.0,1.0,light
111,120,255,255,255,1.0,1.0,1.0,light
111,121,255,255,255,1.0,1.0,1.0,light
111,122,255,255,255,1.0,1.0,1.0,light
111,123,255,255,255,1.0,1.0,1.0,light
111,124,255,255,255,1.0,1.0,1.0,light
111,125,255,255,255,1.0,1.0,1.0,light
111,126,255,255,255,1.0,1.0,1.0,light
111,127,255,255,255,1.0,1.0,1.0,light
112,0,255,255,255,1.0,1.0,1.0,light
112,1,255,255,255,1.0,1.0,1.0,light
112,2,255,255,255,1.0,1.0,1.0,light
112,3,255,255,255,1.0,1.0,1.0,light
112,4,255,255,255,1.0,1.0,1.0,light
112,5,255,255,255,1.0,1.0,1.0,light
112,6,255,255,255,1.0,1.0,1.0,light
112,7,255,255,255,1.0,1.0,1.0,light
112,8,255,255,255,1.0,1.0,1.0,light
112,9,255,255,255,1.0,1.0,1.0,light
112,10,255,255,255,1.0,1.0,1.0,light
112,11,255,255,255,1.0,1.0,1.0,light
112,12,255,255,255,1.0,1.0,1.0,light
112,13,255,255,255,1.0,1.0,1.0,light
112,14,255,255,255,1.0,1.0,1.0,light
112,15,255,255,255,1.0,1.0,1.0,light
112,16,255,255,255,1.0,1.0,1.0,light
112,17,255,255,255,1.0,1.0,1.0,light
112,18,255,255,255,1.0,1.0,1.0,light
112,19,255,255,255,1.0,1.0,1.0,light
112,20,255,255,255,1.0,1.0,1.0,light
112,21,255,255,255,1.0,1.0,1.0,light
112,22,255,255,255,1.0,1.0,1.0,light
112,23,255,255,255,1.0,1.0,1.0,light
112,24,255,255,255,1.0,1.0,1.0,light
112,25,255,255,255,1.0,1.0,1.0,light
112,26,255,255,255,1.0,1.0,1.0,light
112,27,255,255,255,1.0,1.0,1.0,light
112,28,255,255,255,1.0,1.0,1.0,light
112,29,255,255,255,1.0,1.0,1.0,light
112,30,255,255,255,1.0,1.0,1.0,light
112,31,255,255,255,1.0,1.0,1.0,light
112,32,255,255,255,1.0,1.0,1.0,light
112,33,255,255,255,1.0,1.0,1.0,light
112,34,255,255,255,1.0,1.0,1.0,light
112,35,255,255,255,1.0,1.0,1.0,light
112,36,255,255,255,1.0,1.0,1.0,light
112,37,255,255,255,1.0,1.0,1.0,light
112,38,255,255,255,1.0,1.0,1.0,light
112,39,255,255,255,1.0,1.0,1.0,light
112,40,255,255,255,1.0,1.0,1.0,light
112,41,255,255,255,1.0,1.0,1.0,light
112,42,255,255,255,1.0,1.0,1.0,light
112,43,255,255,255,1.0,1.0,1.0,light
112,44,255,255,255,1.0,1.0,1.0,light
112,45,255,255,255,1.0,1.0,1.0,light
112,46,255,255,255,1.0,1.0,1.0,light
112,47,255,255,255,1.0,1.0,1.0,light
112,48,255,255,255,1.0,1.0,1.0,light
112,49,255,255,255,1.0,1.0,1.0,light
112,50,255,255,255,1.0,1.0,1.0,light
112,51,255,255,255,1.0,1.0,1.0,light
112,52,255,255,255,1.0,1.0,1.0,light
112,53,255,255,255,1.0,1.0,1.0,light
112,54,255,255,255,1.0,1.0,1.0,light
112,55,255,255,255,1.0,1.0,1.0,light
112,56,255,255,255,1.0,1.0,1.0,light
112,57,255,255,255,1.0,1.0,1.0,light
112,58,255,255,255,1.0,1.0,1.0,light
112,59,255,255,255,1.0,1.0,1.0,light
112,60,255,255,255,1.0,1.0,1.0,light
112,61,255,255,255,1.0,1.0,1.0,light
112,62,255,255,255,1.0,1.0,1.0,light
112,63,255,255,255,1.0,1.0,1.0,light
112,64,255,255,255,1.0,1.0,1.0,light
112,65,255,255,255,1.0,1.0,1.0,light
112,66,255,255,255,1.0,1.0,1.0,light
112,67,255,255,255,1.0,1.0,1.0,light
112,68,255,255,255,1.0,1.0,1.0,light
112,69,255,255,255,1.0,1.0,1.0,light
112,70,255,255,255,1.0,1.0,1.0,light
112,71,255,255,255,1.0,1.0,1.0,light
112,72,255,255,255,1.0,1.0,1.0,light
112,73,255,255,255,1.0,1.0,1.0,light
112,74,255,255,255,1.0,1.0,1.0,light
112,75,255,255,255,1.0,1.0,1.0,light
112,76,255,255,255,1.0,1.0,1.0,light
112,77,255,255,255,1.0,1.0,1.0,light
112,78,255,255,255,1.0,1.0,1.0,light
112,79,255,255,255,1.0,1.0,1.0,light
112,80,255,255,255,1.0,1.0,1.0,light
112,81,255,255,255,1.0,1.0,1.0,light
112,82,255,255,255,1.0,1.0,1.0,light
112,83,255,255,255,1.0,1.0,1.0,light
112,84,255,255,255,1.0,1.0,1.0,light
112,85,255,255,255,1.0,1.0,1.0,light
112,86,255,255,255,1.0,1.0,1.0,light
112,87,255,255,255,1.0,1.0,1.0,light
112,88,255,255,255,1.0,1.0,1.0,light
112,89,255,255,255,1.0,1.0,1.0,light
112,90,255,255,255,1.0,1.0,1.0,light
112,91,255,255,255,1.0,1.0,1.0,light
112,92,255,255,255,1.0,1.0,1.0,light
112,93,255,255,255,1.0,1.0,1.0,light
112,94,255,255,255,1.0,1.0,1.0,light
112,95,255,255,255,1.0,1.0,1.0,light
112,96,255,255,255,1.0,1.0,1.0,light
112,97,255,255,255,1.0,1.0,1.0,light
112,98,255,255,255,1.0,1.0,1.0,light
112,99,255,255,255,1.0,1.0,1.0,light
112,100,255,255,255,1.0,1.0,1.0,light
112,101,255,255,255,1.0,1.0,1.0,light
112,102,255,255,255,1.0,1.0,1.0,light
112,103,255,255,255,1.0,1.0,1.0,light
112,104,255,255,255,1.0,1.0,1.0,light
112,105,255,255,255,1.0,1.0,1.0,light
112,106,255,255,255,1.0,1.0,1.0,light
112,107,255,255,255,1.0,1.0,1.0,light
112,108,255,255,255,1.0,1.0,1.0,light
112,109,255,255,255,1.0,1.0,1.0,light
112,110,255,255,255,1.0,1.0,1.0,light
112,111,255,255,255,1.0,1.0,1.0,light
112,112,255,255,255,1.0,1.0,1.0,light
112,113,255,255,255,1.0,1.0,1.0,light
112,114,255,255,255,1.0,1.0,1.0,light
112,115,255,255,255,1.0,1.0,1.0,light
112,116,255,255,255,1.0,1.0,1.0,light
112,117,255,255,255,1.0,1.0,1.0,light
112,118,255,255,255,1.0,1.0,1.0,light
112,119,255,255,255,1.0,1.0,1.0,light
112,120,255,255,255,1.0,1.0,1.0,light
112,121,255,255,255,1.0,1.0,1.0,light
112,122,255,255,255,1.0,1.0,1.0,light
112,123,255,255,255,1.0,1.0,1.0,light
112,124,255,255,255,1.0,1.0,1.0,light
112,125,255,255,255,1.0,1.0,1.0,light
112,126,255,255,255,1.0,1.0,1.0,light
112,127,255,255,255,1.0,1.0,1.0,light
113,0,255,255,255,1.0,1.0,1.0,light
113,1,255,255,255,1.0,1.0,1.0,light
113,2,255,255,255,1.0,1.0,1.0,light
113,3,255,255,255,1.0,1.0,1.0,light
113,4,255,255,255,1.0,1.0,1.0,light
113,5,255,255,255,1.0,1.0,1.0,light
113,6,255,255,255,1.0,1.0,1.0,light
113,7,255,255,255,1.0,1.0,1.0,light
113,8,255,255,255,1.0,1.0,1.0,light
113,9,255,255,255,1.0,1.0,1.0,light
113,10,255,255,255,1.0,1.0,1.0,light
113,11,255,255,255,1.0,1.0,1.0,light
113,12,255,255,255,1.0,1.0,1.0,light
113,13,255,255,255,1.0,1.0,1.0,light
113,14,255,255,255,1.0,1.0,1.0,light
113,15,255,255,255,1.0,1.0,1.0,light
113,16,255,255,255,1.0,1.0,1.0,light
113,17,255,255,255,1.0,1.0,1.0,light
113,18,255,255,255,1.0,1.0,1.0,light
113,19,255,255,255,1.0,1.0,1.0,light
113,20,255,255,255,1.0,1.0,1.0,light
113,21,255,255,255,1.0,1.0,1.0,light
113,22,255,255,255,1.0,1.0,1.0,light
113,23,255,255,255,1.0,1.0,1.0,light
113,24,255,255,255,1.0,1.0,1.0,light
113,25,255,255,255,1.0,1.0,1.0,light
113,26,255,255,255,1.0,1.0,1.0,light
113,27,255,255,255,1.0,1.0,1.0,light
113,28,255,255,255,1.0,1.0,1.0,light
113,29,255,255,255,1.0,1.0,1.0,light
113,30,255,255,255,1.0,1.0,1.0,light
113,31,255,255,255,1.0,1.0,1.0,light
113,32,255,255,255,1.0,1.0,1.0,light
113,33,255,255,255,1.0,1.0,1.0,light
113,34,255,255,255,1.0,1.0,1.0,light
113,35,255,255,255,1.0,1.0,1.0,light
113,36,255,255,255,1.0,1.0,1.0,light
113,37,255,255,255,1.0,1.0,1.0,light
113,38,255,255,255,1.0,1.0,1.0,light
113,39,255,255,255,1.0,1.0,1.0,light
113,40,255,255,255,1.0,1.0,1.0,light
113,41,255,255,255,1.0,1.0,1.0,light
113,42,255,255,255,1.0,1.0,1.0,light
113,43,255,255,255,1.0,1.0,1.0,light
113,44,255,255,255,1.0,1.0,1.0,light
113,45,255,255,255,1.0,1.0,1.0,light
113,46,255,255,255,1.0,1.0,1.0,light
113,47,255,255,255,1.0,1.0,1.0,light
113,48,255,255,255,1.0,1.0,1.0,light
113,49,255,255,255,1.0,1.0,1.0,light
113,50,255,255,255,1.0,1.0,1.0,light
113,51,255,255,255,1.0,1.0,1.0,light
113,52,255,255,255,1.0,1.0,1.0,light
113,53,255,255,255,1.0,1.0,1.0,light
113,54,255,255,255,1.0,1.0,1.0,light
113,55,255,255,255,1.0,1.0,1.0,light
113,56,255,255,255,1.0,1.0,1.0,light
113,57,255,255,255,1.0,1.0,1.0,light
113,58,255,255,255,1.0,1.0,1.0,light
113,59,255,255,255,1.0,1.0,1.0,light
113,60,255,255,255,1.0,1.0,1.0,light
113,61,255,255,255,1.0,1.0,1.0,light
113,62,255,255,255,1.0,1.0,1.0,light
113,63,255,255,255,1.0,1.0,1.0,light
113,64,255,255,255,1.0,1.0,1.0,light
113,65,255,255,255,1.0,1.0,1.0,light
113,66,255,255,255,1.0,1.0,1.0,light
113,67,255,255,255,1.0,1.0,1.0,light
113,68,255,255,255,1.0,1.0,1.0,light
113,69,255,255,255,1.0,1.0,1.0,light
113,70,255,255,255,1.0,1.0,1.0,light
113,71,255,255,255,1.0,1.0,1.0,light
113,72,255,255,255,1.0,1.0,1.0,light
113,73,255,255,255,1.0,1.0,1.0,light
113,74,255,255,255,1.0,1.0,1.0,light
113,75,255,255,255,1.0,1.0,1.0,light
113,76,255,255,255,1.0,1.0,1.0,light
113,77,255,255,255,1.0,1.0,1.0,light
113,78,255,255,255,1.0,1.0,1.0,light
113,79,255,255,255,1.0,1.0,1.0,light
113,80,255,255,255,1.0,1.0,1.0,light
113,81,255,255,255,1.0,1.0,1.0,light
113,82,255,255,255,1.0,1.0,1.0,light
113,83,255,255,255,1.0,1.0,1.0,light
113,84,255,255,255,1.0,1.0,1.0,light
113,85,255,255,255,1.0,1.0,1.0,light
113,86,255,255,255,1.0,1.0,1.0,light
113,87,255,255,255,1.0,1.0,1.0,light
113,88,255,255,255,1.0,1.0,1.0,light
113,89,255,255,255,1.0,1.0,1.0,light
113,90,255,255,255,1.0,1.0,1.0,light
113,91,255,255,255,1.0,1.0,1.0,light
113,92,255,255,255,1.0,1.0,1.0,light
113,93,255,255,255,1.0,1.0,1.0,light
113,94,255,255,255,1.0,1.0,1.0,light
113,95,255,255,255,1.0,1.0,1.0,light
113,96,255,255,255,1.0,1.0,1.0,light
113,97,255,255,255,1.0,1.0,1.0,light
113,98,255,255,255,1.0,1.0,1.0,light
113,99,255,255,255,1.0,1.0,1.0,light
113,100,255,255,255,1.0,1.0,1.0,light
113,101,255,255,255,1.0,1.0,1.0,light
113,102,255,255,255,1.0,1.0,1.0,light
113,103,255,255,255,1.0,1.0,1.0,light
113,104,255,255,255,1.0,1.0,1.0,light
113,105,255,255,255,1.0,1.0,1.0,light
113,106,255,255,255,1.0,1.0,1.0,light
113,107,255,255,255,1.0,1.0,1.0,light
113,108,255,255,255,1.0,1.0,1.0,light
113,109,255,255,255,1.0,1.0,1.0,light
113,110,255,255,255,1.0,1.0,1.0,light
113,111,255,255,255,1.0,1.0,1.0,light
113,112,255,255,255,1.0,1.0,1.0,light
113,113,255,255,255,1.0,1.0,1.0,light
113,114,255,255,255,1.0,1.0,1.0,light
113,115,255,255,255,1.0,1.0,1.0,light
113,116,255,255,255,1.0,1.0,1.0,light
113,117,255,255,255,1.0,1.0,1.0,light
113,118,255,255,255,1.0,1.0,1.0,light
113,119,255,255,255,1.0,1.0,1.0,light
113,120,255,255,255,1.0,1.0,1.0,light
113,121,255,255,255,1.0,1.0,1.0,light
113,122,255,255,255,1.0,1.0,1.0,light
113,123,255,255,255,1.0,1.0,1.0,light
113,124,255,255,255,1.0,1.0,1.0,light
113,125,255,255,255,1.0,1.0,1.0,light
113,126,255,255,255,1.0,1.0,1.0,light
113,127,255,255,255,1.0,1.0,1.0,light
114,0,255,255,255,1.0,1.0,1.0,light
114,1,255,255,255,1.0,1.0,1.0,light
114,2,255,255,255,1.0,1.0,1.0,light
114,3,255,255,255,1.0,1.0,1.0,light
114,4,255,255,255,1.0,1.0,1.0,light
114,5,255,255,255,1.0,1.0,1.0,light
114,6,255,255,255,1.0,1.0,1.0,light
114,7,255,255,255,1.0,1.0,1.0,light
114,8,255,255,255,1.0,1.0,1.0,light
114,9,255,255,255,1.0,1.0,1.0,light
114,10,255,255,255,1.0,1.0,1.0,light
114,11,255,255,255,1.0,1.0,1.0,light
114,12,255,255,255,1.0,1.0,1.0,light
114,13,255,255,255,1.0,1.0,1.0,light
114,14,255,255,255,1.0,1.0,1.0,light
114,15,255,255,255,1.0,1.0,1.0,light
114,16,255,255,255,1.0,1.0,1.0,light
114,17,255,255,255,1.0,1.0,1.0,light
114,18,255,255,255,1.0,1.0,1.0,light
114,19,255,255,255,1.0,1.0,1.0,light
114,20,255,255,255,1.0,1.0,1.0,light
114,21,255,255,255,1.0,1.0,1.0,light
114,22,255,255,255,1.0,1.0,1.0,light
114,23,255,255,255,1.0,1.0,1.0,light
114,24,255,255,255,1.0,1.0,1.0,light
114,25,255,255,255,1.0,1.0,1.0,light
114,26,255,255,255,1.0,1.0,1.0,light
114,27,255,255,255,1.0,1.0,1.0,light
114,28,255,255,255,1.0,1.0,1.0,light
114,29,255,255,255,1.0,1.0,1.0,light
114,30,255,255,255,1.0,1.0,1.0,light
114,31,255,255,255,1.0,1.0,1.0,light
114,32,255,255,255,1.0,1.0,1.0,light
114,33,255,255,255,1.0,1.0,1.0,light
114,34,255,255,255,1.0,1.0,1.0,light
114,35,255,255,255,1.0,1.0,1.0,light
114,36,255,255,255,1.0,1.0,1.0,light
114,37,255,255,255,1.0,1.0,1.0,light
114,38,255,255,255,1.0,1.0,1.0,light
114,39,255,255,255,1.0,1.0,1.0,light
114,40,255,255,255,1.0,1.0,1.0,light
114,41,255,255,255,1.0,1.0,1.0,light
114,42,255,255,255,1.0,1.0,1.0,light
114,43,255,255,255,1.0,1.0,1.0,light
114,44,255,255,255,1.0,1.0,1.0,light
114,45,255,255,255,1.0,1.0,1.0,light
114,46,255,255,255,1.0,1.0,1.0,light
114,47,255,255,255,1.0,1.0,1.0,light
114,48,255,255,255,1.0,1.0,1.0,light
114,49,255,255,255,1.0,1.0,1.0,light
114,50,255,255,255,1.0,1.0,1.0,light
114,51,255,255,255,1.0,1.0,1.0,light
114,52,255,255,255,1.0,1.0,1.0,light
114,53,255,255,255,1.0,1.0,1.0,light
114,54,255,255,255,1.0,1.0,1.0,light
114,55,255,255,255,1.0,1.0,1.0,light
114,56,255,255,255,1.0,1.0,1.0,light
114,57,255,255,255,1.0,1.0,1.0,light
114,58,255,255,255,1.0,1.0,1.0,light
114,59,255,255,255,1.0,1.0,1.0,light
114,60,255,255,255,1.0,1.0,1.0,light
114,61,255,255,255,1.0,1.0,1.0,light
114,62,255,255,255,1.0,1.0,1.0,light
114,63,255,255,255,1.0,1.0,1.0,light
114,64,255,255,255,1.0,1.0,1.0,light
114,65,255,255,255,1.0,1.0,1.0,light
114,66,255,255,255,1.0,1.0,1.0,light
114,67,255,255,255,1.0,1.0,1.0,light
114,68,255,255,255,1.0,1.0,1.0,light
114,69,255,255,255,1.0,1.0,1.0,light
114,70,255,255,255,1.0,1.0,1.0,light
114,71,255,255,255,1.0,1.0,1.0,light
114,72,255,255,255,1.0,1.0,1.0,light
114,73,255,255,255,1.0,1.0,1.0,light
114,74,255,255,255,1.0,1.0,1.0,light
114,75,255,255,255,1.0,1.0,1.0,light
114,76,255,255,255,1.0,1.0,1.0,light
114,77,255,255,255,1.0,1.0,1.0,light
114,78,255,255,255,1.0,1.0,1.0,light
114,79,255,255,255,1.0,1.0,1.0,light
114,80,255,255,255,1.0,1.0,1.0,light
114,81,255,255,255,1.0,1.0,1.0,light
114,82,255,255,255,1.0,1.0,1.0,light
114,83,255,255,255,1.0,1.0,1.0,light
114,84,255,255,255,1.0,1.0,1.0,light
114,85,255,255,255,1.0,1.0,1.0,light
114,86,255,255,255,1.0,1.0,1.0,light
114,87,255,255,255,1.0,1.0,1.0,light
114,88,255,255,255,1.0,1.0,1.0,light
114,89,255,255,255,1.0,1.0,1.0,light
114,90,255,255,255,1.0,1.0,1.0,light
114,91,255,255,255,1.0,1.0,1.0,light
114,92,255,255,255,1.0,1.0,1.0,light
114,93,255,255,255,1.0,1.0,1.0,light
114,94,255,255,255,1.0,1.0,1.0,light
114,95,255,255,255,1.0,1.0,1.0,light
114,96,255,255,255,1.0,1.0,1.0,light
114,97,255,255,255,1.0,1.0,1.0,light
114,98,255,255,255,1.0,1.0,1.0,light
114,99,255,255,255,1.0,1.0,1.0,light
114,100,255,255,255,1.0,1.0,1.0,light
114,101,255,255,255,1.0,1.0,1.0,light
114,102,255,255,255,1.0,1.0,1.0,light
114,103,255,255,255,1.0,1.0,1.0,light
114,104,255,255,255,1.0,1.0,1.0,light
114,105,255,255,255,1.0,1.0,1.0,light
114,106,255,255,255,1.0,1.0,1.0,light
114,107,255,255,255,1.0,1.0,1.0,light
114,108,255,255,255,1.0,1.0,1.0,light
114,109,255,255,255,1.0,1.0,1.0,light
114,110,255,255,255,1.0,1.0,1.0,light
114,111,255,255,255,1.0,1.0,1.0,light
114,112,255,255,255,1.0,1.0,1.0,light
114,113,255,255,255,1.0,1.0,1.0,light
114,114,255,255,255,1.0,1.0,1.0,light
114,115,255,255,255,1.0,1.0,1.0,light
114,116,255,255,255,1.0,1.0,1.0,light
114,117,255,255,255,1.0,1.0,1.0,light
114,118,255,255,255,1.0,1.0,1.0,light
114,119,255,255,255,1.0,1.0,1.0,light
114,120,255,255,255,1.0,1.0,1.0,light
114,121,255,255,255,1.0,1.0,1.0,light
114,122,255,255,255,1.0,1.0,1.0,light
114,123,255,255,255,1.0,1.0,1.0,light
114,124,255,255,255,1.0,1.0,1.0,light
114,125,255,255,255,1.0,1.0,1.0,light
114,126,255,255,255,1.0,1.0,1.0,light
114,127,255,255,255,1.0,1.0,1.0,light
115,0,255,255,255,1.0,1.0,1.0,light
115,1,255,255,255,1.0,1.0,1.0,light
115,2,255,255,255,1.0,1.0,1.0,light
115,3,255,255,255,1.0,1.0,1.0,light
115,4,255,255,255,1.0,1.0,1.0,light
115,5,255,255,255,1.0,1.0,1.0,light
115,6,255,255,255,1.0,1.0,1.0,light
115,7,255,255,255,1.0,1.0,1.0,light
115,8,255,255,255,1.0,1.0,1.0,light
115,9,255,255,255,1.0,1.0,1.0,light
115,10,255,255,255,1.0,1.0,1.0,light
115,11,255,255,255,1.0,1.0,1.0,light
115,12,255,255,255,1.0,1.0,1.0,light
115,13,255,255,255,1.0,1.0,1.0,light
115,14,255,255,255,1.0,1.0,1.0,light
115,15,255,255,255,1.0,1.0,1.0,light
115,16,255,255,255,1.0,1.0,1.0,light
115,17,255,255,255,1.0,1.0,1.0,light
115,18,255,255,255,1.0,1.0,1.0,light
115,19,255,255,255,1.0,1.0,1.0,light
115,20,255,255,255,1.0,1.0,1.0,light
115,21,255,255,255,1.0,1.0,1.0,light
115,22,255,255,255,1.0,1.0,1.0,light
115,23,255,255,255,1.0,1.0,1.0,light
115,24,255,255,255,1.0,1.0,1.0,light
115,25,255,255,255,1.0,1.0,1.0,light
115,26,255,255,255,1.0,1.0,1.0,light
115,27,255,255,255,1.0,1.0,1.0,light
115,28,255,255,255,1.0,1.0,1.0,light
115,29,255,255,255,1.0,1.0,1.0,light
115,30,255,255,255,1.0,1.0,1.0,light
115,31,255,255,255,1.0,1.0,1.0,light
115,32,255,255,255,1.0,1.0,1.0,light
115,33,255,255,255,1.0,1.0,1.0,light
115,34,255,255,255,1.0,1.0,1.0,light
115,35,255,255,255,1.0,1.0,1.0,light
115,36,255,255,255,1.0,1.0,1.0,light
115,37,255,255,255,1.0,1.0,1.0,light
115,38,255,255,255,1.0,1.0,1.0,light
115,39,255,255,255,1.0,1.0,1.0,light
115,40,255,255,255,1.0,1.0,1.0,light
115,41,255,255,255,1.0,1.0,1.0,light
115,42,255,255,255,1.0,1.0,1.0,light
115,43,255,255,255,1.0,1.0,1.0,light
115,44,255,255,255,1.0,1.0,1.0,light
115,45,255,255,255,1.0,1.0,1.0,light
115,46,255,255,255,1.0,1.0,1.0,light
115,47,255,255,255,1.0,1.0,1.0,light
115,48,255,255,255,1.0,1.0,1.0,light
115,49,255,255,255,1.0,1.0,1.0,light
115,50,255,255,255,1.0,1.0,1.0,light
115,51,255,255,255,1.0,1.0,1.0,light
115,52,255,255,255,1.0,1.0,1.0,light
115,53,255,255,255,1.0,1.0,1.0,light
115,54,255,255,255,1.0,1.0,1.0,light
115,55,255,255,255,1.0,1.0,1.0,light
115,56,255,255,255,1.0,1.0,1.0,light
115,57,255,255,255,1.0,1.0,1.0,light
115,58,255,255,255,1.0,1.0,1.0,light
115,59,255,255,255,1.0,1.0,1.0,light
115,60,255,255,255,1.0,1.0,1.0,light
115,61,255,255,255,1.0,1.0,1.0,light
115,62,255,255,255,1.0,1.0,1.0,light
115,63,255,255,255,1.0,1.0,1.0,light
115,64,255,255,255,1.0,1.0,1.0,light
115,65,255,255,255,1.0,1.0,1.0,light
115,66,255,255,255,1.0,1.0,1.0,light
115,67,255,255,255,1.0,1.0,1.0,light
115,68,255,255,255,1.0,1.0,1.0,light
115,69,255,255,255,1.0,1.0,1.0,light
115,70,255,255,255,1.0,1.0,1.0,light
115,71,255,255,255,1.0,1.0,1.0,light
115,72,255,255,255,1.0,1.0,1.0,light
115,73,255,255,255,1.0,1.0,1.0,light
115,74,255,255,255,1.0,1.0,1.0,light
115,75,255,255,255,1.0,1.0,1.0,light
115,76,255,255,255,1.0,1.0,1.0,light
115,77,255,255,255,1.0,1.0,1.0,light
115,78,255,255,255,1.0,1.0,1.0,light
115,79,255,255,255,1.0,1.0,1.0,light
115,80,255,255,255,1.0,1.0,1.0,light
115,81,255,255,255,1.0,1.0,1.0,light
115,82,255,255,255,1.0,1.0,1.0,light
115,83,255,255,255,1.0,1.0,1.0,light
115,84,255,255,255,1.0,1.0,1.0,light
115,85,255,255,255,1.0,1.0,1.0,light
115,86,255,255,255,1.0,1.0,1.0,light
115,87,255,255,255,1.0,1.0,1.0,light
115,88,255,255,255,1.0,1.0,1.0,light
115,89,255,255,255,1.0,1.0,1.0,light
115,90,255,255,255,1.0,1.0,1.0,light
115,91,255,255,255,1.0,1.0,1.0,light
115,92,255,255,255,1.0,1.0,1.0,light
115,93,255,255,255,1.0,1.0,1.0,light
115,94,255,255,255,1.0,1.0,1.0,light
115,95,255,255,255,1.0,1.0,1.0,light
115,96,255,255,255,1.0,1.0,1.0,light
115,97,255,255,255,1.0,1.0,1.0,light
115,98,255,255,255,1.0,1.0,1.0,light
115,99,255,255,255,1.0,1.0,1.0,light
115,100,255,255,255,1.0,1.0,1.0,light
115,101,255,255,255,1.0,1.0,1.0,light
115,102,255,255,255,1.0,1.0,1.0,light
115,103,255,255,255,1.0,1.0,1.0,light
115,104,255,255,255,1.0,1.0,1.0,light
115,105,255,255,255,1.0,1.0,1.0,light
115,106,255,255,255,1.0,1.0,1.0,light
115,107,255,255,255,1.0,1.0,1.0,light
115,108,255,255,255,1.0,1.0,1.0,light
115,109,255,255,255,1.0,1.0,1.0,light
115,110,255,255,255,1.0,1.0,1.0,light
115,111,255,255,255,1.0,1.0,1.0,light
115,112,255,255,255,1.0,1.0,1.0,light
115,113,255,255,255,1.0,1.0,1.0,light
115,114,255,255,255,1.0,1.0,1.0,light
115,115,255,255,255,1.0,1.0,1.0,light
115,116,255,255,255,1.0,1.0,1.0,light
115,117,255,255,255,1.0,1.0,1.0,light
115,118,255,255,255,1.0,1.0,1.0,light
115,119,255,255,255,1.0,1.0,1.0,light
115,120,255,255,255,1.0,1.0,1.0,light
115,121,255,255,255,1.0,1.0,1.0,light
115,122,255,255,255,1.0,1.0,1.0,light
115,123,255,255,255,1.0,1.0,1.0,light
115,124,255,255,255,1.0,1.0,1.0,light
115,125,255,255,255,1.0,1.0,1.0,light
115,126,255,255,255,1.0,1.0,1.0,light
115,127,255,255,255,1.0,1.0,1.0,light
116,0,255,255,255,1.0,1.0,1.0,light
116,1,255,255,255,1.0,1.0,1.0,light
116,2,255,255,255,1.0,1.0,1.0,light
116,3,255,255,255,1.0,1.0,1.0,light
116,4,255,255,255,1.0,1.0,1.0,light
116,5,255,255,255,1.0,1.0,1.0,light
116,6,255,255,255,1.0,1.0,1.0,light
116,7,255,255,255,1.0,1.0,1.0,light
116,8,255,255,255,1.0,1.0,1.0,light
116,9,255,255,255,1.0,1.0,1.0,light
116,10,255,255,255,1.0,1.0,1.0,light
116,11,255,255,255,1.0,1.0,1.0,light
116,12,255,255,255,1.0,1.0,1.0,light
116,13,255,255,255,1.0,1.0,1.0,light
116,14,255,255,255,1.0,1.0,1.0,light
116,15,255,255,255,1.0,1.0,1.0,light
116,16,255,255,255,1.0,1.0,1.0,light
116,17,255,255,255,1.0,1.0,1.0,light
116,18,255,255,255,1.0,1.0,1.0,light
116,19,255,255,255,1.0,1.0,1.0,light
116,20,255,255,255,1.0,1.0,1.0,light
116,21,255,255,255,1.0,1.0,1.0,light
116,22,255,255,255,1.0,1.0,1.0,light
116,23,255,255,255,1.0,1.0,1.0,light
116,24,255,255,255,1.0,1.0,1.0,light
116,25,255,255,255,1.0,1.0,1.0,light
116,26,255,255,255,1.0,1.0,1.0,light
116,27,255,255,255,1.0,1.0,1.0,light
116,28,255,255,255,1.0,1.0,1.0,light
116,29,255,255,255,1.0,1.0,1.0,light
116,30,255,255,255,1.0,1.0,1.0,light
116,31,255,255,255,1.0,1.0,1.0,light
116,32,255,255,255,1.0,1.0,1.0,light
116,33,255,255,255,1.0,1.0,1.0,light
116,34,255,255,255,1.0,1.0,1.0,light
116,35,255,255,255,1.0,1.0,1.0,light
116,36,255,255,255,1.0,1.0,1.0,light
116,37,255,255,255,1.0,1.0,1.0,light
116,38,255,255,255,1.0,1.0,1.0,light
116,39,255,255,255,1.0,1.0,1.0,light
116,40,255,255,255,1.0,1.0,1.0,light
116,41,255,255,255,1.0,1.0,1.0,light
116,42,255,255,255,1.0,1.0,1.0,light
116,43,255,255,255,1.0,1.0,1.0,light
116,44,255,255,255,1.0,1.0,1.0,light
116,45,255,255,255,1.0,1.0,1.0,light
116,46,255,255,255,1.0,1.0,1.0,light
116,47,255,255,255,1.0,1.0,1.0,light
116,48,255,255,255,1.0,1.0,1.0,light
116,49,255,255,255,1.0,1.0,1.0,light
116,50,255,255,255,1.0,1.0,1.0,light
116,51,255,255,255,1.0,1.0,1.0,light
116,52,255,255,255,1.0,1.0,1.0,light
116,53,255,255,255,1.0,1.0,1.0,light
116,54,255,255,255,1.0,1.0,1.0,light
116,55,255,255,255,1.0,1.0,1.0,light
116,56,255,255,255,1.0,1.0,1.0,light
116,57,255,255,255,1.0,1.0,1.0,light
116,58,255,255,255,1.0,1.0,1.0,light
116,59,255,255,255,1.0,1.0,1.0,light
116,60,255,255,255,1.0,1.0,1.0,light
116,61,255,255,255,1.0,1.0,1.0,light
116,62,255,255,255,1.0,1.0,1.0,light
116,63,255,255,255,1.0,1.0,1.0,light
116,64,255,255,255,1.0,1.0,1.0,light
116,65,255,255,255,1.0,1.0,1.0,light
116,66,255,255,255,1.0,1.0,1.0,light
116,67,255,255,255,1.0,1.0,1.0,light
116,68,255,255,255,1.0,1.0,1.0,light
116,69,255,255,255,1.0,1.0,1.0,light
116,70,255,255,255,1.0,1.0,1.0,light
116,71,255,255,255,1.0,1.0,1.0,light
116,72,255,255,255,1.0,1.0,1.0,light
116,73,255,255,255,1.0,1.0,1.0,light
116,74,255,255,255,1.0,1.0,1.0,light
116,75,255,255,255,1.0,1.0,1.0,light
116,76,255,255,255,1.0,1.0,1.0,light
116,77,255,255,255,1.0,1.0,1.0,light
116,78,255,255,255,1.0,1.0,1.0,light
116,79,255,255,255,1.0,1.0,1.0,light
116,80,255,255,255,1.0,1.0,1.0,light
116,81,255,255,255,1.0,1.0,1.0,light
116,82,255,255,255,1.0,1.0,1.0,light
116,83,255,255,255,1.0,1.0,1.0,light
116,84,255,255,255,1.0,1.0,1.0,light
116,85,255,255,255,1.0,1.0,1.0,light
116,86,255,255,255,1.0,1.0,1.0,light
116,87,255,255,255,1.0,1.0,1.0,light
116,88,255,255,255,1.0,1.0,1.0,light
116,89,255,255,255,1.0,1.0,1.0,light
116,90,255,255,255,1.0,1.0,1.0,light
116,91,255,255,255,1.0,1.0,1.0,light
116,92,255,255,255,1.0,1.0,1.0,light
116,93,255,255,255,1.0,1.0,1.0,light
116,94,255,255,255,1.0,1.0,1.0,light
116,95,255,255,255,1.0,1.0,1.0,light
116,96,255,255,255,1.0,1.0,1.0,light
116,97,255,255,255,1.0,1.0,1.0,light
116,98,255,255,255,1.0,1.0,1.0,light
116,99,255,255,255,1.0,1.0,1.0,light
116,100,255,255,255,1.0,1.0,1.0,light
116,101,255,255,255,1.0,1.0,1.0,light
116,102,255,255,255,1.0,1.0,1.0,light
116,103,255,255,255,1.0,1.0,1.0,light
116,104,255,255,255,1.0,1.0,1.0,light
116,105,255,255,255,1.0,1.0,1.0,light
116,106,255,255,255,1.0,1.0,1.0,light
116,107,255,255,255,1.0,1.0,1.0,light
116,108,255,255,255,1.0,1.0,1.0,light
116,109,255,255,255,1.0,1.0,1.0,light
116,110,255,255,255,1.0,1.0,1.0,light
116,111,255,255,255,1.0,1.0,1.0,light
116,112,255,255,255,1.0,1.0,1.0,light
116,113,255,255,255,1.0,1.0,1.0,light
116,114,255,255,255,1.0,1.0,1.0,light
116,115,255,255,255,1.0,1.0,1.0,light
116,116,255,255,255,1.0,1.0,1.0,light
116,117,255,255,255,1.0,1.0,1.0,light
116,118,255,255,255,1.0,1.0,1.0,light
116,119,255,255,255,1.0,1.0,1.0,light
116,120,255,255,255,1.0,1.0,1.0,light
116,121,255,255,255,1.0,1.0,1.0,light
116,122,255,255,255,1.0,1.0,1.0,light
116,123,255,255,255,1.0,1.0,1.0,light
116,124,255,255,255,1.0,1.0,1.0,light
116,125,255,255,255,1.0,1.0,1.0,light
116,126,255,255,255,1.0,1.0,1.0,light
116,127,255,255,255,1.0,1.0,1.0,light
117,0,255,255,255,1.0,1.0,1.0,light
117,1,255,255,255,1.0,1.0,1.0,light
117,2,255,255,255,1.0,1.0,1.0,light
117,3,255,255,255,1.0,1.0,1.0,light
117,4,255,255,255,1.0,1.0,1.0,light
117,5,255,255,255,1.0,1.0,1.0,light
117,6,255,255,255,1.0,1.0,1.0,light
117,7,255,255,255,1.0,1.0,1.0,light
117,8,255,255,255,1.0,1.0,1.0,light
117,9,255,255,255,1.0,1.0,1.0,light
117,10,255,255,255,1.0,1.0,1.0,light
117,11,255,255,255,1.0,1.0,1.0,light
117,12,255,255,255,1.0,1.0,1.0,light
117,13,255,255,255,1.0,1.0,1.0,light
117,14,255,255,255,1.0,1.0,1.0,light
117,15,255,255,255,1.0,1.0,1.0,light
117,16,255,255,255,1.0,1.0,1.0,light
117,17,255,255,255,1.0,1.0,1.0,light
117,18,255,255,255,1.0,1.0,1.0,light
117,19,255,255,255,1.0,1.0,1.0,light
117,20,255,255,255,1.0,1.0,1.0,light
117,21,255,255,255,1.0,1.0,1.0,light
117,22,255,255,255,1.0,1.0,1.0,light
117,23,255,255,255,1.0,1.0,1.0,light
117,24,255,255,255,1.0,1.0,1.0,light
117,25,255,255,255,1.0,1.0,1.0,light
117,26,255,255,255,1.0,1.0,1.0,light
117,27,255,255,255,1.0,1.0,1.0,light
117,28,255,255,255,1.0,1.0,1.0,light
117,29,255,255,255,1.0,1.0,1.0,light
117,30,255,255,255,1.0,1.0,1.0,light
117,31,255,255,255,1.0,1.0,1.0,light
117,32,255,255,255,1.0,1.0,1.0,light
117,33,255,255,255,1.0,1.0,1.0,light
117,34,255,255,255,1.0,1.0,1.0,light
117,35,255,255,255,1.0,1.0,1.0,light
117,36,255,255,255,1.0,1.0,1.0,light
117,37,255,255,255,1.0,1.0,1.0,light
117,38,255,255,255,1.0,1.0,1.0,light
117,39,255,255,255,1.0,1.0,1.0,light
117,40,255,255,255,1.0,1.0,1.0,light
117,41,255,255,255,1.0,1.0,1.0,light
117,42,255,255,255,1.0,1.0,1.0,light
117,43,255,255,255,1.0,1.0,1.0,light
117,44,255,255,255,1.0,1.0,1.0,light
117,45,255,255,255,1.0,1.0,1.0,light
117,46,255,255,255,1.0,1.0,1.0,light
117,47,255,255,255,1.0,1.0,1.0,light
117,48,255,255,255,1.0,1.0,1.0,light
117,49,255,255,255,1.0,1.0,1.0,light
117,50,255,255,255,1.0,1.0,1.0,light
117,51,255,255,255,1.0,1.0,1.0,light
117,52,255,255,255,1.0,1.0,1.0,light
117,53,255,255,255,1.0,1.0,1.0,light
117,54,255,255,255,1.0,1.0,1.0,light
117,55,255,255,255,1.0,1.0,1.0,light
117,56,255,255,255,1.0,1.0,1.0,light
117,57,255,255,255,1.0,1.0,1.0,light
117,58,255,255,255,1.0,1.0,1.0,light
117,59,255,255,255,1.0,1.0,1.0,light
117,60,255,255,255,1.0,1.0,1.0,light
117,61,255,255,255,1.0,1.0,1.0,light
117,62,255,255,255,1.0,1.0,1.0,light
117,63,255,255,255,1.0,1.0,1.0,light
117,64,255,255,255,1.0,1.0,1.0,light
117,65,255,255,255,1.0,1.0,1.0,light
117,66,255,255,255,1.0,1.0,1.0,light
117,67,255,255,255,1.0,1.0,1.0,light
117,68,255,255,255,1.0,1.0,1.0,light
117,69,255,255,255,1.0,1.0,1.0,light
117,70,255,255,255,1.0,1.0,1.0,light
117,71,255,255,255,1.0,1.0,1.0,light
117,72,255,255,255,1.0,1.0,1.0,light
117,73,255,255,255,1.0,1.0,1.0,light
117,74,255,255,255,1.0,1.0,1.0,light
117,75,255,255,255,1.0,1.0,1.0,light
117,76,255,255,255,1.0,1.0,1.0,light
117,77,255,255,255,1.0,1.0,1.0,light
117,78,255,255,255,1.0,1.0,1.0,light
117,79,255,255,255,1.0,1.0,1.0,light
117,80,255,255,255,1.0,1.0,1.0,light
117,81,255,255,255,1.0,1.0,1.0,light
117,82,255,255,255,1.0,1.0,1.0,light
117,83,255,255,255,1.0,1.0,1.0,light
117,84,255,255,255,1.0,1.0,1.0,light
117,85,255,255,255,1.0,1.0,1.0,light
117,86,255,255,255,1.0,1.0,1.0,light
117,87,255,255,255,1.0,1.0,1.0,light
117,88,255,255,255,1.0,1.0,1.0,light
117,89,255,255,255,1.0,1.0,1.0,light
117,90,255,255,255,1.0,1.0,1.0,light
117,91,255,255,255,1.0,1.0,1.0,light
117,92,255,255,255,1.0,1.0,1.0,light
117,93,255,255,255,1.0,1.0,1.0,light
117,94,255,255,255,1.0,1.0,1.0,light
117,95,255,255,255,1.0,1.0,1.0,light
117,96,255,255,255,1.0,1.0,1.0,light
117,97,255,255,255,1.0,1.0,1.0,light
117,98,255,255,255,1.0,1.0,1.0,light
117,99,255,255,255,1.0,1.0,1.0,light
117,100,255,255,255,1.0,1.0,1.0,light
117,101,255,255,255,1.0,1.0,1.0,light
117,102,255,255,255,1.0,1.0,1.0,light
117,103,255,255,255,1.0,1.0,1.0,light
117,104,255,255,255,1.0,1.0,1.0,light
117,105,255,255,255,1.0,1.0,1.0,light
117,106,255,255,255,1.0,1.0,1.0,light
117,107,255,255,255,1.0,1.0,1.0,light
117,108,255,255,255,1.0,1.0,1.0,light
117,109,255,255,255,1.0,1.0,1.0,light
117,110,255,255,255,1.0,1.0,1.0,light
117,111,255,255,255,1.0,1.0,1.0,light
117,112,255,255,255,1.0,1.0,1.0,light
117,113,255,255,255,1.0,1.0,1.0,light
117,114,255,255,255,1.0,1.0,1.0,light
117,115,255,255,255,1.0,1.0,1.0,light
117,116,255,255,255,1.0,1.0,1.0,light
117,117,255,255,255,1.0,1.0,1.0,light
117,118,255,255,255,1.0,1.0,1.0,light
117,119,255,255,255,1.0,1.0,1.0,light
117,120,255,255,255,1.0,1.0,1.0,light
117,121,255,255,255,1.0,1.0,1.0,light
117,122,255,255,255,1.0,1.0,1.0,light
117,123,255,255,255,1.0,1.0,1.0,light
117,124,255,255,255,1.0,1.0,1.0,light
117,125,255,255,255,1.0,1.0,1.0,light
117,126,255,255,255,1.0,1.0,1.0,light
117,127,255,255,255,1.0,1.0,1.0,light
118,0,255,255,255,1.0,1.0,1.0,light
118,1,255,255,255,1.0,1.0,1.0,light
118,2,255,255,255,1.0,1.0,1.0,light
118,3,255,255,255,1.0,1.0,1.0,light
118,4,255,255,255,1.0,1.0,1.0,light
118,5,255,255,255,1.0,1.0,1.0,light
118,6,255,255,255,1.0,1.0,1.0,light
118,7,255,255,255,1.0,1.0,1.0,light
118,8,255,255,255,1.0,1.0,1.0,light
118,9,255,255,255,1.0,1.0,1.0,light
118,10,255,255,255,1.0,1.0,1.0,light
118,11,255,255,255,1.0,1.0,1.0,light
118,12,255,255,255,1.0,1.0,1.0,light
118,13,255,255,255,1.0,1.0,1.0,light
118,14,255,255,255,1.0,1.0,1.0,light
118,15,255,255,255,1.0,1.0,1.0,light
118,16,255,255,255,1.0,1.0,1.0,light
118,17,255,255,255,1.0,1.0,1.0,light
118,18,255,255,255,1.0,1.0,1.0,light
118,19,255,255,255,1.0,1.0,1.0,light
118,20,255,255,255,1.0,1.0,1.0,light
118,21,255,255,255,1.0,1.0,1.0,light
118,22,255,255,255,1.0,1.0,1.0,light
118,23,255,255,255,1.0,1.0,1.0,light
118,24,255,255,255,1.0,1.0,1.0,light
118,25,255,255,255,1.0,1.0,1.0,light
118,26,255,255,255,1.0,1.0,1.0,light
118,27,255,255,255,1.0,1.0,1.0,light
118,28,255,255,255,1.0,1.0,1.0,light
118,29,255,255,255,1.0,1.0,1.0,light
118,30,255,255,255,1.0,1.0,1.0,light
118,31,255,255,255,1.0,1.0,1.0,light
118,32,255,255,255,1.0,1.0,1.0,light
118,33,255,255,255,1.0,1.0,1.0,light
118,34,255,255,255,1.0,1.0,1.0,light
118,35,255,255,255,1.0,1.0,1.0,light
118,36,255,255,255,1.0,1.0,1.0,light
118,37,255,255,255,1.0,1.0,1.0,light
118,38,255,255,255,1.0,1.0,1.0,light
118,39,255,255,255,1.0,1.0,1.0,light
118,40,255,255,255,1.0,1.0,1.0,light
118,41,255,255,255,1.0,1.0,1.0,light
118,42,255,255,255,1.0,1.0,1.0,light
118,43,255,255,255,1.0,1.0,1.0,light
118,44,255,255,255,1.0,1.0,1.0,light
118,45,255,255,255,1.0,1.0,1.0,light
118,46,255,255,255,1.0,1.0,1.0,light
118,47,255,255,255,1.0,1.0,1.0,light
118,48,255,255,255,1.0,1.0,1.0,light
118,49,255,255,255,1.0,1.0,1.0,light
118,50,255,255,255,1.0,1.0,1.0,light
118,51,255,255,255,1.0,1.0,1.0,light
118,52,255,255,255,1.0,1.0,1.0,light
118,53,255,255,255,1.0,1.0,1.0,light
118,54,255,255,255,1.0,1.0,1.0,light
118,55,255,255,255,1.0,1.0,1.0,light
118,56,255,255,255,1.0,1.0,1.0,light
118,57,255,255,255,1.0,1.0,1.0,light
118,58,255,255,255,1.0,1.0,1.0,light
118,59,255,255,255,1.0,1.0,1.0,light
118,60,255,255,255,1.0,1.0,1.0,light
118,61,255,255,255,1.0,1.0,1.0,light
118,62,255,255,255,1.0,1.0,1.0,light
118,63,255,255,255,1.0,1.0,1.0,light
118,64,255,255,255,1.0,1.0,1.0,light
118,65,255,255,255,1.0,1.0,1.0,light
118,66,255,255,255,1.0,1.0,1.0,light
118,67,255,255,255,1.0,1.0,1.0,light
118,68,255,255,255,1.0,1.0,1.0,light
118,69,255,255,255,1.0,1.0,1.0,light
118,70,255,255,255,1.0,1.0,1.0,light
118,71,255,255,255,1.0,1.0,1.0,light
118,72,255,255,255,1.0,1.0,1.0,light
118,73,255,255,255,1.0,1.0,1.0,light
118,74,255,255,255,1.0,1.0,1.0,light
118,75,255,255,255,1.0,1.0,1.0,light
118,76,255,255,255,1.0,1.0,1.0,light
118,77,255,255,255,1.0,1.0,1.0,light
118,78,255,255,255,1.0,1.0,1.0,light
118,79,255,255,255,1.0,1.0,1.0,light
118,80,255,255,255,1.0,1.0,1.0,light
118,81,255,255,255,1.0,1.0,1.0,light
118,82,255,255,255,1.0,1.0,1.0,light
118,83,255,255,255,1.0,1.0,1.0,light
118,84,255,255,255,1.0,1.0,1.0,light
118,85,255,255,255,1.0,1.0,1.0,light
118,86,255,255,255,1.0,1.0,1.0,light
118,87,255,255,255,1.0,1.0,1.0,light
118,88,255,255,255,1.0,1.0,1.0,light
118,89,255,255,255,1.0,1.0,1.0,light
118,90,255,255,255,1.0,1.0,1.0,light
118,91,255,255,255,1.0,1.0,1.0,light
118,92,255,255,255,1.0,1.0,1.0,light
118,93,255,255,255,1.0,1.0,1.0,light
118,94,255,255,255,1.0,1.0,1.0,light
118,95,255,255,255,1.0,1.0,1.0,light
118,96,255,255,255,1.0,1.0,1.0,light
118,97,255,255,255,1.0,1.0,1.0,light
118,98,255,255,255,1.0,1.0,1.0,light
118,99,255,255,255,1.0,1.0,1.0,light
118,100,255,255,255,1.0,1.0,1.0,light
118,101,255,255,255,1.0,1.0,1.0,light
118,102,255,255,255,1.0,1.0,1.0,light
118,103,255,255,255,1.0,1.0,1.0,light
118,104,255,255,255,1.0,1.0,1.0,light
118,105,255,255,255,1.0,1.0,1.0,light
118,106,255,255,255,1.0,1.0,1.0,light
118,107,255,255,255,1.0,1.0,1.0,light
118,108,255,255,255,1.0,1.0,1.0,light
118,109,255,255,255,1.0,1.0,1.0,light
118,110,255,255,255,1.0,1.0,1.0,light
118,111,255,255,255,1.0,1.0,1.0,light
118,112,255,255,255,1.0,1.0,1.0,light
118,113,255,255,255,1.0,1.0,1.0,light
118,114,255,255,255,1.0,1.0,1.0,light
118,115,255,255,255,1.0,1.0,1.0,light
118,116,255,255,255,1.0,1.0,1.0,light
118,117,255,255,255,1.0,1.0,1.0,light
118,118,255,255,255,1.0,1.0,1.0,light
118,119,255,255,255,1.0,1.0,1.0,light
118,120,255,255,255,1.0,1.0,1.0,light
118,121,255,255,255,1.0,1.0,1.0,light
118,122,255,255,255,1.0,1.0,1.0,light
118,123,255,255,255,1.0,1.0,1.0,light
118,124,255,255,255,1.0,1.0,1.0,light
118,125,255,255,255,1.0,1.0,1.0,light
118,126,255,255,255,1.0,1.0,1.0,light
118,127,255,255,255,1.0,1.0,1.0,light
119,0,255,255,255,1.0,1.0,1.0,light
119,1,255,255,255,1.0,1.0,1.0,light
119,2,255,255,255,1.0,1.0,1.0,light
119,3,255,255,255,1.0,1.0,1.0,light
119,4,255,255,255,1.0,1.0,1.0,light
119,5,255,255,255,1.0,1.0,1.0,light
119,6,255,255,255,1.0,1.0,1.0,light
119,7,255,255,255,1.0,1.0,1.0,light
119,8,255,255,255,1.0,1.0,1.0,light
119,9,255,255,255,1.0,1.0,1.0,light
119,10,255,255,255,1.0,1.0,1.0,light
119,11,255,255,255,1.0,1.0,1.0,light
119,12,255,255,255,1.0,1.0,1.0,light
119,13,255,255,255,1.0,1.0,1.0,light
119,14,255,255,255,1.0,1.0,1.0,light
119,15,255,255,255,1.0,1.0,1.0,light
119,16,255,255,255,1.0,1.0,1.0,light
119,17,255,255,255,1.0,1.0,1.0,light
119,18,255,255,255,1.0,1.0,1.0,light
119,19,255,255,255,1.0,1.0,1.0,light
119,20,255,255,255,1.0,1.0,1.0,light
119,21,255,255,255,1.0,1.0,1.0,light
119,22,255,255,255,1.0,1.0,1.0,light
119,23,255,255,255,1.0,1.0,1.0,light
119,24,255,255,255,1.0,1.0,1.0,light
119,25,255,255,255,1.0,1.0,1.0,light
119,26,255,255,255,1.0,1.0,1.0,light
119,27,255,255,255,1.0,1.0,1.0,light
119,28,255,255,255,1.0,1.0,1.0,light
119,29,255,255,255,1.0,1.0,1.0,light
119,30,255,255,255,1.0,1.0,1.0,light
119,31,255,255,255,1.0,1.0,1.0,light
119,32,255,255,255,1.0,1.0,1.0,light
119,33,255,255,255,1.0,1.0,1.0,light
119,34,255,255,255,1.0,1.0,1.0,light
119,35,255,255,255,1.0,1.0,1.0,light
119,36,255,255,255,1.0,1.0,1.0,light
119,37,255,255,255,1.0,1.0,1.0,light
119,38,255,255,255,1.0,1.0,1.0,light
119,39,255,255,255,1.0,1.0,1.0,light
119,40,255,255,255,1.0,1.0,1.0,light
119,41,255,255,255,1.0,1.0,1.0,light
119,42,255,255,255,1.0,1.0,1.0,light
119,43,255,255,255,1.0,1.0,1.0,light
119,44,255,255,255,1.0,1.0,1.0,light
119,45,255,255,255,1.0,1.0,1.0,light
119,46,255,255,255,1.0,1.0,1.0,light
119,47,255,255,255,1.0,1.0,1.0,light
119,48,255,255,255,1.0,1.0,1.0,light
119,49,255,255,255,1.0,1.0,1.0,light
119,50,255,255,255,1.0,1.0,1.0,light
119,51,255,255,255,1.0,1.0,1.0,light
119,52,255,255,255,1.0,1.0,1.0,light
119,53,255,255,255,1.0,1.0,1.0,light
119,54,255,255,255,1.0,1.0,1.0,light
119,55,255,255,255,1.0,1.0,1.0,light
119,56,255,255,255,1.0,1.0,1.0,light
119,57,255,255,255,1.0,1.0,1.0,light
119,58,255,255,255,1.0,1.0,1.0,light
119,59,255,255,255,1.0,1.0,1.0,light
119,60,255,255,255,1.0,1.0,1.0,light
119,61,255,255,255,1.0,1.0,1.0,light
119,62,255,255,255,1.0,1.0,1.0,light
119,63,255,255,255,1.0,1.0,1.0,light
119,64,255,255,255,1.0,1.0,1.0,light
119,65,255,255,255,1.0,1.0,1.0,light
119,66,255,255,255,1.0,1.0,1.0,light
119,67,255,255,255,1.0,1.0,1.0,light
119,68,255,255,255,1.0,1.0,1.0,light
119,69,255,255,255,1.0,1.0,1.0,light
119,70,255,255,255,1.0,1.0,1.0,light
119,71,255,255,255,1.0,1.0,1.0,light
119,72,255,255,255,1.0,1.0,1.0,light
119,73,255,255,255,1.0,1.0,1.0,light
119,74,255,255,255,1.0,1.0,1.0,light
119,75,255,255,255,1.0,1.0,1.0,light
119,76,255,255,255,1.0,1.0,1.0,light
119,77,255,255,255,1.0,1.0,1.0,light
119,78,255,255,255,1.0,1.0,1.0,light
119,79,255,255,255,1.0,1.0,1.0,light
119,80,255,255,255,1.0,1.0,1.0,light
119,81,255,255,255,1.0,1.0,1.0,light
119,82,255,255,255,1.0,1.0,1.0,light
119,83,255,255,255,1.0,1.0,1.0,light
119,84,255,255,255,1.0,1.0,1.0,light
119,85,255,255,255,1.0,1.0,1.0,light
119,86,255,255,255,1.0,1.0,1.0,light
119,87,255,255,255,1.0,1.0,1.0,light
119,88,255,255,255,1.0,1.0,1.0,light
119,89,255,255,255,1.0,1.0,1.0,light
119,90,255,255,255,1.0,1.0,1.0,light
119,91,255,255,255,1.0,1.0,1.0,light
119,92,255,255,255,1.0,1.0,1.0,light
119,93,255,255,255,1.0,1.0,1.0,light
119,94,255,255,255,1.0,1.0,1.0,light
119,95,255,255,255,1.0,1.0,1.0,light
119,96,255,255,255,1.0,1.0,1.0,light
119,97,255,255,255,1.0,1.0,1.0,light
119,98,255,255,255,1.0,1.0,1.0,light
119,99,255,255,255,1.0,1.0,1.0,light
119,100,255,255,255,1.0,1.0,1.0,light
119,101,255,255,255,1.0,1.0,1.0,light
119,102,255,255,255,1.0,1.0,1.0,light
119,103,255,255,255,1.0,1.0,1.0,light
119,104,255,255,255,1.0,1.0,1.0,light
119,105,255,255,255,1.0,1.0,1.0,light
119,106,255,255,255,1.0,1.0,1.0,light
119,107,255,255,255,1.0,1.0,1.0,light
119,108,255,255,255,1.0,1.0,1.0,light
119,109,255,255,255,1.0,1.0,1.0,light
119,110,255,255,255,1.0,1.0,1.0,light
119,111,255,255,255,1.0,1.0,1.0,light
119,112,255,255,255,1.0,1.0,1.0,light
119,113,255,255,255,1.0,1.0,1.0,light
119,114,255,255,255,1.0,1.0,1.0,light
119,115,255,255,255,1.0,1.0,1.0,light
119,116,255,255,255,1.0,1.0,1.0,light
119,117,255,255,255,1.0,1.0,1.0,light
119,118,255,255,255,1.0,1.0,1.0,light
119,119,255,255,255,1.0,1.0,1.0,light
119,120,255,255,255,1.0,1.0,1.0,light
119,121,255,255,255,1.0,1.0,1.0,light
119,122,255,255,255,1.0,1.0,1.0,light
119,123,255,255,255,1.0,1.0,1.0,light
119,124,255,255,255,1.0,1.0,1.0,light
119,125,255,255,255,1.0,1.0,1.0,light
119,126,255,255,255,1.0,1.0,1.0,light
119,127,255,255,255,1.0,1.0,1.0,light
120,0,255,255,255,1.0,1.0,1.0,light
120,1,255,255,255,1.0,1.0,1.0,light
120,2,255,255,255,1.0,1.0,1.0,light
120,3,255,255,255,1.0,1.0,1.0,light
120,4,255,255,255,1.0,1.0,1.0,light
120,5,255,255,255,1.0,1.0,1.0,light
120,6,255,255,255,1.0,1.0,1.0,light
120,7,255,255,255,1.0,1.0,1.0,light
120,8,255,255,255,1.0,1.0,1.0,light
120,9,255,255,255,1.0,1.0,1.0,light
120,10,255,255,255,1.0,1.0,1.0,light
120,11,255,255,255,1.0,1.0,1.0,light
120,12,255,255,255,1.0,1.0,1.0,light
120,13,255,255,255,1.0,1.0,1.0,light
120,14,255,255,255,1.0,1.0,1.0,light
120,15,255,255,255,1.0,1.0,1.0,light
120,16,255,255,255,1.0,1.0,1.0,light
120,17,255,255,255,1.0,1.0,1.0,light
120,18,255,255,255,1.0,1.0,1.0,light
120,19,255,255,255,1.0,1.0,1.0,light
120,20,255,255,255,1.0,1.0,1.0,light
120,21,255,255,255,1.0,1.0,1.0,light
120,22,255,255,255,1.0,1.0,1.0,light
120,23,255,255,255,1.0,1.0,1.0,light
120,24,255,255,255,1.0,1.0,1.0,light
120,25,255,255,255,1.0,1.0,1.0,light
120,26,255,255,255,1.0,1.0,1.0,light
120,27,255,255,255,1.0,1.0,1.0,light
120,28,255,255,255,1.0,1.0,1.0,light
120,29,255,255,255,1.0,1.0,1.0,light
120,30,255,255,255,1.0,1.0,1.0,light
120,31,255,255,255,1.0,1.0,1.0,light
120,32,255,255,255,1.0,1.0,1.0,light
120,33,255,255,255,1.0,1.0,1.0,light
120,34,255,255,255,1.0,1.0,1.0,light
120,35,255,255,255,1.0,1.0,1.0,light
120,36,255,255,255,1.0,1.0,1.0,light
120,37,255,255,255,1.0,1.0,1.0,light
120,38,255,255,255,1.0,1.0,1.0,light
120,39,255,255,255,1.0,1.0,1.0,light
120,40,255,255,255,1.0,1.0,1.0,light
120,41,255,255,255,1.0,1.0,1.0,light
120,42,255,255,255,1.0,1.0,1.0,light
120,43,255,255,255,1.0,1.0,1.0,light
120,44,255,255,255,1.0,1.0,1.0,light
120,45,255,255,255,1.0,1.0,1.0,light
120,46,255,255,255,1.0,1.0,1.0,light
120,47,255,255,255,1.0,1.0,1.0,light
120,48,255,255,255,1.0,1.0,1.0,light
120,49,255,255,255,1.0,1.0,1.0,light
120,50,255,255,255,1.0,1.0,1.0,light
120,51,255,255,255,1.0,1.0,1.0,light
120,52,255,255,255,1.0,1.0,1.0,light
120,53,255,255,255,1.0,1.0,1.0,light
120,54,255,255,255,1.0,1.0,1.0,light
120,55,255,255,255,1.0,1.0,1.0,light
120,56,255,255,255,1.0,1.0,1.0,light
120,57,255,255,255,1.0,1.0,1.0,light
120,58,255,255,255,1.0,1.0,1.0,light
120,59,255,255,255,1.0,1.0,1.0,light
120,60,255,255,255,1.0,1.0,1.0,light
120,61,255,255,255,1.0,1.0,1.0,light
120,62,255,255,255,1.0,1.0,1.0,light
120,63,255,255,255,1.0,1.0,1.0,light
120,64,255,255,255,1.0,1.0,1.0,light
120,65,255,255,255,1.0,1.0,1.0,light
120,66,255,255,255,1.0,1.0,1.0,light
120,67,255,255,255,1.0,1.0,1.0,light
120,68,255,255,255,1.0,1.0,1.0,light
120,69,255,255,255,1.0,1.0,1.0,light
120,70,255,255,255,1.0,1.0,1.0,light
120,71,255,255,255,1.0,1.0,1.0,light
120,72,255,255,255,1.0,1.0,1.0,light
120,73,255,255,255,1.0,1.0,1.0,light
120,74,255,255,255,1.0,1.0,1.0,light
120,75,255,255,255,1.0,1.0,1.0,light
120,76,255,255,255,1.0,1.0,1.0,light
120,77,255,255,255,1.0,1.0,1.0,light
120,78,255,255,255,1.0,1.0,1.0,light
120,79,255,255,255,1.0,1.0,1.0,light
120,80,255,255,255,1.0,1.0,1.0,light
120,81,255,255,255,1.0,1.0,1.0,light
120,82,255,255,255,1.0,1.0,1.0,light
120,83,255,255,255,1.0,1.0,1.0,light
120,84,255,255,255,1.0,1.0,1.0,light
120,85,255,255,255,1.0,1.0,1.0,light
120,86,255,255,255,1.0,1.0,1.0,light
120,87,255,255,255,1.0,1.0,1.0,light
120,88,255,255,255,1.0,1.0,1.0,light
120,89,255,255,255,1.0,1.0,1.0,light
120,90,255,255,255,1.0,1.0,1.0,light
120,91,255,255,255,1.0,1.0,1.0,light
120,92,255,255,255,1.0,1.0,1.0,light
120,93,255,255,255,1.0,1.0,1.0,light
120,94,255,255,255,1.0,1.0,1.0,light
120,95,255,255,255,1.0,1.0,1.0,light
120,96,255,255,255,1.0,1.0,1.0,light
120,97,255,255,255,1.0,1.0,1.0,light
120,98,255,255,255,1.0,1.0,1.0,light
120,99,255,255,255,1.0,1.0,1.0,light
120,100,255,255,255,1.0,1.0,1.0,light
120,101,255,255,255,1.0,1.0,1.0,light
120,102,255,255,255,1.0,1.0,1.0,light
120,103,255,255,255,1.0,1.0,1.0,light
120,104,255,255,255,1.0,1.0,1.0,light
120,105,255,255,255,1.0,1.0,1.0,light
120,106,255,255,255,1.0,1.0,1.0,light
120,107,255,255,255,1.0,1.0,1.0,light
120,108,255,255,255,1.0,1.0,1.0,light
120,109,255,255,255,1.0,1.0,1.0,light
120,110,255,255,255,1.0,1.0,1.0,light
120,111,255,255,255,1.0,1.0,1.0,light
120,112,255,255,255,1.0,1.0,1.0,light
120,113,255,255,255,1.0,1.0,1.0,light
120,114,255,255,255,1.0,1.0,1.0,light
120,115,255,255,255,1.0,1.0,1.0,light
120,116,255,255,255,1.0,1.0,1.0,light
120,117,255,255,255,1.0,1.0,1.0,light
120,118,255,255,255,1.0,1.0,1.0,light
120,119,255,255,255,1.0,1.0,1.0,light
120,120,255,255,255,1.0,1.0,1.0,light
120,121,255,255,255,1.0,1.0,1.0,light
120,122,255,255,255,1.0,1.0,1.0,light
120,123,255,255,255,1.0,1.0,1.0,light
120,124,255,255,255,1.0,1.0,1.0,light
120,125,255,255,255,1.0,1.0,1.0,light
120,126,255,255,255,1.0,1.0,1.0,light
120,127,255,255,255,1.0,1.0,1.0,light
121,0,255,255,255,1.0,1.0,1.0,light
121,1,255,255,255,1.0,1.0,1.0,light
121,2,255,255,255,1.0,1.0,1.0,light
121,3,255,255,255,1.0,1.0,1.0,light
121,4,255,255,255,1.0,1.0,1.0,light
121,5,255,255,255,1.0,1.0,1.0,light
121,6,255,255,255,1.0,1.0,1.0,light
121,7,255,255,255,1.0,1.0,1.0,light
121,8,255,255,255,1.0,1.0,1.0,light
121,9,255,255,255,1.0,1.0,1.0,light
121,10,255,255,255,1.0,1.0,1.0,light
121,11,255,255,255,1.0,1.0,1.0,light
121,12,255,255,255,1.0,1.0,1.0,light
121,13,255,255,255,1.0,1.0,1.0,light
121,14,255,255,255,1.0,1.0,1.0,light
121,15,255,255,255,1.0,1.0,1.0,light
121,16,255,255,255,1.0,1.0,1.0,light
121,17,255,255,255,1.0,1.0,1.0,light
121,18,255,255,255,1.0,1.0,1.0,light
121,19,255,255,255,1.0,1.0,1.0,light
121,20,255,255,255,1.0,1.0,1.0,light
121,21,255,255,255,1.0,1.0,1.0,light
121,22,255,255,255,1.0,1.0,1.0,light
121,23,255,255,255,1.0,1.0,1.0,light
121,24,255,255,255,1.0,1.0,1.0,light
121,25,255,255,255,1.0,1.0,1.0,light
121,26,255,255,255,1.0,1.0,1.0,light
121,27,255,255,255,1.0,1.0,1.0,light
121,28,255,255,255,1.0,1.0,1.0,light
121,29,255,255,255,1.0,1.0,1.0,light
121,30,255,255,255,1.0,1.0,1.0,light
121,31,255,255,255,1.0,1.0,1.0,light
121,32,255,255,255,1.0,1.0,1.0,light
121,33,255,255,255,1.0,1.0,1.0,light
121,34,255,255,255,1.0,1.0,1.0,light
121,35,255,255,255,1.0,1.0,1.0,light
121,36,255,255,255,1.0,1.0,1.0,light
121,37,255,255,255,1.0,1.0,1.0,light
121,38,255,255,255,1.0,1.0,1.0,light
121,39,255,255,255,1.0,1.0,1.0,light
121,40,255,255,255,1.0,1.0,1.0,light
121,41,255,255,255,1.0,1.0,1.0,light
121,42,255,255,255,1.0,1.0,1.0,light
121,43,255,255,255,1.0,1.0,1.0,light
121,44,255,255,255,1.0,1.0,1.0,light
121,45,255,255,255,1.0,1.0,1.0,light
121,46,255,255,255,1.0,1.0,1.0,light
121,47,255,255,255,1.0,1.0,1.0,light
121,48,255,255,255,1.0,1.0,1.0,light
121,49,255,255,255,1.0,1.0,1.0,light
121,50,255,255,255,1.0,1.0,1.0,light
121,51,255,255,255,1.0,1.0,1.0,light
121,52,255,255,255,1.0,1.0,1.0,light
121,53,255,255,255,1.0,1.0,1.0,light
121,54,255,255,255,1.0,1.0,1.0,light
121,55,255,255,255,1.0,1.0,1.0,light
121,56,255,255,255,1.0,1.0,1.0,light
121,57,255,255,255,1.0,1.0,1.0,light
121,58,255,255,255,1.0,1.0,1.0,light
121,59,255,255,255,1.0,1.0,1.0,light
121,60,255,255,255,1.0,1.0,1.0,light
121,61,255,255,255,1.0,1.0,1.0,light
121,62,255,255,255,1.0,1.0,1.0,light
121,63,255,255,255,1.0,1.0,1.0,light
121,64,255,255,255,1.0,1.0,1.0,light
121,65,255,255,255,1.0,1.0,1.0,light
121,66,255,255,255,1.0,1.0,1.0,light
121,67,255,255,255,1.0,1.0,1.0,light
121,68,255,255,255,1.0,1.0,1.0,light
121,69,255,255,255,1.0,1.0,1.0,light
121,70,255,255,255,1.0,1.0,1.0,light
121,71,255,255,255,1.0,1.0,1.0,light
121,72,255,255,255,1.0,1.0,1.0,light
121,73,255,255,255,1.0,1.0,1.0,light
121,74,255,255,255,1.0,1.0,1.0,light
121,75,255,255,255,1.0,1.0,1.0,light
121,76,255,255,255,1.0,1.0,1.0,light
121,77,255,255,255,1.0,1.0,1.0,light
121,78,255,255,255,1.0,1.0,1.0,light
121,79,255,255,255,1.0,1.0,1.0,light
121,80,255,255,255,1.0,1.0,1.0,light
121,81,255,255,255,1.0,1.0,1.0,light
121,82,255,255,255,1.0,1.0,1.0,light
121,83,255,255,255,1.0,1.0,1.0,light
121,84,255,255,255,1.0,1.0,1.0,light
121,85,255,255,255,1.0,1.0,1.0,light
121,86,255,255,255,1.0,1.0,1.0,light
121,87,255,255,255,1.0,1.0,1.0,light
121,88,255,255,255,1.0,1.0,1.0,light
121,89,255,255,255,1.0,1.0,1.0,light
121,90,255,255,255,1.0,1.0,1.0,light
121,91,255,255,255,1.0,1.0,1.0,light
121,92,255,255,255,1.0,1.0,1.0,light
121,93,255,255,255,1.0,1.0,1.0,light
121,94,255,255,255,1.0,1.0,1.0,light
121,95,255,255,255,1.0,1.0,1.0,light
121,96,255,255,255,1.0,1.0,1.0,light
121,97,255,255,255,1.0,1.0,1.0,light
121,98,255,255,255,1.0,1.0,1.0,light
121,99,255,255,255,1.0,1.0,1.0,light
121,100,255,255,255,1.0,1.0,1.0,light
121,101,255,255,255,1.0,1.0,1.0,light
121,102,255,255,255,1.0,1.0,1.0,light
121,103,255,255,255,1.0,1.0,1.0,light
121,104,255,255,255,1.0,1.0,1.0,light
121,105,255,255,255,1.0,1.0,1.0,light
121,106,255,255,255,1.0,1.0,1.0,light
121,107,255,255,255,1.0,1.0,1.0,light
121,108,255,255,255,1.0,1.0,1.0,light
121,109,255,255,255,1.0,1.0,1.0,light
121,110,255,255,255,1.0,1.0,1.0,light
121,111,255,255,255,1.0,1.0,1.0,light
121,112,255,255,255,1.0,1.0,1.0,light
121,113,255,255,255,1.0,1.0,1.0,light
121,114,255,255,255,1.0,1.0,1.0,light
121,115,255,255,255,1.0,1.0,1.0,light
121,116,255,255,255,1.0,1.0,1.0,light
121,117,255,255,255,1.0,1.0,1.0,light
121,118,255,255,255,1.0,1.0,1.0,light
121,119,255,255,255,1.0,1.0,1.0,light
121,120,255,255,255,1.0,1.0,1.0,light
121,121,255,255,255,1.0,1.0,1.0,light
121,122,255,255,255,1.0,1.0,1.0,light
121,123,255,255,255,1.0,1.0,1.0,light
121,124,255,255,255,1.0,1.0,1.0,light
121,125,255,255,255,1.0,1.0,1.0,light
121,126,255,255,255,1.0,1.0,1.0,light
121,127,255,255,255,1.0,1.0,1.0,light
122,0,255,255,255,1.0,1.0,1.0,light
122,1,255,255,255,1.0,1.0,1.0,light
122,2,255,255,255,1.0,1.0,1.0,light
122,3,255,255,255,1.0,1.0,1.0,light
122,4,255,255,255,1.0,1.0,1.0,light
122,5,255,255,255,1.0,1.0,1.0,light
122,6,255,255,255,1.0,1.0,1.0,light
122,7,255,255,255,1.0,1.0,1.0,light
122,8,255,255,255,1.0,1.0,1.0,light
122,9,255,255,255,1.0,1.0,1.0,light
122,10,255,255,255,1.0,1.0,1.0,light
122,11,255,255,255,1.0,1.0,1.0,light
122,12,255,255,255,1.0,1.0,1.0,light
122,13,255,255,255,1.0,1.0,1.0,light
122,14,255,255,255,1.0,1.0,1.0,light
122,15,255,255,255,1.0,1.0,1.0,light
122,16,255,255,255,1.0,1.0,1.0,light
122,17,255,255,255,1.0,1.0,1.0,light
122,18,255,255,255,1.0,1.0,1.0,light
122,19,255,255,255,1.0,1.0,1.0,light
122,20,255,255,255,1.0,1.0,1.0,light
122,21,255,255,255,1.0,1.0,1.0,light
122,22,255,255,255,1.0,1.0,1.0,light
122,23,255,255,255,1.0,1.0,1.0,light
122,24,255,255,255,1.0,1.0,1.0,light
122,25,255,255,255,1.0,1.0,1.0,light
122,26,255,255,255,1.0,1.0,1.0,light
122,27,255,255,255,1.0,1.0,1.0,light
122,28,255,255,255,1.0,1.0,1.0,light
122,29,255,255,255,1.0,1.0,1.0,light
122,30,255,255,255,1.0,1.0,1.0,light
122,31,255,255,255,1.0,1.0,1.0,light
122,32,255,255,255,1.0,1.0,1.0,light
122,33,255,255,255,1.0,1.0,1.0,light
122,34,255,255,255,1.0,1.0,1.0,light
122,35,255,255,255,1.0,1.0,1.0,light
122,36,255,255,255,1.0,1.0,1.0,light
122,37,255,255,255,1.0,1.0,1.0,light
122,38,255,255,255,1.0,1.0,1.0,light
122,39,255,255,255,1.0,1.0,1.0,light
122,40,255,255,255,1.0,1.0,1.0,light
122,41,255,255,255,1.0,1.0,1.0,light
122,42,255,255,255,1.0,1.0,1.0,light
122,43,255,255,255,1.0,1.0,1.0,light
122,44,255,255,255,1.0,1.0,1.0,light
122,45,255,255,255,1.0,1.0,1.0,light
122,46,255,255,255,1.0,1.0,1.0,light
122,47,255,255,255,1.0,1.0,1.0,light
122,48,255,255,255,1.0,1.0,1.0,light
122,49,255,255,255,1.0,1.0,1.0,light
122,50,255,255,255,1.0,1.0,1.0,light
122,51,255,255,255,1.0,1.0,1.0,light
122,52,255,255,255,1.0,1.0,1.0,light
122,53,255,255,255,1.0,1.0,1.0,light
122,54,255,255,255,1.0,1.0,1.0,light
122,55,255,255,255,1.0,1.0,1.0,light
122,56,255,255,255,1.0,1.0,1.0,light
122,57,255,255,255,1.0,1.0,1.0,light
122,58,255,255,255,1.0,1.0,1.0,light
122,59,255,255,255,1.0,1.0,1.0,light
122,60,255,255,255,1.0,1.0,1.0,light
122,61,255,255,255,1.0,1.0,1.0,light
122,62,255,255,255,1.0,1.0,1.0,light
122,63,255,255,255,1.0,1.0,1.0,light
122,64,255,255,255,1.0,1.0,1.0,light
122,65,255,255,255,1.0,1.0,1.0,light
122,66,255,255,255,1.0,1.0,1.0,light
122,67,255,255,255,1.0,1.0,1.0,light
122,68,255,255,255,1.0,1.0,1.0,light
122,69,255,255,255,1.0,1.0,1.0,light
122,70,255,255,255,1.0,1.0,1.0,light
122,71,255,255,255,1.0,1.0,1.0,light
122,72,255,255,255,1.0,1.0,1.0,light
122,73,255,255,255,1.0,1.0,1.0,light
122,74,255,255,255,1.0,1.0,1.0,light
122,75,255,255,255,1.0,1.0,1.0,light
122,76,255,255,255,1.0,1.0,1.0,light
122,77,255,255,255,1.0,1.0,1.0,light
122,78,255,255,255,1.0,1.0,1.0,light
122,79,255,255,255,1.0,1.0,1.0,light
122,80,255,255,255,1.0,1.0,1.0,light
122,81,255,255,255,1.0,1.0,1.0,light
122,82,255,255,255,1.0,1.0,1.0,light
122,83,255,255,255,1.0,1.0,1.0,light
122,84,255,255,255,1.0,1.0,1.0,light
122,85,255,255,255,1.0,1.0,1.0,light
122,86,255,255,255,1.0,1.0,1.0,light
122,87,255,255,255,1.0,1.0,1.0,light
122,88,255,255,255,1.0,1.0,1.0,light
122,89,255,255,255,1.0,1.0,1.0,light
122,90,255,255,255,1.0,1.0,1.0,light
122,91,255,255,255,1.0,1.0,1.0,light
122,92,255,255,255,1.0,1.0,1.0,light
122,93,255,255,255,1.0,1.0,1.0,light
122,94,255,255,255,1.0,1.0,1.0,light
122,95,255,255,255,1.0,1.0,1.0,light
122,96,255,255,255,1.0,1.0,1.0,light
122,97,255,255,255,1.0,1.0,1.0,light
122,98,255,255,255,1.0,1.0,1.0,light
122,99,255,255,255,1.0,1.0,1.0,light
122,100,255,255,255,1.0,1.0,1.0,light
122,101,255,255,255,1.0,1.0,1.0,light
122,102,255,255,255,1.0,1.0,1.0,light
122,103,255,255,255,1.0,1.0,1.0,light
122,104,255,255,255,1.0,1.0,1.0,light
122,105,255,255,255,1.0,1.0,1.0,light
122,106,255,255,255,1.0,1.0,1.0,light
122,107,255,255,255,1.0,1.0,1.0,light
122,108,255,255,255,1.0,1.0,1.0,light
122,109,255,255,255,1.0,1.0,1.0,light
122,110,255,255,255,1.0,1.0,1.0,light
122,111,255,255,255,1.0,1.0,1.0,light
122,112,255,255,255,1.0,1.0,1.0,light
122,113,255,255,255,1.0,1.0,1.0,light
122,114,255,255,255,1.0,1.0,1.0,light
122,115,255,255,255,1.0,1.0,1.0,light
122,116,255,255,255,1.0,1.0,1.0,light
122,117,255,255,255,1.0,1.0,1.0,light
122,118,255,255,255,1.0,1.0,1.0,light
122,119,255,255,255,1.0,1.0,1.0,light
122,120,255,255,255,1.0,1.0,1.0,light
122,121,255,255,255,1.0,1.0,1.0,light
122,122,255,255,255,1.0,1.0,1.0,light
122,123,255,255,255,1.0,1.0,1.0,light
122,124,255,255,255,1.0,1.0,1.0,light
122,125,255,255,255,1.0,1.0,1.0,light
122,126,255,255,255,1.0,1.0,1.0,light
122,127,255,255,255,1.0,1.0,1.0,light
123,0,255,255,255,1.0,1.0,1.0,light
123,1,255,255,255,1.0,1.0,1.0,light
123,2,255,255,255,1.0,1.0,1.0,light
123,3,255,255,255,1.0,1.0,1.0,light
123,4,255,255,255,1.0,1.0,1.0,light
123,5,255,255,255,1.0,1.0,1.0,light
123,6,255,255,255,1.0,1.0,1.0,light
123,7,255,255,255,1.0,1.0,1.0,light
123,8,255,255,255,1.0,1.0,1.0,light
123,9,255,255,255,1.0,1.0,1.0,light
123,10,255,255,255,1.0,1.0,1.0,light
123,11,255,255,255,1.0,1.0,1.0,light
123,12,255,255,255,1.0,1.0,1.0,light
123,13,255,255,255,1.0,1.0,1.0,light
123,14,255,255,255,1.0,1.0,1.0,light
123,15,255,255,255,1.0,1.0,1.0,light
123,16,255,255,255,1.0,1.0,1.0,light
123,17,255,255,255,1.0,1.0,1.0,light
123,18,255,255,255,1.0,1.0,1.0,light
123,19,255,255,255,1.0,1.0,1.0,light
123,20,255,255,255,1.0,1.0,1.0,light
123,21,255,255,255,1.0,1.0,1.0,light
123,22,255,255,255,1.0,1.0,1.0,light
123,23,255,255,255,1.0,1.0,1.0,light
123,24,255,255,255,1.0,1.0,1.0,light
123,25,255,255,255,1.0,1.0,1.0,light
123,26,255,255,255,1.0,1.0,1.0,light
123,27,255,255,255,1.0,1.0,1.0,light
123,28,255,255,255,1.0,1.0,1.0,light
123,29,255,255,255,1.0,1.0,1.0,light
123,30,255,255,255,1.0,1.0,1.0,light
123,31,255,255,255,1.0,1.0,1.0,light
123,32,255,255,255,1.0,1.0,1.0,light
123,33,255,255,255,1.0,1.0,1.0,light
123,34,255,255,255,1.0,1.0,1.0,light
123,35,255,255,255,1.0,1.0,1.0,light
123,36,255,255,255,1.0,1.0,1.0,light
123,37,255,255,255,1.0,1.0,1.0,light
123,38,255,255,255,1.0,1.0,1.0,light
123,39,255,255,255,1.0,1.0,1.0,light
123,40,255,255,255,1.0,1.0,1.0,light
123,41,255,255,255,1.0,1.0,1.0,light
123,42,255,255,255,1.0,1.0,1.0,light
123,43,255,255,255,1.0,1.0,1.0,light
123,44,255,255,255,1.0,1.0,1.0,light
123,45,255,255,255,1.0,1.0,1.0,light
123,46,255,255,255,1.0,1.0,1.0,light
123,47,255,255,255,1.0,1.0,1.0,light
123,48,255,255,255,1.0,1.0,1.0,light
123,49,255,255,255,1.0,1.0,1.0,light
123,50,255,255,255,1.0,1.0,1.0,light
123,51,255,255,255,1.0,1.0,1.0,light
123,52,255,255,255,1.0,1.0,1.0,light
123,53,255,255,255,1.0,1.0,1.0,light
123,54,255,255,255,1.0,1.0,1.0,light
123,55,255,255,255,1.0,1.0,1.0,light
123,56,255,255,255,1.0,1.0,1.0,light
123,57,255,255,255,1.0,1.0,1.0,light
123,58,255,255,255,1.0,1.0,1.0,light
123,59,255,255,255,1.0,1.0,1.0,light
123,60,255,255,255,1.0,1.0,1.0,light
123,61,255,255,255,1.0,1.0,1.0,light
123,62,255,255,255,1.0,1.0,1.0,light
123,63,255,255,255,1.0,1.0,1.0,light
123,64,255,255,255,1.0,1.0,1.0,light
123,65,255,255,255,1.0,1.0,1.0,light
123,66,255,255,255,1.0,1.0,1.0,light
123,67,255,255,255,1.0,1.0,1.0,light
123,68,255,255,255,1.0,1.0,1.0,light
123,69,255,255,255,1.0,1.0,1.0,light
123,70,255,255,255,1.0,1.0,1.0,light
123,71,255,255,255,1.0,1.0,1.0,light
123,72,255,255,255,1.0,1.0,1.0,light
123,73,255,255,255,1.0,1.0,1.0,light
123,74,255,255,255,1.0,1.0,1.0,light
123,75,255,255,255,1.0,1.0,1.0,light
123,76,255,255,255,1.0,1.0,1.0,light
123,77,255,255,255,1.0,1.0,1.0,light
123,78,255,255,255,1.0,1.0,1.0,light
123,79,255,255,255,1.0,1.0,1.0,light
123,80,255,255,255,1.0,1.0,1.0,light
123,81,255,255,255,1.0,1.0,1.0,light
123,82,255,255,255,1.0,1.0,1.0,light
123,83,255,255,255,1.0,1.0,1.0,light
123,84,255,255,255,1.0,1.0,1.0,light
123,85,255,255,255,1.0,1.0,1.0,light
123,86,255,255,255,1.0,1.0,1.0,light
123,87,255,255,255,1.0,1.0,1.0,light
123,88,255,255,255,1.0,1.0,1.0,light
123,89,255,255,255,1.0,1.0,1.0,light
123,90,255,255,255,1.0,1.0,1.0,light
123,91,255,255,255,1.0,1.0,1.0,light
123,92,255,255,255,1.0,1.0,1.0,light
123,93,255,255,255,1.0,1.0,1.0,light
123,94,255,255,255,1.0,1.0,1.0,light
123,95,255,255,255,1.0,1.0,1.0,light
123,96,255,255,255,1.0,1.0,1.0,light
123,97,255,255,255,1.0,1.0,1.0,light
123,98,255,255,255,1.0,1.0,1.0,light
123,99,255,255,255,1.0,1.0,1.0,light
123,100,255,255,255,1.0,1.0,1.0,light
123,101,255,255,255,1.0,1.0,1.0,light
123,102,255,255,255,1.0,1.0,1.0,light
123,103,255,255,255,1.0,1.0,1.0,light
123,104,255,255,255,1.0,1.0,1.0,light
123,105,255,255,255,1.0,1.0,1.0,light
123,106,255,255,255,1.0,1.0,1.0,light
123,107,255,255,255,1.0,1.0,1.0,light
123,108,255,255,255,1.0,1.0,1.0,light
123,109,255,255,255,1.0,1.0,1.0,light
123,110,255,255,255,1.0,1.0,1.0,light
123,111,255,255,255,1.0,1.0,1.0,light
123,112,255,255,255,1.0,1.0,1.0,light
123,113,255,255,255,1.0,1.0,1.0,light
123,114,255,255,255,1.0,1.0,1.0,light
123,115,255,255,255,1.0,1.0,1.0,light
123,116,255,255,255,1.0,1.0,1.0,light
123,117,255,255,255,1.0,1.0,1.0,light
123,118,255,255,255,1.0,1.0,1.0,light
123,119,255,255,255,1.0,1.0,1.0,light
123,120,255,255,255,1.0,1.0,1.0,light
123,121,255,255,255,1.0,1.0,1.0,light
123,122,255,255,255,1.0,1.0,1.0,light
123,123,255,255,255,1.0,1.0,1.0,light
123,124,255,255,255,1.0,1.0,1.0,light
123,125,255,255,255,1.0,1.0,1.0,light
123,126,255,255,255,1.0,1.0,1.0,light
123,127,255,255,255,1.0,1.0,1.0,light
124,0,255,255,255,1.0,1.0,1.0,light
124,1,255,255,255,1.0,1.0,1.0,light
124,2,255,255,255,1.0,1.0,1.0,light
124,3,255,255,255,1.0,1.0,1.0,light
124,4,255,255,255,1.0,1.0,1.0,light
124,5,255,255,255,1.0,1.0,1.0,light
124,6,255,255,255,1.0,1.0,1.0,light
124,7,255,255,255,1.0,1.0,1.0,light
124,8,255,255,255,1.0,1.0,1.0,light
124,9,255,255,255,1.0,1.0,1.0,light
124,10,255,255,255,1.0,1.0,1.0,light
124,11,255,255,255,1.0,1.0,1.0,light
124,12,255,255,255,1.0,1.0,1.0,light
124,13,255,255,255,1.0,1.0,1.0,light
124,14,255,255,255,1.0,1.0,1.0,light
124,15,255,255,255,1.0,1.0,1.0,light
124,16,255,255,255,1.0,1.0,1.0,light
124,17,255,255,255,1.0,1.0,1.0,light
124,18,255,255,255,1.0,1.0,1.0,light
124,19,255,255,255,1.0,1.0,1.0,light
124,20,255,255,255,1.0,1.0,1.0,light
124,21,255,255,255,1.0,1.0,1.0,light
124,22,255,255,255,1.0,1.0,1.0,light
124,23,255,255,255,1.0,1.0,1.0,light
124,24,255,255,255,1.0,1.0,1.0,light
124,25,255,255,255,1.0,1.0,1.0,light
124,26,255,255,255,1.0,1.0,1.0,light
124,27,255,255,255,1.0,1.0,1.0,light
124,28,255,255,255,1.0,1.0,1.0,light
124,29,255,255,255,1.0,1.0,1.0,light
124,30,255,255,255,1.0,1.0,1.0,light
124,31,255,255,255,1.0,1.0,1.0,light
124,32,255,255,255,1.0,1.0,1.0,light
124,33,255,255,255,1.0,1.0,1.0,light
124,34,255,255,255,1.0,1.0,1.0,light
124,35,255,255,255,1.0,1.0,1.0,light
124,36,255,255,255,1.0,1.0,1.0,light
124,37,255,255,255,1.0,1.0,1.0,light
124,38,255,255,255,1.0,1.0,1.0,light
124,39,255,255,255,1.0,1.0,1.0,light
124,40,255,255,255,1.0,1.0,1.0,light
124,41,255,255,255,1.0,1.0,1.0,light
124,42,255,255,255,1.0,1.0,1.0,light
124,43,255,255,255,1.0,1.0,1.0,light
124,44,255,255,255,1.0,1.0,1.0,light
124,45,255,255,255,1.0,1.0,1.0,light
124,46,255,255,255,1.0,1.0,1.0,light
124,47,255,255,255,1.0,1.0,1.0,light
124,48,255,255,255,1.0,1.0,1.0,light
124,49,255,255,255,1.0,1.0,1.0,light
124,50,255,255,255,1.0,1.0,1.0,light
124,51,255,255,255,1.0,1.0,1.0,light
124,52,255,255,255,1.0,1.0,1.0,light
124,53,255,255,255,1.0,1.0,1.0,light
124,54,255,255,255,1.0,1.0,1.0,light
124,55,255,255,255,1.0,1.0,1.0,light
124,56,255,255,255,1.0,1.0,1.0,light
124,57,255,255,255,1.0,1.0,1.0,light
124,58,255,255,255,1.0,1.0,1.0,light
124,59,255,255,255,1.0,1.0,1.0,light
124,60,255,255,255,1.0,1.0,1.0,light
124,61,255,255,255,1.0,1.0,1.0,light
124,62,255,255,255,1.0,1.0,1.0,light
124,63,255,255,255,1.0,1.0,1.0,light
124,64,255,255,255,1.0,1.0,1.0,light
124,65,255,255,255,1.0,1.0,1.0,light
124,66,255,255,255,1.0,1.0,1.0,light
124,67,255,255,255,1.0,1.0,1.0,light
124,68,255,255,255,1.0,1.0,1.0,light
124,69,255,255,255,1.0,1.0,1.0,light
124,70,255,255,255,1.0,1.0,1.0,light
124,71,255,255,255,1.0,1.0,1.0,light
124,72,255,255,255,1.0,1.0,1.0,light
124,73,255,255,255,1.0,1.0,1.0,light
124,74,255,255,255,1.0,1.0,1.0,light
124,75,255,255,255,1.0,1.0,1.0,light
124,76,255,255,255,1.0,1.0,1.0,light
124,77,255,255,255,1.0,1.0,1.0,light
124,78,255,255,255,1.0,1.0,1.0,light
124,79,255,255,255,1.0,1.0,1.0,light
124,80,255,255,255,1.0,1.0,1.0,light
124,81,255,255,255,1.0,1.0,1.0,light
124,82,255,255,255,1.0,1.0,1.0,light
124,83,255,255,255,1.0,1.0,1.0,light
124,84,255,255,255,1.0,1.0,1.0,light
124,85,255,255,255,1.0,1.0,1.0,light
124,86,255,255,255,1.0,1.0,1.0,light
124,87,255,255,255,1.0,1.0,1.0,light
124,88,255,255,255,1.0,1.0,1.0,light
124,89,255,255,255,1.0,1.0,1.0,light
124,90,255,255,255,1.0,1.0,1.0,light
124,91,255,255,255,1.0,1.0,1.0,light
124,92,255,255,255,1.0,1.0,1.0,light
124,93,255,255,255,1.0,1.0,1.0,light
124,94,255,255,255,1.0,1.0,1.0,light
124,95,255,255,255,1.0,1.0,1.0,light
124,96,255,255,255,1.0,1.0,1.0,light
124,97,255,255,255,1.0,1.0,1.0,light
124,98,255,255,255,1.0,1.0,1.0,light
124,99,255,255,255,1.0,1.0,1.0,light
124,100,255,255,255,1.0,1.0,1.0,light
124,101,255,255,255,1.0,1.0,1.0,light
124,102,255,255,255,1.0,1.0,1.0,light
124,103,255,255,255,1.0,1.0,1.0,light
124,104,255,255,255,1.0,1.0,1.0,light
124,105,255,255,255,1.0,1.0,1.0,light
124,106,255,255,255,1.0,1.0,1.0,light
124,107,255,255,255,1.0,1.0,1.0,light
124,108,255,255,255,1.0,1.0,1.0,light
124,109,255,255,255,1.0,1.0,1.0,light
124,110,255,255,255,1.0,1.0,1.0,light
124,111,255,255,255,1.0,1.0,1.0,light
124,112,255,255,255,1.0,1.0,1.0,light
124,113,255,255,255,1.0,1.0,1.0,light
124,114,255,255,255,1.0,1.0,1.0,light
124,115,255,255,255,1.0,1.0,1.0,light
124,116,255,255,255,1.0,1.0,1.0,light
124,117,255,255,255,1.0,1.0,1.0,light
124,118,255,255,255,1.0,1.0,1.0,light
124,119,255,255,255,1.0,1.0,1.0,light
124,120,255,255,255,1.0,1.0,1.0,light
124,121,255,255,255,1.0,1.0,1.0,light
124,122,255,255,255,1.0,1.0,1.0,light
124,123,255,255,255,1.0,1.0,1.0,light
124,124,255,255,255,1.0,1.0,1.0,light
124,125,255,255,255,1.0,1.0,1.0,light
124,126,255,255,255,1.0,1.0,1.0,light
124,127,255,255,255,1.0,1.0,1.0,light
125,0,255,255,255,1.0,1.0,1.0,light
125,1,255,255,255,1.0,1.0,1.0,light
125,2,255,255,255,1.0,1.0,1.0,light
125,3,255,255,255,1.0,1.0,1.0,light
125,4,255,255,255,1.0,1.0,1.0,light
125,5,255,255,255,1.0,1.0,1.0,light
125,6,255,255,255,1.0,1.0,1.0,light
125,7,255,255,255,1.0,1.0,1.0,light
125,8,255,255,255,1.0,1.0,1.0,light
125,9,255,255,255,1.0,1.0,1.0,light
125,10,255,255,255,1.0,1.0,1.0,light
125,11,255,255,255,1.0,1.0,1.0,light
125,12,255,255,255,1.0,1.0,1.0,light
125,13,255,255,255,1.0,1.0,1.0,light
125,14,255,255,255,1.0,1.0,1.0,light
125,15,255,255,255,1.0,1.0,1.0,light
125,16,255,255,255,1.0,1.0,1.0,light
125,17,255,255,255,1.0,1.0,1.0,light
125,18,255,255,255,1.0,1.0,1.0,light
125,19,255,255,255,1.0,1.0,1.0,light
125,20,255,255,255,1.0,1.0,1.0,light
125,21,255,255,255,1.0,1.0,1.0,light
125,22,255,255,255,1.0,1.0,1.0,light
125,23,255,255,255,1.0,1.0,1.0,light
125,24,255,255,255,1.0,1.0,1.0,light
125,25,255,255,255,1.0,1.0,1.0,light
125,26,255,255,255,1.0,1.0,1.0,light
125,27,255,255,255,1.0,1.0,1.0,light
125,28,255,255,255,1.0,1.0,1.0,light
125,29,255,255,255,1.0,1.0,1.0,light
125,30,255,255,255,1.0,1.0,1.0,light
125,31,255,255,255,1.0,1.0,1.0,light
125,32,255,255,255,1.0,1.0,1.0,light
125,33,255,255,255,1.0,1.0,1.0,light
125,34,255,255,255,1.0,1.0,1.0,light
125,35,255,255,255,1.0,1.0,1.0,light
125,36,255,255,255,1.0,1.0,1.0,light
125,37,255,255,255,1.0,1.0,1.0,light
125,38,255,255,255,1.0,1.0,1.0,light
125,39,255,255,255,1.0,1.0,1.0,light
125,40,255,255,255,1.0,1.0,1.0,light
125,41,255,255,255,1.0,1.0,1.0,light
125,42,255,255,255,1.0,1.0,1.0,light
125,43,255,255,255,1.0,1.0,1.0,light
125,44,255,255,255,1.0,1.0,1.0,light
125,45,255,255,255,1.0,1.0,1.0,light
125,46,255,255,255,1.0,1.0,1.0,light
125,47,255,255,255,1.0,1.0,1.0,light
125,48,255,255,255,1.0,1.0,1.0,light
125,49,255,255,255,1.0,1.0,1.0,light
125,50,255,255,255,1.0,1.0,1.0,light
125,51,255,255,255,1.0,1.0,1.0,light
125,52,255,255,255,1.0,1.0,1.0,light
125,53,255,255,255,1.0,1.0,1.0,light
125,54,255,255,255,1.0,1.0,1.0,light
125,55,255,255,255,1.0,1.0,1.0,light
125,56,255,255,255,1.0,1.0,1.0,light
125,57,255,255,255,1.0,1.0,1.0,light
125,58,255,255,255,1.0,1.0,1.0,light
125,59,255,255,255,1.0,1.0,1.0,light
125,60,255,255,255,1.0,1.0,1.0,light
125,61,255,255,255,1.0,1.0,1.0,light
125,62,255,255,255,1.0,1.0,1.0,light
125,63,255,255,255,1.0,1.0,1.0,light
125,64,255,255,255,1.0,1.0,1.0,light
125,65,255,255,255,1.0,1.0,1.0,light
125,66,255,255,255,1.0,1.0,1.0,light
125,67,255,255,255,1.0,1.0,1.0,light
125,68,255,255,255,1.0,1.0,1.0,light
125,69,255,255,255,1.0,1.0,1.0,light
125,70,255,255,255,1.0,1.0,1.0,light
125,71,255,255,255,1.0,1.0,1.0,light
125,72,255,255,255,1.0,1.0,1.0,light
125,73,255,255,255,1.0,1.0,1.0,light
125,74,255,255,255,1.0,1.0,1.0,light
125,75,255,255,255,1.0,1.0,1.0,light
125,76,255,255,255,1.0,1.0,1.0,light
125,77,255,255,255,1.0,1.0,1.0,light
125,78,255,255,255,1.0,1.0,1.0,light
125,79,255,255,255,1.0,1.0,1.0,light
125,80,255,255,255,1.0,1.0,1.0,light
125,81,255,255,255,1.0,1.0,1.0,light
125,82,255,255,255,1.0,1.0,1.0,light
125,83,255,255,255,1.0,1.0,1.0,light
125,84,255,255,255,1.0,1.0,1.0,light
125,85,255,255,255,1.0,1.0,1.0,light
125,86,255,255,255,1.0,1.0,1.0,light
125,87,255,255,255,1.0,1.0,1.0,light
125,88,255,255,255,1.0,1.0,1.0,light
125,89,255,255,255,1.0,1.0,1.0,light
125,90,255,255,255,1.0,1.0,1.0,light
125,91,255,255,255,1.0,1.0,1.0,light
125,92,255,255,255,1.0,1.0,1.0,light
125,93,255,255,255,1.0,1.0,1.0,light
125,94,255,255,255,1.0,1.0,1.0,light
125,95,255,255,255,1.0,1.0,1.0,light
125,96,255,255,255,1.0,1.0,1.0,light
125,97,255,255,255,1.0,1.0,1.0,light
125,98,255,255,255,1.0,1.0,1.0,light
125,99,255,255,255,1.0,1.0,1.0,light
125,100,255,255,255,1.0,1.0,1.0,light
125,101,255,255,255,1.0,1.0,1.0,light
125,102,255,255,255,1.0,1.0,1.0,light
125,103,255,255,255,1.0,1.0,1.0,light
125,104,255,255,255,1.0,1.0,1.0,light
125,105,255,255,255,1.0,1.0,1.0,light
125,106,255,255,255,1.0,1.0,1.0,light
125,107,255,255,255,1.0,1.0,1.0,light
125,108,255,255,255,1.0,1.0,1.0,light
125,109,255,255,255,1.0,1.0,1.0,light
125,110,255,255,255,1.0,1.0,1.0,light
125,111,255,255,255,1.0,1.0,1.0,light
125,112,255,255,255,1.0,1.0,1.0,light
125,113,255,255,255,1.0,1.0,1.0,light
125,114,255,255,255,1.0,1.0,1.0,light
125,115,255,255,255,1.0,1.0,1.0,light
125,116,255,255,255,1.0,1.0,1.0,light
125,117,255,255,255,1.0,1.0,1.0,light
125,118,255,255,255,1.0,1.0,1.0,light
125,119,255,255,255,1.0,1.0,1.0,light
125,120,255,255,255,1.0,1.0,1.0,light
125,121,255,255,255,1.0,1.0,1.0,light
125,122,255,255,255,1.0,1.0,1.0,light
125,123,255,255,255,1.0,1.0,1.0,light
125,124,255,255,255,1.0,1.0,1.0,light
125,125,255,255,255,1.0,1.0,1.0,light
125,126,255,255,255,1.0,1.0,1.0,light
125,127,255,255,255,1.0,1.0,1.0,light
126,0,255,255,255,1.0,1.0,1.0,light
126,1,255,255,255,1.0,1.0,1.0,light
126,2,255,255,255,1.0,1.0,1.0,light
126,3,255,255,255,1.0,1.0,1.0,light
126,4,255,255,255,1.0,1.0,1.0,light
126,5,255,255,255,1.0,1.0,1.0,light
126,6,255,255,255,1.0,1.0,1.0,light
126,7,255,255,255,1.0,1.0,1.0,light
126,8,255,255,255,1.0,1.0,1.0,light
126,9,255,255,255,1.0,1.0,1.0,light
126,10,255,255,255,1.0,1.0,1.0,light
126,11,255,255,255,1.0,1.0,1.0,light
126,12,255,255,255,1.0,1.0,1.0,light
126,13,255,255,255,1.0,1.0,1.0,light
126,14,255,255,255,1.0,1.0,1.0,light
126,15,255,255,255,1.0,1.0,1.0,light
126,16,255,255,255,1.0,1.0,1.0,light
126,17,255,255,255,1.0,1.0,1.0,light
126,18,255,255,255,1.0,1.0,1.0,light
126,19,255,255,255,1.0,1.0,1.0,light
126,20,255,255,255,1.0,1.0,1.0,light
126,21,255,255,255,1.0,1.0,1.0,light
126,22,255,255,255,1.0,1.0,1.0,light
126,23,255,255,255,1.0,1.0,1.0,light
126,24,255,255,255,1.0,1.0,1.0,light
126,25,255,255,255,1.0,1.0,1.0,light
126,26,255,255,255,1.0,1.0,1.0,light
126,27,255,255,255,1.0,1.0,1.0,light
126,28,255,255,255,1.0,1.0,1.0,light
126,29,255,255,255,1.0,1.0,1.0,light
126,30,255,255,255,1.0,1.0,1.0,light
126,31,255,255,255,1.0,1.0,1.0,light
126,32,255,255,255,1.0,1.0,1.0,light
126,33,255,255,255,1.0,1.0,1.0,light
126,34,255,255,255,1.0,1.0,1.0,light
126,35,255,255,255,1.0,1.0,1.0,light
126,36,255,255,255,1.0,1.0,1.0,light
126,37,255,255,255,1.0,1.0,1.0,light
126,38,255,255,255,1.0,1.0,1.0,light
126,39,255,255,255,1.0,1.0,1.0,light
126,40,255,255,255,1.0,1.0,1.0,light
126,41,255,255,255,1.0,1.0,1.0,light
126,42,255,255,255,1.0,1.0,1.0,light
126,43,255,255,255,1.0,1.0,1.0,light
126,44,255,255,255,1.0,1.0,1.0,light
126,45,255,255,255,1.0,1.0,1.0,light
126,46,255,255,255,1.0,1.0,1.0,light
126,47,255,255,255,1.0,1.0,1.0,light
126,48,255,255,255,1.0,1.0,1.0,light
126,49,255,255,255,1.0,1.0,1.0,light
126,50,255,255,255,1.0,1.0,1.0,light
126,51,255,255,255,1.0,1.0,1.0,light
126,52,255,255,255,1.0,1.0,1.0,light
126,53,255,255,255,1.0,1.0,1.0,light
126,54,255,255,255,1.0,1.0,1.0,light
126,55,255,255,255,1.0,1.0,1.0,light
126,56,255,255,255,1.0,1.0,1.0,light
126,57,255,255,255,1.0,1.0,1.0,light
126,58,255,255,255,1.0,1.0,1.0,light
126,59,255,255,255,1.0,1.0,1.0,light
126,60,255,255,255,1.0,1.0,1.0,light
126,61,255,255,255,1.0,1.0,1.0,light
126,62,255,255,255,1.0,1.0,1.0,light
126,63,255,255,255,1.0,1.0,1.0,light
126,64,255,255,255,1.0,1.0,1.0,light
126,65,255,255,255,1.0,1.0,1.0,light
126,66,255,255,255,1.0,1.0,1.0,light
126,67,255,255,255,1.0,1.0,1.0,light
126,68,255,255,255,1.0,1.0,1.0,light
126,69,255,255,255,1.0,1.0,1.0,light
126,70,255,255,255,1.0,1.0,1.0,light
126,71,255,255,255,1.0,1.0,1.0,light
126,72,255,255,255,1.0,1.0,1.0,light
126,73,255,255,255,1.0,1.0,1.0,light
126,74,255,255,255,1.0,1.0,1.0,light
126,75,255,255,255,1.0,1.0,1.0,light
126,76,255,255,255,1.0,1.0,1.0,light
126,77,255,255,255,1.0,1.0,1.0,light
126,78,255,255,255,1.0,1.0,1.0,light
126,79,255,255,255,1.0,1.0,1.0,light
126,80,255,255,255,1.0,1.0,1.0,light
126,81,255,255,255,1.0,1.0,1.0,light
126,82,255,255,255,1.0,1.0,1.0,light
126,83,255,255,255,1.0,1.0,1.0,light
126,84,255,255,255,1.0,1.0,1.0,light
126,85,255,255,255,1.0,1.0,1.0,light
126,86,255,255,255,1.0,1.0,1.0,light
126,87,255,255,255,1.0,1.0,1.0,light
126,88,255,255,255,1.0,1.0,1.0,light
126,89,255,255,255,1.0,1.0,1.0,light
126,90,255,255,255,1.0,1.0,1.0,light
126,91,255,255,255,1.0,1.0,1.0,light
126,92,255,255,255,1.0,1.0,1.0,light
126,93,255,255,255,1.0,1.0,1.0,light
126,94,255,255,255,1.0,1.0,1.0,light
126,95,255,255,255,1.0,1.0,1.0,light
126,96,255,255,255,1.0,1.0,1.0,light
126,97,255,255,255,1.0,1.0,1.0,light
126,98,255,255,255,1.0,1.0,1.0,light
126,99,255,255,255,1.0,1.0,1.0,light
126,100,255,255,255,1.0,1.0,1.0,light
126,101,255,255,255,1.0,1.0,1.0,light
126,102,255,255,255,1.0,1.0,1.0,light
126,103,255,255,255,1.0,1.0,1.0,light
126,104,255,255,255,1.0,1.0,1.0,light
126,105,255,255,255,1.0,1.0,1.0,light
126,106,255,255,255,1.0,1.0,1.0,light
126,107,255,255,255,1.0,1.0,1.0,light
126,108,255,255,255,1.0,1.0,1.0,light
126,109,255,255,255,1.0,1.0,1.0,light
126,110,255,255,255,1.0,1.0,1.0,light
126,111,255,255,255,1.0,1.0,1.0,light
126,112,255,255,255,1.0,1.0,1.0,light
126,113,255,255,255,1.0,1.0,1.0,light
126,114,255,255,255,1.0,1.0,1.0,light
126,115,255,255,255,1.0,1.0,1.0,light
126,116,255,255,255,1.0,1.0,1.0,light
126,117,255,255,255,1.0,1.0,1.0,light
126,118,255,255,255,1.0,1.0,1.0,light
126,119,255,255,255,1.0,1.0,1.0,light
126,120,255,255,255,1.0,1.0,1.0,light
126,121,255,255,255,1.0,1.0,1.0,light
126,122,255,255,255,1.0,1.0,1.0,light
126,123,255,255,255,1.0,1.0,1.0,light
126,124,255,255,255,1.0,1.0,1.0,light
126,125,255,255,255,1.0,1.0,1.0,light
126,126,255,255,255,1.0,1.0,1.0,light
126,127,255,255,255,1.0,1.0,1.0,light
127,0,255,255,255,1.0,1.0,1.0,light
127,1,255,255,255,1.0,1.0,1.0,light
127,2,255,255,255,1.0,1.0,1.0,light
127,3,255,255,255,1.0,1.0,1.0,light
127,4,255,255,255,1.0,1.0,1.0,light
127,5,255,255,255,1.0,1.0,1.0,light
127,6,255,255,255,1.0,1.0,1.0,light
127,7,255,255,255,1.0,1.0,1.0,light
127,8,255,255,255,1.0,1.0,1.0,light
127,9,255,255,255,1.0,1.0,1.0,light
127,10,255,255,255,1.0,1.0,1.0,light
127,11,255,255,255,1.0,1.0,1.0,light
127,12,255,255,255,1.0,1.0,1.0,light
127,13,255,255,255,1.0,1.0,1.0,light
127,14,255,255,255,1.0,1.0,1.0,light
127,15,255,255,255,1.0,1.0,1.0,light
127,16,255,255,255,1.0,1.0,1.0,light
127,17,255,255,255,1.0,1.0,1.0,light
127,18,255,255,255,1.0,1.0,1.0,light
127,19,255,255,255,1.0,1.0,1.0,light
127,20,255,255,255,1.0,1.0,1.0,light
127,21,255,255,255,1.0,1.0,1.0,light
127,22,255,255,255,1.0,1.0,1.0,light
127,23,255,255,255,1.0,1.0,1.0,light
127,24,255,255,255,1.0,1.0,1.0,light
127,25,255,255,255,1.0,1.0,1.0,light
127,26,255,255,255,1.0,1.0,1.0,light
127,27,255,255,255,1.0,1.0,1.0,light
127,28,255,255,255,1.0,1.0,1.0,light
127,29,255,255,255,1.0,1.0,1.0,light
127,30,255,255,255,1.0,1.0,1.0,light
127,31,255,255,255,1.0,1.0,1.0,light
127,32,255,255,255,1.0,1.0,1.0,light
127,33,255,255,255,1.0,1.0,1.0,light
127,34,255,255,255,1.0,1.0,1.0,light
127,35,255,255,255,1.0,1.0,1.0,light
127,36,255,255,255,1.0,1.0,1.0,light
127,37,255,255,255,1.0,1.0,1.0,light
127,38,255,255,255,1.0,1.0,1.0,light
127,39,255,255,255,1.0,1.0,1.0,light
127,40,255,255,255,1.0,1.0,1.0,light
127,41,255,255,255,1.0,1.0,1.0,light
127,42,255,255,255,1.0,1.0,1.0,light
127,43,255,255,255,1.0,1.0,1.0,light
127,44,255,255,255,1.0,1.0,1.0,light
127,45,255,255,255,1.0,1.0,1.0,light
127,46,255,255,255,1.0,1.0,1.0,light
127,47,255,255,255,1.0,1.0,1.0,light
127,48,255,255,255,1.0,1.0,1.0,light
127,49,255,255,255,1.0,1.0,1.0,light
127,50,255,255,255,1.0,1.0,1.0,light
127,51,255,255,255,1.0,1.0,1.0,light
127,52,255,255,255,1.0,1.0,1.0,light
127,53,255,255,255,1.0,1.0,1.0,light
127,54,255,255,255,1.0,1.0,1.0,light
127,55,255,255,255,1.0,1.0,1.0,light
127,56,255,255,255,1.0,1.0,1.0,light
127,57,255,255,255,1.0,1.0,1.0,light
127,58,255,255,255,1.0,1.0,1.0,light
127,59,255,255,255,1.0,1.0,1.0,light
127,60,255,255,255,1.0,1.0,1.0,light
127,61,255,255,255,1.0,1.0,1.0,light
127,62,255,255,255,1.0,1.0,1.0,light
127,63,255,255,255,1.0,1.0,1.0,light
127,64,255,255,255,1.0,1.0,1.0,light
127,65,255,255,255,1.0,1.0,1.0,light
127,66,255,255,255,1.0,1.0,1.0,light
127,67,255,255,255,1.0,1.0,1.0,light
127,68,255,255,255,1.0,1.0,1.0,light
127,69,255,255,255,1.0,1.0,1.0,light
127,70,255,255,255,1.0,1.0,1.0,light
127,71,255,255,255,1.0,1.0,1.0,light
127,72,255,255,255,1.0,1.0,1.0,light
127,73,255,255,255,1.0,1.0,1.0,light
127,74,255,255,255,1.0,1.0,1.0,light
127,75,255,255,255,1.0,1.0,1.0,light
127,76,255,255,255,1.0,1.0,1.0,light
127,77,255,255,255,1.0,1.0,1.0,light
127,78,255,255,255,1.0,1.0,1.0,light
127,79,255,255,255,1.0,1.0,1.0,light
127,80,255,255,255,1.0,1.0,1.0,light
127,81,255,255,255,1.0,1.0,1.0,light
127,82,255,255,255,1.0,1.0,1.0,light
127,83,255,255,255,1.0,1.0,1.0,light
127,84,255,255,255,1.0,1.0,1.0,light
127,85,255,255,255,1.0,1.0,1.0,light
127,86,255,255,255,1.0,1.0,1.0,light
127,87,255,255,255,1.0,1.0,1.0,light
127,88,255,255,255,1.0,1.0,1.0,light
127,89,255,255,255,1.0,1.0,1.0,light
127,90,255,255,255,1.0,1.0,1.0,light
127,91,255,255,255,1.0,1.0,1.0,light
127,92,255,255,255,1.0,1.0,1.0,light
127,93,255,255,255,1.0,1.0,1.0,light
127,94,255,255,255,1.0,1.0,1.0,light
127,95,255,255,255,1.0,1.0,1.0,light
127,96,255,255,255,1.0,1.0,1.0,light
127,97,255,255,255,1.0,1.0,1.0,light
127,98,255,255,255,1.0,1.0,1.0,light
127,99,255,255,255,1.0,1.0,1.0,light
127,100,255,255,255,1.0,1.0,1.0,light
127,101,255,255,255,1.0,1.0,1.0,light
127,102,255,255,255,1.0,1.0,1.0,light
127,103,255,255,255,1.0,1.0,1.0,light
127,104,255,255,255,1.0,1.0,1.0,light
127,105,255,255,255,1.0,1.0,1.0,light
127,106,255,255,255,1.0,1.0,1.0,light
127,107,255,255,255,1.0,1.0,1.0,light
127,108,255,255,255,1.0,1.0,1.0,light
127,109,255,255,255,1.0,1.0,1.0,light
127,110,255,255,255,1.0,1.0,1.0,light
127,111,255,255,255,1.0,1.0,1.0,light
127,112,255,255,255,1.0,1.0,1.0,light
127,113,255,255,255,1.0,1.0,1.0,light
127,114,255,255,255,1.0,1.0,1.0,light
127,115,255,255,255,1.0,1.0,1.0,light
127,116,255,255,255,1.0,1.0,1.0,light
127,117,255,255,255,1.0,1.0,1.0,light
127,118,255,255,255,1.0,1.0,1.0,light
127,119,255,255,255,1.0,1.0,1.0,light
127,120,255,255,255,1.0,1.0,1.0,light
127,121,255,255,255,1.0,1.0,1.0,light
127,122,255,255,255,1.0,1.0,1.0,light
127,123,255,255,255,1.0,1.0,1.0,light
127,124,255,255,255,1.0,1.0,1.0,light
127,125,255,255,255,1.0,1.0,1.0,light
127,126,255,255,255,1.0,1.0,1.0,light
127,127,255,255,255,1.0,1.0,1.0,light
